Using pre-set license
Built from '2021.3/staging' branch; Version is '2021.3.3f1 (af2e63e8f9bd) revision 11480675'; Using compiler version '192829333'; Build Type 'Release'
OS: 'Windows 11  (10.0.26100) 64bit Professional' Language: 'es' Physical Memory: 65276 MB
BatchMode: 1, IsHumanControllingUs: 0, StartBugReporterOnCrash: 0, Is64bit: 1, IsPro: 1

COMMAND LINE ARGUMENTS:
C:\Program Files\Unity\Hub\Editor\2021.3.3f1\Editor\Unity.exe
-adb2
-batchMode
-noUpm
-name
AssetImportWorker2
-projectPath
E:/UNIAT/Unity/MotoresGraficosIII/Parcial_1/TheLastSurvivor
-logFile
Logs/AssetImportWorker2.log
-srvPort
54906
Successfully changed project path to: E:/UNIAT/Unity/MotoresGraficosIII/Parcial_1/TheLastSurvivor
E:/UNIAT/Unity/MotoresGraficosIII/Parcial_1/TheLastSurvivor
[UnityMemory] Configuration Parameters - Can be set up in boot.config
    "memorysetup-bucket-allocator-granularity=16"
    "memorysetup-bucket-allocator-bucket-count=8"
    "memorysetup-bucket-allocator-block-size=33554432"
    "memorysetup-bucket-allocator-block-count=8"
    "memorysetup-main-allocator-block-size=16777216"
    "memorysetup-thread-allocator-block-size=16777216"
    "memorysetup-gfx-main-allocator-block-size=16777216"
    "memorysetup-gfx-thread-allocator-block-size=16777216"
    "memorysetup-cache-allocator-block-size=4194304"
    "memorysetup-typetree-allocator-block-size=2097152"
    "memorysetup-profiler-bucket-allocator-granularity=16"
    "memorysetup-profiler-bucket-allocator-bucket-count=8"
    "memorysetup-profiler-bucket-allocator-block-size=33554432"
    "memorysetup-profiler-bucket-allocator-block-count=8"
    "memorysetup-profiler-allocator-block-size=16777216"
    "memorysetup-profiler-editor-allocator-block-size=1048576"
    "memorysetup-temp-allocator-size-main=16777216"
    "memorysetup-job-temp-allocator-block-size=2097152"
    "memorysetup-job-temp-allocator-block-size-background=1048576"
    "memorysetup-job-temp-allocator-reduction-small-platforms=262144"
    "memorysetup-temp-allocator-size-background-worker=32768"
    "memorysetup-temp-allocator-size-job-worker=262144"
    "memorysetup-temp-allocator-size-preload-manager=33554432"
    "memorysetup-temp-allocator-size-nav-mesh-worker=65536"
    "memorysetup-temp-allocator-size-audio-worker=65536"
    "memorysetup-temp-allocator-size-cloud-worker=32768"
    "memorysetup-temp-allocator-size-gi-baking-worker=262144"
    "memorysetup-temp-allocator-size-gfx=262144"
Refreshing native plugins compatible for Editor in 191.68 ms, found 4 plugins.
Preloading 0 native plugins for Editor in 0.00 ms.
Initialize engine version: 2021.3.3f1 (af2e63e8f9bd)
[Subsystems] Discovering subsystems at path C:/Program Files/Unity/Hub/Editor/2021.3.3f1/Editor/Data/Resources/UnitySubsystems
[Subsystems] Discovering subsystems at path E:/UNIAT/Unity/MotoresGraficosIII/Parcial_1/TheLastSurvivor/Assets
GfxDevice: creating device client; threaded=0; jobified=0
Direct3D:
    Version:  Direct3D 11.0 [level 11.1]
    Renderer: NVIDIA GeForce RTX 4070 Ti (ID=0x2782)
    Vendor:   NVIDIA
    VRAM:     11996 MB
    Driver:   32.0.15.6614
Initialize mono
Mono path[0] = 'C:/Program Files/Unity/Hub/Editor/2021.3.3f1/Editor/Data/Managed'
Mono path[1] = 'C:/Program Files/Unity/Hub/Editor/2021.3.3f1/Editor/Data/MonoBleedingEdge/lib/mono/unityjit-win32'
Mono config path = 'C:/Program Files/Unity/Hub/Editor/2021.3.3f1/Editor/Data/MonoBleedingEdge/etc'
Using monoOptions --debugger-agent=transport=dt_socket,embedding=1,server=y,suspend=n,address=127.0.0.1:56236
Begin MonoManager ReloadAssembly
Registering precompiled unity dll's ...
Register platform support module: C:/Program Files/Unity/Hub/Editor/2021.3.3f1/Editor/Data/PlaybackEngines/WebGLSupport/UnityEditor.WebGL.Extensions.dll
Register platform support module: C:/Program Files/Unity/Hub/Editor/2021.3.3f1/Editor/Data/PlaybackEngines/AndroidPlayer/UnityEditor.Android.Extensions.dll
Register platform support module: C:/Program Files/Unity/Hub/Editor/2021.3.3f1/Editor/Data/PlaybackEngines/iOSSupport/UnityEditor.iOS.Extensions.dll
Register platform support module: C:/Program Files/Unity/Hub/Editor/2021.3.3f1/Editor/Data/PlaybackEngines/WindowsStandaloneSupport/UnityEditor.WindowsStandalone.Extensions.dll
Registered in 0.007260 seconds.
Native extension for WindowsStandalone target not found
[usbmuxd] Start listen thread
[usbmuxd] Listen thread started
Native extension for iOS target not found
Native extension for Android target not found
Native extension for WebGL target not found
Refreshing native plugins compatible for Editor in 165.09 ms, found 4 plugins.
Preloading 0 native plugins for Editor in 0.00 ms.
Mono: successfully reloaded assembly
- Completed reload, in  0.508 seconds
Domain Reload Profiling:
	ReloadAssembly (509ms)
		BeginReloadAssembly (47ms)
			ExecutionOrderSort (0ms)
			DisableScriptedObjects (0ms)
			BackupInstance (0ms)
			ReleaseScriptingObjects (0ms)
			CreateAndSetChildDomain (0ms)
		EndReloadAssembly (392ms)
			LoadAssemblies (46ms)
			RebuildTransferFunctionScriptingTraits (0ms)
			SetupTypeCache (60ms)
			ReleaseScriptCaches (0ms)
			RebuildScriptCaches (15ms)
			SetupLoadedEditorAssemblies (284ms)
				LogAssemblyErrors (0ms)
				InitializePlatformSupportModulesInManaged (41ms)
				SetLoadedEditorAssemblies (0ms)
				RefreshPlugins (165ms)
				BeforeProcessingInitializeOnLoad (1ms)
				ProcessInitializeOnLoadAttributes (52ms)
				ProcessInitializeOnLoadMethodAttributes (26ms)
				AfterProcessingInitializeOnLoad (0ms)
				EditorAssembliesLoaded (0ms)
			ExecutionOrderSort2 (0ms)
			AwakeInstancesAfterBackupRestoration (0ms)
Platform modules already initialized, skipping
Registering precompiled user dll's ...
Registered in 0.004289 seconds.
Android Extension - Scanning For ADB Devices 6023 ms
Begin MonoManager ReloadAssembly
Symbol file LoadedFromMemory doesn't match image E:\UNIAT\Unity\MotoresGraficosIII\Parcial_1\TheLastSurvivor\Library\PackageCache\com.unity.visualscripting@1.7.6\Editor\VisualScripting.Core\Dependencies\DotNetZip\Unity.VisualScripting.IonicZip.dll
Symbol file LoadedFromMemory doesn't match image E:\UNIAT\Unity\MotoresGraficosIII\Parcial_1\TheLastSurvivor\Library\PackageCache\com.unity.visualscripting@1.7.6\Editor\VisualScripting.Core\Dependencies\YamlDotNet\Unity.VisualScripting.YamlDotNet.dll
Native extension for WindowsStandalone target not found
Native extension for iOS target not found
Native extension for Android target not found
Native extension for WebGL target not found
Refreshing native plugins compatible for Editor in 183.35 ms, found 4 plugins.
Preloading 0 native plugins for Editor in 0.00 ms.
Mono: successfully reloaded assembly
Package Manager log level set to [2]
- Completed reload, in  1.717 seconds
Domain Reload Profiling:
	ReloadAssembly (1718ms)
		BeginReloadAssembly (67ms)
			ExecutionOrderSort (0ms)
			DisableScriptedObjects (3ms)
			BackupInstance (0ms)
			ReleaseScriptingObjects (0ms)
			CreateAndSetChildDomain (11ms)
		EndReloadAssembly (1591ms)
			LoadAssemblies (793ms)
			RebuildTransferFunctionScriptingTraits (0ms)
			SetupTypeCache (151ms)
			ReleaseScriptCaches (0ms)
			RebuildScriptCaches (37ms)
			SetupLoadedEditorAssemblies (581ms)
				LogAssemblyErrors (0ms)
				InitializePlatformSupportModulesInManaged (23ms)
				SetLoadedEditorAssemblies (0ms)
				RefreshPlugins (183ms)
				BeforeProcessingInitializeOnLoad (175ms)
				ProcessInitializeOnLoadAttributes (167ms)
				ProcessInitializeOnLoadMethodAttributes (24ms)
				AfterProcessingInitializeOnLoad (8ms)
				EditorAssembliesLoaded (0ms)
			ExecutionOrderSort2 (0ms)
			AwakeInstancesAfterBackupRestoration (4ms)
Platform modules already initialized, skipping
========================================================================
Worker process is ready to serve import requests
Launched and connected shader compiler UnityShaderCompiler.exe after 0.08 seconds
Refreshing native plugins compatible for Editor in 0.71 ms, found 4 plugins.
Preloading 0 native plugins for Editor in 0.00 ms.
Unloading 4720 Unused Serialized files (Serialized files now loaded: 0)
Unloading 76 unused Assets / (227.0 KB). Loaded Objects now: 5145.
Memory consumption went from 176.1 MB to 175.9 MB.
Total: 2.647100 ms (FindLiveObjects: 0.210500 ms CreateObjectMapping: 0.101200 ms MarkObjects: 2.230500 ms  DeleteObjects: 0.104300 ms)

AssetImportParameters requested are different than current active one (requested -> active):
  custom:video-decoder-ogg-theora: a1e56fd34408186e4bbccfd4996cb3dc -> 
  custom:container-muxer-webm: aa71ff27fc2769a1b78a27578f13a17b -> 
  custom:container-demuxer-webm: 4f35f7cbe854078d1ac9338744f61a02 -> 
  custom:video-encoder-webm-vp8: eb34c28f22e8b96e1ab97ce403110664 -> 
  custom:audio-encoder-webm-vorbis: bf7c407c2cedff20999df2af8eb42d56 -> 
  custom:framework-win-MediaFoundation: 216162199b28c13a410421893ffa2e32 -> 
  custom:container-demuxer-ogg: 62fdf1f143b41e24485cea50d1cbac27 -> 
  custom:video-decoder-webm-vp8: 9c59270c3fd7afecdb556c50c9e8de78 -> 
  custom:audio-decoder-ogg-vorbis: bf7c407c2cedff20999df2af8eb42d56 -> 
========================================================================
Received Import Request.
  Time since last request: 35066.238574 seconds.
  path: Assets/_Prefabs/PauseCanvas.prefab
  artifactKey: Guid(1862537fbf6f7914880fb5da56dc6df1) Importer(815301076,1909f56bfc062723c751e8b465ee728b)
Start importing Assets/_Prefabs/PauseCanvas.prefab using Guid(1862537fbf6f7914880fb5da56dc6df1) Importer(815301076,1909f56bfc062723c751e8b465ee728b)  -> (artifact id: '2b1d9db669a21be222545a14252ddff9') in 0.062449 seconds 
========================================================================
Received Import Request.
  Time since last request: 0.039169 seconds.
  path: Assets/_Prefabs/PauseCanvas.prefab
  artifactKey: Guid(1862537fbf6f7914880fb5da56dc6df1) Importer(815301076,1909f56bfc062723c751e8b465ee728b)
Start importing Assets/_Prefabs/PauseCanvas.prefab using Guid(1862537fbf6f7914880fb5da56dc6df1) Importer(815301076,1909f56bfc062723c751e8b465ee728b)  -> (artifact id: '13050fe7fc3ecb5284992202ceee600a') in 0.017163 seconds 
========================================================================
Received Import Request.
  Time since last request: 188.144188 seconds.
  path: Assets/Scenes/Credits.unity
  artifactKey: Guid(994414ca0bb09064186fbd2d30e06b4f) Importer(815301076,1909f56bfc062723c751e8b465ee728b)
Start importing Assets/Scenes/Credits.unity using Guid(994414ca0bb09064186fbd2d30e06b4f) Importer(815301076,1909f56bfc062723c751e8b465ee728b)  -> (artifact id: '21f3469e3421de3976673590dd6639db') in 0.003502 seconds 
========================================================================
Received Prepare
Refreshing native plugins compatible for Editor in 6.17 ms, found 4 plugins.
Preloading 0 native plugins for Editor in 0.00 ms.
Unloading 61 Unused Serialized files (Serialized files now loaded: 0)
Unloading 62 unused Assets / (191.8 KB). Loaded Objects now: 5145.
Memory consumption went from 82.0 MB to 81.8 MB.
Total: 3.706300 ms (FindLiveObjects: 0.232900 ms CreateObjectMapping: 0.121900 ms MarkObjects: 3.228600 ms  DeleteObjects: 0.122300 ms)

AssetImportParameters requested are different than current active one (requested -> active):
  custom:video-decoder-ogg-theora: a1e56fd34408186e4bbccfd4996cb3dc -> 
  custom:container-muxer-webm: aa71ff27fc2769a1b78a27578f13a17b -> 
  custom:container-demuxer-webm: 4f35f7cbe854078d1ac9338744f61a02 -> 
  custom:video-encoder-webm-vp8: eb34c28f22e8b96e1ab97ce403110664 -> 
  custom:audio-encoder-webm-vorbis: bf7c407c2cedff20999df2af8eb42d56 -> 
  custom:framework-win-MediaFoundation: 216162199b28c13a410421893ffa2e32 -> 
  custom:container-demuxer-ogg: 62fdf1f143b41e24485cea50d1cbac27 -> 
  custom:video-decoder-webm-vp8: 9c59270c3fd7afecdb556c50c9e8de78 -> 
  custom:audio-decoder-ogg-vorbis: bf7c407c2cedff20999df2af8eb42d56 -> 
========================================================================
Received Prepare
Refreshing native plugins compatible for Editor in 6.06 ms, found 4 plugins.
Preloading 0 native plugins for Editor in 0.00 ms.
Unloading 61 Unused Serialized files (Serialized files now loaded: 0)
Unloading 61 unused Assets / (191.1 KB). Loaded Objects now: 5145.
Memory consumption went from 82.0 MB to 81.8 MB.
Total: 2.777300 ms (FindLiveObjects: 0.207200 ms CreateObjectMapping: 0.114000 ms MarkObjects: 2.339900 ms  DeleteObjects: 0.115300 ms)

AssetImportParameters requested are different than current active one (requested -> active):
  custom:video-decoder-ogg-theora: a1e56fd34408186e4bbccfd4996cb3dc -> 
  custom:container-muxer-webm: aa71ff27fc2769a1b78a27578f13a17b -> 
  custom:container-demuxer-webm: 4f35f7cbe854078d1ac9338744f61a02 -> 
  custom:video-encoder-webm-vp8: eb34c28f22e8b96e1ab97ce403110664 -> 
  custom:audio-encoder-webm-vorbis: bf7c407c2cedff20999df2af8eb42d56 -> 
  custom:framework-win-MediaFoundation: 216162199b28c13a410421893ffa2e32 -> 
  custom:container-demuxer-ogg: 62fdf1f143b41e24485cea50d1cbac27 -> 
  custom:video-decoder-webm-vp8: 9c59270c3fd7afecdb556c50c9e8de78 -> 
  custom:audio-decoder-ogg-vorbis: bf7c407c2cedff20999df2af8eb42d56 -> 
========================================================================
Received Import Request.
  Time since last request: 494.245853 seconds.
  path: Assets/_Prefabs/PauseCanvas.prefab
  artifactKey: Guid(1862537fbf6f7914880fb5da56dc6df1) Importer(815301076,1909f56bfc062723c751e8b465ee728b)
Start importing Assets/_Prefabs/PauseCanvas.prefab using Guid(1862537fbf6f7914880fb5da56dc6df1) Importer(815301076,1909f56bfc062723c751e8b465ee728b)  -> (artifact id: 'fe550c5c2b1d2a83255bc103b6969186') in 0.019560 seconds 
========================================================================
Received Import Request.
  Time since last request: 0.078752 seconds.
  path: Assets/_Prefabs/PauseCanvas.prefab
  artifactKey: Guid(1862537fbf6f7914880fb5da56dc6df1) Importer(815301076,1909f56bfc062723c751e8b465ee728b)
Start importing Assets/_Prefabs/PauseCanvas.prefab using Guid(1862537fbf6f7914880fb5da56dc6df1) Importer(815301076,1909f56bfc062723c751e8b465ee728b)  -> (artifact id: '07e6b3390275e89d09341dd96a6edc17') in 0.016821 seconds 
========================================================================
Received Import Request.
  Time since last request: 56.054257 seconds.
  path: Assets/Scenes/Game.unity
  artifactKey: Guid(2cda990e2423bbf4892e6590ba056729) Importer(815301076,1909f56bfc062723c751e8b465ee728b)
Start importing Assets/Scenes/Game.unity using Guid(2cda990e2423bbf4892e6590ba056729) Importer(815301076,1909f56bfc062723c751e8b465ee728b)  -> (artifact id: 'dc8ba342ae4e344596cb829b28a8683d') in 0.003405 seconds 
========================================================================
Received Prepare
Refreshing native plugins compatible for Editor in 6.11 ms, found 4 plugins.
Preloading 0 native plugins for Editor in 0.00 ms.
Unloading 61 Unused Serialized files (Serialized files now loaded: 0)
Unloading 62 unused Assets / (192.0 KB). Loaded Objects now: 5145.
Memory consumption went from 82.0 MB to 81.8 MB.
Total: 3.201800 ms (FindLiveObjects: 0.203300 ms CreateObjectMapping: 0.112700 ms MarkObjects: 2.789800 ms  DeleteObjects: 0.095400 ms)

AssetImportParameters requested are different than current active one (requested -> active):
  custom:video-decoder-ogg-theora: a1e56fd34408186e4bbccfd4996cb3dc -> 
  custom:container-muxer-webm: aa71ff27fc2769a1b78a27578f13a17b -> 
  custom:container-demuxer-webm: 4f35f7cbe854078d1ac9338744f61a02 -> 
  custom:video-encoder-webm-vp8: eb34c28f22e8b96e1ab97ce403110664 -> 
  custom:audio-encoder-webm-vorbis: bf7c407c2cedff20999df2af8eb42d56 -> 
  custom:framework-win-MediaFoundation: 216162199b28c13a410421893ffa2e32 -> 
  custom:container-demuxer-ogg: 62fdf1f143b41e24485cea50d1cbac27 -> 
  custom:video-decoder-webm-vp8: 9c59270c3fd7afecdb556c50c9e8de78 -> 
  custom:audio-decoder-ogg-vorbis: bf7c407c2cedff20999df2af8eb42d56 -> 
========================================================================
Received Import Request.
  Time since last request: 140.188139 seconds.
  path: Assets/_Prefabs/PauseCanvas.prefab
  artifactKey: Guid(1862537fbf6f7914880fb5da56dc6df1) Importer(815301076,1909f56bfc062723c751e8b465ee728b)
Start importing Assets/_Prefabs/PauseCanvas.prefab using Guid(1862537fbf6f7914880fb5da56dc6df1) Importer(815301076,1909f56bfc062723c751e8b465ee728b)  -> (artifact id: '9dba07c2074c6d070dadc8e307b8d0c5') in 0.018172 seconds 
========================================================================
Received Import Request.
  Time since last request: 0.102019 seconds.
  path: Assets/_Prefabs/PauseCanvas.prefab
  artifactKey: Guid(1862537fbf6f7914880fb5da56dc6df1) Importer(815301076,1909f56bfc062723c751e8b465ee728b)
Start importing Assets/_Prefabs/PauseCanvas.prefab using Guid(1862537fbf6f7914880fb5da56dc6df1) Importer(815301076,1909f56bfc062723c751e8b465ee728b)  -> (artifact id: '9816f35942ae4c77564e58bc57767fca') in 0.795860 seconds 
========================================================================
Received Import Request.
  Time since last request: 18.758185 seconds.
  path: Assets/Scenes/TutorialMobile.unity
  artifactKey: Guid(418efd214f618fb4aa051607d2be966b) Importer(815301076,1909f56bfc062723c751e8b465ee728b)
Start importing Assets/Scenes/TutorialMobile.unity using Guid(418efd214f618fb4aa051607d2be966b) Importer(815301076,1909f56bfc062723c751e8b465ee728b)  -> (artifact id: '46fecdedd281b03bed254ea624d2383b') in 0.021002 seconds 
========================================================================
Received Import Request.
  Time since last request: 253.289332 seconds.
  path: Assets/Scenes/Credits.unity
  artifactKey: Guid(994414ca0bb09064186fbd2d30e06b4f) Importer(815301076,1909f56bfc062723c751e8b465ee728b)
Start importing Assets/Scenes/Credits.unity using Guid(994414ca0bb09064186fbd2d30e06b4f) Importer(815301076,1909f56bfc062723c751e8b465ee728b)  -> (artifact id: 'a6508ebfe31e4d31b5ca8688c0061fd5') in 0.003171 seconds 
========================================================================
Received Import Request.
  Time since last request: 63.441208 seconds.
  path: Assets/_Sprites/Tiles/Tile_1.asset
  artifactKey: Guid(857726ee77edf864a95b7976cc6b0a0b) Importer(815301076,1909f56bfc062723c751e8b465ee728b)
Start importing Assets/_Sprites/Tiles/Tile_1.asset using Guid(857726ee77edf864a95b7976cc6b0a0b) Importer(815301076,1909f56bfc062723c751e8b465ee728b)  -> (artifact id: '43b4c790084d8aa9f1829648709ac8c4') in 0.023786 seconds 
========================================================================
Received Import Request.
  Time since last request: 14.399776 seconds.
  path: Assets/_Sprites/Tiles/Tile_1.png
  artifactKey: Guid(500246d9bb014da469bfb54fc952f695) Importer(815301076,1909f56bfc062723c751e8b465ee728b)
Start importing Assets/_Sprites/Tiles/Tile_1.png using Guid(500246d9bb014da469bfb54fc952f695) Importer(815301076,1909f56bfc062723c751e8b465ee728b)  -> (artifact id: '2f0b55551c79a3525e324eb03b05c3b9') in 0.045795 seconds 
========================================================================
Received Import Request.
  Time since last request: 22.199294 seconds.
  path: Assets/_Sprites/Tiles/Tile_3.png
  artifactKey: Guid(83bf23317d5ff674d86a5d8a57a25d7b) Importer(815301076,1909f56bfc062723c751e8b465ee728b)
Start importing Assets/_Sprites/Tiles/Tile_3.png using Guid(83bf23317d5ff674d86a5d8a57a25d7b) Importer(815301076,1909f56bfc062723c751e8b465ee728b)  -> (artifact id: '88376a3302c6d551d3dd76faf71f26c0') in 0.012286 seconds 
========================================================================
Received Import Request.
  Time since last request: 10.530526 seconds.
  path: Assets/_Sprites/Tiles/Tile_3.png
  artifactKey: Guid(83bf23317d5ff674d86a5d8a57a25d7b) Importer(815301076,1909f56bfc062723c751e8b465ee728b)
Start importing Assets/_Sprites/Tiles/Tile_3.png using Guid(83bf23317d5ff674d86a5d8a57a25d7b) Importer(815301076,1909f56bfc062723c751e8b465ee728b)  -> (artifact id: '1bbbb18c5daf3f56c79604f0839e07e8') in 0.011761 seconds 
========================================================================
Received Import Request.
  Time since last request: 8.351221 seconds.
  path: Assets/_Sprites/Tiles/Tile_1.png
  artifactKey: Guid(500246d9bb014da469bfb54fc952f695) Importer(815301076,1909f56bfc062723c751e8b465ee728b)
Start importing Assets/_Sprites/Tiles/Tile_1.png using Guid(500246d9bb014da469bfb54fc952f695) Importer(815301076,1909f56bfc062723c751e8b465ee728b)  -> (artifact id: '12e9cfc829821a11fc01d9718cb8d5f8') in 0.012381 seconds 
========================================================================
Received Import Request.
  Time since last request: 35.146806 seconds.
  path: Assets/_Sprites/Player/Player_2.png
  artifactKey: Guid(c7e010e12da018c499d65093efbffa14) Importer(815301076,1909f56bfc062723c751e8b465ee728b)
Start importing Assets/_Sprites/Player/Player_2.png using Guid(c7e010e12da018c499d65093efbffa14) Importer(815301076,1909f56bfc062723c751e8b465ee728b)  -> (artifact id: '03ac77647415f6c0761bba2cc75c6ca1') in 0.017912 seconds 
========================================================================
Received Import Request.
  Time since last request: 21.622514 seconds.
  path: Assets/_Sprites/Player/Player_Idle.png
  artifactKey: Guid(1b63853e402df084199e42e2ec9555b6) Importer(815301076,1909f56bfc062723c751e8b465ee728b)
Start importing Assets/_Sprites/Player/Player_Idle.png using Guid(1b63853e402df084199e42e2ec9555b6) Importer(815301076,1909f56bfc062723c751e8b465ee728b)  -> (artifact id: 'a2728018eace6462154cf1372fb7eddd') in 0.047156 seconds 
========================================================================
Received Import Request.
  Time since last request: 12.684581 seconds.
  path: Assets/_Sprites/Player/Player_Idle.png
  artifactKey: Guid(1b63853e402df084199e42e2ec9555b6) Importer(815301076,1909f56bfc062723c751e8b465ee728b)
Start importing Assets/_Sprites/Player/Player_Idle.png using Guid(1b63853e402df084199e42e2ec9555b6) Importer(815301076,1909f56bfc062723c751e8b465ee728b)  -> (artifact id: '4ebb1f18a6b9e90141b2f78b00a342f6') in 0.041931 seconds 
========================================================================
Received Prepare
Registering precompiled user dll's ...
Registered in 0.004324 seconds.
Begin MonoManager ReloadAssembly
Symbol file LoadedFromMemory doesn't match image E:\UNIAT\Unity\MotoresGraficosIII\Parcial_1\TheLastSurvivor\Library\PackageCache\com.unity.visualscripting@1.7.6\Editor\VisualScripting.Core\Dependencies\DotNetZip\Unity.VisualScripting.IonicZip.dll
Symbol file LoadedFromMemory doesn't match image E:\UNIAT\Unity\MotoresGraficosIII\Parcial_1\TheLastSurvivor\Library\PackageCache\com.unity.visualscripting@1.7.6\Editor\VisualScripting.Core\Dependencies\YamlDotNet\Unity.VisualScripting.YamlDotNet.dll
Native extension for WindowsStandalone target not found
Native extension for iOS target not found
Native extension for Android target not found
Native extension for WebGL target not found
Refreshing native plugins compatible for Editor in 0.66 ms, found 4 plugins.
Preloading 0 native plugins for Editor in 0.00 ms.
Mono: successfully reloaded assembly
- Completed reload, in  0.711 seconds
Domain Reload Profiling:
	ReloadAssembly (711ms)
		BeginReloadAssembly (92ms)
			ExecutionOrderSort (0ms)
			DisableScriptedObjects (4ms)
			BackupInstance (0ms)
			ReleaseScriptingObjects (0ms)
			CreateAndSetChildDomain (27ms)
		EndReloadAssembly (559ms)
			LoadAssemblies (63ms)
			RebuildTransferFunctionScriptingTraits (0ms)
			SetupTypeCache (142ms)
			ReleaseScriptCaches (1ms)
			RebuildScriptCaches (25ms)
			SetupLoadedEditorAssemblies (300ms)
				LogAssemblyErrors (0ms)
				InitializePlatformSupportModulesInManaged (22ms)
				SetLoadedEditorAssemblies (0ms)
				RefreshPlugins (1ms)
				BeforeProcessingInitializeOnLoad (107ms)
				ProcessInitializeOnLoadAttributes (142ms)
				ProcessInitializeOnLoadMethodAttributes (21ms)
				AfterProcessingInitializeOnLoad (7ms)
				EditorAssembliesLoaded (0ms)
			ExecutionOrderSort2 (0ms)
			AwakeInstancesAfterBackupRestoration (5ms)
Platform modules already initialized, skipping
Refreshing native plugins compatible for Editor in 2.30 ms, found 4 plugins.
Preloading 0 native plugins for Editor in 0.00 ms.
Unloading 4701 Unused Serialized files (Serialized files now loaded: 0)
Unloading 62 unused Assets / (194.5 KB). Loaded Objects now: 5157.
Memory consumption went from 178.8 MB to 178.6 MB.
Total: 2.544000 ms (FindLiveObjects: 0.192800 ms CreateObjectMapping: 0.104800 ms MarkObjects: 2.141300 ms  DeleteObjects: 0.104300 ms)

AssetImportParameters requested are different than current active one (requested -> active):
  custom:video-decoder-ogg-theora: a1e56fd34408186e4bbccfd4996cb3dc -> 
  custom:container-muxer-webm: aa71ff27fc2769a1b78a27578f13a17b -> 
  custom:container-demuxer-webm: 4f35f7cbe854078d1ac9338744f61a02 -> 
  custom:video-encoder-webm-vp8: eb34c28f22e8b96e1ab97ce403110664 -> 
  custom:audio-encoder-webm-vorbis: bf7c407c2cedff20999df2af8eb42d56 -> 
  custom:framework-win-MediaFoundation: 216162199b28c13a410421893ffa2e32 -> 
  custom:container-demuxer-ogg: 62fdf1f143b41e24485cea50d1cbac27 -> 
  custom:video-decoder-webm-vp8: 9c59270c3fd7afecdb556c50c9e8de78 -> 
  custom:audio-decoder-ogg-vorbis: bf7c407c2cedff20999df2af8eb42d56 -> 
========================================================================
Received Import Request.
  Time since last request: 71.364376 seconds.
  path: Assets/_Sprites/Player/Player_Idle.png
  artifactKey: Guid(1b63853e402df084199e42e2ec9555b6) Importer(815301076,1909f56bfc062723c751e8b465ee728b)
Start importing Assets/_Sprites/Player/Player_Idle.png using Guid(1b63853e402df084199e42e2ec9555b6) Importer(815301076,1909f56bfc062723c751e8b465ee728b)  -> (artifact id: 'ee04022c4aead5de90983da46a655171') in 0.051880 seconds 
========================================================================
Received Import Request.
  Time since last request: 17.603956 seconds.
  path: Assets/_Sprites/Player/Player_Idle.png
  artifactKey: Guid(1b63853e402df084199e42e2ec9555b6) Importer(815301076,1909f56bfc062723c751e8b465ee728b)
Start importing Assets/_Sprites/Player/Player_Idle.png using Guid(1b63853e402df084199e42e2ec9555b6) Importer(815301076,1909f56bfc062723c751e8b465ee728b)  -> (artifact id: '177c2bb36b83f93fad9c98405800aa8d') in 0.055330 seconds 
========================================================================
Received Import Request.
  Time since last request: 9.625175 seconds.
  path: Assets/_Sprites/Player/Player_Walk_Up.png
  artifactKey: Guid(6a447a3eade25684eadb511bfe7e1478) Importer(815301076,1909f56bfc062723c751e8b465ee728b)
Start importing Assets/_Sprites/Player/Player_Walk_Up.png using Guid(6a447a3eade25684eadb511bfe7e1478) Importer(815301076,1909f56bfc062723c751e8b465ee728b)  -> (artifact id: 'a8177c9b94d35082e71ea87a0e72c19b') in 0.021684 seconds 
========================================================================
Received Import Request.
  Time since last request: 13.832195 seconds.
  path: Assets/_Sprites/Enemies/zombie_1_walk.png
  artifactKey: Guid(eda0f497170c68c488f650240d3f0864) Importer(815301076,1909f56bfc062723c751e8b465ee728b)
Start importing Assets/_Sprites/Enemies/zombie_1_walk.png using Guid(eda0f497170c68c488f650240d3f0864) Importer(815301076,1909f56bfc062723c751e8b465ee728b)  -> (artifact id: '76321d3bfc1b37495d982403919e734a') in 0.027691 seconds 
========================================================================
Received Prepare
Registering precompiled user dll's ...
Registered in 0.004134 seconds.
Begin MonoManager ReloadAssembly
Symbol file LoadedFromMemory doesn't match image E:\UNIAT\Unity\MotoresGraficosIII\Parcial_1\TheLastSurvivor\Library\PackageCache\com.unity.visualscripting@1.7.6\Editor\VisualScripting.Core\Dependencies\DotNetZip\Unity.VisualScripting.IonicZip.dll
Symbol file LoadedFromMemory doesn't match image E:\UNIAT\Unity\MotoresGraficosIII\Parcial_1\TheLastSurvivor\Library\PackageCache\com.unity.visualscripting@1.7.6\Editor\VisualScripting.Core\Dependencies\YamlDotNet\Unity.VisualScripting.YamlDotNet.dll
Native extension for WindowsStandalone target not found
Native extension for iOS target not found
Native extension for Android target not found
Native extension for WebGL target not found
Refreshing native plugins compatible for Editor in 0.77 ms, found 4 plugins.
Preloading 0 native plugins for Editor in 0.00 ms.
Mono: successfully reloaded assembly
- Completed reload, in  0.716 seconds
Domain Reload Profiling:
	ReloadAssembly (716ms)
		BeginReloadAssembly (92ms)
			ExecutionOrderSort (0ms)
			DisableScriptedObjects (4ms)
			BackupInstance (0ms)
			ReleaseScriptingObjects (0ms)
			CreateAndSetChildDomain (26ms)
		EndReloadAssembly (565ms)
			LoadAssemblies (62ms)
			RebuildTransferFunctionScriptingTraits (0ms)
			SetupTypeCache (150ms)
			ReleaseScriptCaches (1ms)
			RebuildScriptCaches (26ms)
			SetupLoadedEditorAssemblies (298ms)
				LogAssemblyErrors (0ms)
				InitializePlatformSupportModulesInManaged (23ms)
				SetLoadedEditorAssemblies (0ms)
				RefreshPlugins (1ms)
				BeforeProcessingInitializeOnLoad (94ms)
				ProcessInitializeOnLoadAttributes (150ms)
				ProcessInitializeOnLoadMethodAttributes (22ms)
				AfterProcessingInitializeOnLoad (7ms)
				EditorAssembliesLoaded (0ms)
			ExecutionOrderSort2 (0ms)
			AwakeInstancesAfterBackupRestoration (6ms)
Platform modules already initialized, skipping
Refreshing native plugins compatible for Editor in 2.39 ms, found 4 plugins.
Preloading 0 native plugins for Editor in 0.00 ms.
Unloading 4701 Unused Serialized files (Serialized files now loaded: 0)
Unloading 61 unused Assets / (194.0 KB). Loaded Objects now: 5162.
Memory consumption went from 178.9 MB to 178.7 MB.
Total: 2.434300 ms (FindLiveObjects: 0.189000 ms CreateObjectMapping: 0.101100 ms MarkObjects: 2.039600 ms  DeleteObjects: 0.103400 ms)

AssetImportParameters requested are different than current active one (requested -> active):
  custom:video-decoder-ogg-theora: a1e56fd34408186e4bbccfd4996cb3dc -> 
  custom:container-muxer-webm: aa71ff27fc2769a1b78a27578f13a17b -> 
  custom:container-demuxer-webm: 4f35f7cbe854078d1ac9338744f61a02 -> 
  custom:video-encoder-webm-vp8: eb34c28f22e8b96e1ab97ce403110664 -> 
  custom:audio-encoder-webm-vorbis: bf7c407c2cedff20999df2af8eb42d56 -> 
  custom:framework-win-MediaFoundation: 216162199b28c13a410421893ffa2e32 -> 
  custom:container-demuxer-ogg: 62fdf1f143b41e24485cea50d1cbac27 -> 
  custom:video-decoder-webm-vp8: 9c59270c3fd7afecdb556c50c9e8de78 -> 
  custom:audio-decoder-ogg-vorbis: bf7c407c2cedff20999df2af8eb42d56 -> 
========================================================================
Received Import Request.
  Time since last request: 57.068966 seconds.
  path: Assets/_Sprites/Enemies/zombie_1_walk.png
  artifactKey: Guid(eda0f497170c68c488f650240d3f0864) Importer(815301076,1909f56bfc062723c751e8b465ee728b)
Start importing Assets/_Sprites/Enemies/zombie_1_walk.png using Guid(eda0f497170c68c488f650240d3f0864) Importer(815301076,1909f56bfc062723c751e8b465ee728b)  -> (artifact id: 'a36d66eed6a7574480449b5cd3eb3d1d') in 0.061315 seconds 
========================================================================
Received Prepare
Registering precompiled user dll's ...
Registered in 0.004351 seconds.
Begin MonoManager ReloadAssembly
Symbol file LoadedFromMemory doesn't match image E:\UNIAT\Unity\MotoresGraficosIII\Parcial_1\TheLastSurvivor\Library\PackageCache\com.unity.visualscripting@1.7.6\Editor\VisualScripting.Core\Dependencies\DotNetZip\Unity.VisualScripting.IonicZip.dll
Symbol file LoadedFromMemory doesn't match image E:\UNIAT\Unity\MotoresGraficosIII\Parcial_1\TheLastSurvivor\Library\PackageCache\com.unity.visualscripting@1.7.6\Editor\VisualScripting.Core\Dependencies\YamlDotNet\Unity.VisualScripting.YamlDotNet.dll
Native extension for WindowsStandalone target not found
Native extension for iOS target not found
Native extension for Android target not found
Native extension for WebGL target not found
Refreshing native plugins compatible for Editor in 0.69 ms, found 4 plugins.
Preloading 0 native plugins for Editor in 0.00 ms.
Mono: successfully reloaded assembly
- Completed reload, in  0.734 seconds
Domain Reload Profiling:
	ReloadAssembly (735ms)
		BeginReloadAssembly (89ms)
			ExecutionOrderSort (0ms)
			DisableScriptedObjects (4ms)
			BackupInstance (0ms)
			ReleaseScriptingObjects (0ms)
			CreateAndSetChildDomain (25ms)
		EndReloadAssembly (586ms)
			LoadAssemblies (63ms)
			RebuildTransferFunctionScriptingTraits (0ms)
			SetupTypeCache (143ms)
			ReleaseScriptCaches (1ms)
			RebuildScriptCaches (29ms)
			SetupLoadedEditorAssemblies (318ms)
				LogAssemblyErrors (0ms)
				InitializePlatformSupportModulesInManaged (22ms)
				SetLoadedEditorAssemblies (0ms)
				RefreshPlugins (1ms)
				BeforeProcessingInitializeOnLoad (108ms)
				ProcessInitializeOnLoadAttributes (153ms)
				ProcessInitializeOnLoadMethodAttributes (26ms)
				AfterProcessingInitializeOnLoad (8ms)
				EditorAssembliesLoaded (0ms)
			ExecutionOrderSort2 (0ms)
			AwakeInstancesAfterBackupRestoration (7ms)
Platform modules already initialized, skipping
Refreshing native plugins compatible for Editor in 2.22 ms, found 4 plugins.
Preloading 0 native plugins for Editor in 0.00 ms.
Unloading 4701 Unused Serialized files (Serialized files now loaded: 0)
Unloading 61 unused Assets / (193.9 KB). Loaded Objects now: 5165.
Memory consumption went from 178.9 MB to 178.7 MB.
Total: 2.657300 ms (FindLiveObjects: 0.225500 ms CreateObjectMapping: 0.115500 ms MarkObjects: 2.197300 ms  DeleteObjects: 0.118100 ms)

AssetImportParameters requested are different than current active one (requested -> active):
  custom:video-decoder-ogg-theora: a1e56fd34408186e4bbccfd4996cb3dc -> 
  custom:container-muxer-webm: aa71ff27fc2769a1b78a27578f13a17b -> 
  custom:container-demuxer-webm: 4f35f7cbe854078d1ac9338744f61a02 -> 
  custom:video-encoder-webm-vp8: eb34c28f22e8b96e1ab97ce403110664 -> 
  custom:audio-encoder-webm-vorbis: bf7c407c2cedff20999df2af8eb42d56 -> 
  custom:framework-win-MediaFoundation: 216162199b28c13a410421893ffa2e32 -> 
  custom:container-demuxer-ogg: 62fdf1f143b41e24485cea50d1cbac27 -> 
  custom:video-decoder-webm-vp8: 9c59270c3fd7afecdb556c50c9e8de78 -> 
  custom:audio-decoder-ogg-vorbis: bf7c407c2cedff20999df2af8eb42d56 -> 
========================================================================
Received Import Request.
  Time since last request: 41.083188 seconds.
  path: Assets/_Sprites/Enemies/zombie_2_walk.png
  artifactKey: Guid(98fd419339634024a923249e19ea44b9) Importer(815301076,1909f56bfc062723c751e8b465ee728b)
Start importing Assets/_Sprites/Enemies/zombie_2_walk.png using Guid(98fd419339634024a923249e19ea44b9) Importer(815301076,1909f56bfc062723c751e8b465ee728b)  -> (artifact id: '2c6e5de497503f0490d6968119f3ba2e') in 0.062958 seconds 
========================================================================
Received Import Request.
  Time since last request: 32.563432 seconds.
  path: Assets/_Sprites/Enemies/zombie_1_walk.png
  artifactKey: Guid(eda0f497170c68c488f650240d3f0864) Importer(815301076,1909f56bfc062723c751e8b465ee728b)
Start importing Assets/_Sprites/Enemies/zombie_1_walk.png using Guid(eda0f497170c68c488f650240d3f0864) Importer(815301076,1909f56bfc062723c751e8b465ee728b)  -> (artifact id: '5c723c49e46e1c260ec58fc2c85546f9') in 0.030908 seconds 
========================================================================
Received Import Request.
  Time since last request: 24.112587 seconds.
  path: Assets/_Sprites/Enemies/zombie_2_walk.png
  artifactKey: Guid(98fd419339634024a923249e19ea44b9) Importer(815301076,1909f56bfc062723c751e8b465ee728b)
Start importing Assets/_Sprites/Enemies/zombie_2_walk.png using Guid(98fd419339634024a923249e19ea44b9) Importer(815301076,1909f56bfc062723c751e8b465ee728b)  -> (artifact id: '77f323c1fb118b6a8d4e909b0d5460df') in 0.025689 seconds 
========================================================================
Received Import Request.
  Time since last request: 5.749727 seconds.
  path: Assets/_Sprites/Enemies/zombie_2_walk.png
  artifactKey: Guid(98fd419339634024a923249e19ea44b9) Importer(815301076,1909f56bfc062723c751e8b465ee728b)
Start importing Assets/_Sprites/Enemies/zombie_2_walk.png using Guid(98fd419339634024a923249e19ea44b9) Importer(815301076,1909f56bfc062723c751e8b465ee728b)  -> (artifact id: '81606a3db0cb196e5355beac52cd83fa') in 0.036285 seconds 
========================================================================
Received Import Request.
  Time since last request: 9.484758 seconds.
  path: Assets/_Sprites/Enemies/zombie_2_walk.png
  artifactKey: Guid(98fd419339634024a923249e19ea44b9) Importer(815301076,1909f56bfc062723c751e8b465ee728b)
Start importing Assets/_Sprites/Enemies/zombie_2_walk.png using Guid(98fd419339634024a923249e19ea44b9) Importer(815301076,1909f56bfc062723c751e8b465ee728b)  -> (artifact id: '45ec3144ff6792cf29657f3c1ea26bcf') in 0.029041 seconds 
========================================================================
Received Import Request.
  Time since last request: 7.126034 seconds.
  path: Assets/_Sprites/Enemies/zombie_2_walk.png
  artifactKey: Guid(98fd419339634024a923249e19ea44b9) Importer(815301076,1909f56bfc062723c751e8b465ee728b)
Start importing Assets/_Sprites/Enemies/zombie_2_walk.png using Guid(98fd419339634024a923249e19ea44b9) Importer(815301076,1909f56bfc062723c751e8b465ee728b)  -> (artifact id: '6c5af70e9ca428dae3fb336c45e9ca16') in 0.027270 seconds 
========================================================================
Received Prepare
Registering precompiled user dll's ...
Registered in 0.003960 seconds.
Begin MonoManager ReloadAssembly
Symbol file LoadedFromMemory doesn't match image E:\UNIAT\Unity\MotoresGraficosIII\Parcial_1\TheLastSurvivor\Library\PackageCache\com.unity.visualscripting@1.7.6\Editor\VisualScripting.Core\Dependencies\DotNetZip\Unity.VisualScripting.IonicZip.dll
Symbol file LoadedFromMemory doesn't match image E:\UNIAT\Unity\MotoresGraficosIII\Parcial_1\TheLastSurvivor\Library\PackageCache\com.unity.visualscripting@1.7.6\Editor\VisualScripting.Core\Dependencies\YamlDotNet\Unity.VisualScripting.YamlDotNet.dll
Native extension for WindowsStandalone target not found
Native extension for iOS target not found
Native extension for Android target not found
Native extension for WebGL target not found
Refreshing native plugins compatible for Editor in 0.65 ms, found 4 plugins.
Preloading 0 native plugins for Editor in 0.00 ms.
Mono: successfully reloaded assembly
- Completed reload, in  0.704 seconds
Domain Reload Profiling:
	ReloadAssembly (704ms)
		BeginReloadAssembly (90ms)
			ExecutionOrderSort (0ms)
			DisableScriptedObjects (4ms)
			BackupInstance (0ms)
			ReleaseScriptingObjects (0ms)
			CreateAndSetChildDomain (24ms)
		EndReloadAssembly (556ms)
			LoadAssemblies (62ms)
			RebuildTransferFunctionScriptingTraits (0ms)
			SetupTypeCache (142ms)
			ReleaseScriptCaches (1ms)
			RebuildScriptCaches (28ms)
			SetupLoadedEditorAssemblies (296ms)
				LogAssemblyErrors (0ms)
				InitializePlatformSupportModulesInManaged (21ms)
				SetLoadedEditorAssemblies (0ms)
				RefreshPlugins (1ms)
				BeforeProcessingInitializeOnLoad (98ms)
				ProcessInitializeOnLoadAttributes (143ms)
				ProcessInitializeOnLoadMethodAttributes (25ms)
				AfterProcessingInitializeOnLoad (8ms)
				EditorAssembliesLoaded (0ms)
			ExecutionOrderSort2 (0ms)
			AwakeInstancesAfterBackupRestoration (6ms)
Platform modules already initialized, skipping
Refreshing native plugins compatible for Editor in 2.22 ms, found 4 plugins.
Preloading 0 native plugins for Editor in 0.00 ms.
Unloading 4701 Unused Serialized files (Serialized files now loaded: 0)
Unloading 61 unused Assets / (193.8 KB). Loaded Objects now: 5168.
Memory consumption went from 178.9 MB to 178.7 MB.
Total: 2.422800 ms (FindLiveObjects: 0.189600 ms CreateObjectMapping: 0.099500 ms MarkObjects: 2.036500 ms  DeleteObjects: 0.096500 ms)

AssetImportParameters requested are different than current active one (requested -> active):
  custom:video-decoder-ogg-theora: a1e56fd34408186e4bbccfd4996cb3dc -> 
  custom:container-muxer-webm: aa71ff27fc2769a1b78a27578f13a17b -> 
  custom:container-demuxer-webm: 4f35f7cbe854078d1ac9338744f61a02 -> 
  custom:video-encoder-webm-vp8: eb34c28f22e8b96e1ab97ce403110664 -> 
  custom:audio-encoder-webm-vorbis: bf7c407c2cedff20999df2af8eb42d56 -> 
  custom:framework-win-MediaFoundation: 216162199b28c13a410421893ffa2e32 -> 
  custom:container-demuxer-ogg: 62fdf1f143b41e24485cea50d1cbac27 -> 
  custom:video-decoder-webm-vp8: 9c59270c3fd7afecdb556c50c9e8de78 -> 
  custom:audio-decoder-ogg-vorbis: bf7c407c2cedff20999df2af8eb42d56 -> 
========================================================================
Received Import Request.
  Time since last request: 89.895894 seconds.
  path: Assets/_Prefabs/Bullet.prefab
  artifactKey: Guid(4d17c9777a381794b8700efd277ee55b) Importer(815301076,1909f56bfc062723c751e8b465ee728b)
Start importing Assets/_Prefabs/Bullet.prefab using Guid(4d17c9777a381794b8700efd277ee55b) Importer(815301076,1909f56bfc062723c751e8b465ee728b)  -> (artifact id: '1bca9ba609d4dab316081318d2a48fd5') in 0.053561 seconds 
========================================================================
Received Import Request.
  Time since last request: 6.122447 seconds.
  path: Assets/_Prefabs/Player.prefab
  artifactKey: Guid(5ad80ed73c7e47544a8e21a8f386605f) Importer(815301076,1909f56bfc062723c751e8b465ee728b)
Start importing Assets/_Prefabs/Player.prefab using Guid(5ad80ed73c7e47544a8e21a8f386605f) Importer(815301076,1909f56bfc062723c751e8b465ee728b)  -> (artifact id: '1adfa7cfe41f76d126a30ffc39ed972a') in 0.032283 seconds 
========================================================================
Received Import Request.
  Time since last request: 35.477091 seconds.
  path: Assets/_Prefabs/zombie_1.prefab
  artifactKey: Guid(3c37725744f0e5244992b5fbe7ca5e0f) Importer(815301076,1909f56bfc062723c751e8b465ee728b)
Start importing Assets/_Prefabs/zombie_1.prefab using Guid(3c37725744f0e5244992b5fbe7ca5e0f) Importer(815301076,1909f56bfc062723c751e8b465ee728b)  -> (artifact id: 'd2046b142e4d9e3515879dda86c2c4c8') in 0.668682 seconds 
========================================================================
Received Import Request.
  Time since last request: 46.493785 seconds.
  path: Assets/_Prefabs/zombie_2.prefab
  artifactKey: Guid(ed60800417a73704db3fcb7ec2418d4e) Importer(815301076,1909f56bfc062723c751e8b465ee728b)
Start importing Assets/_Prefabs/zombie_2.prefab using Guid(ed60800417a73704db3fcb7ec2418d4e) Importer(815301076,1909f56bfc062723c751e8b465ee728b)  -> (artifact id: '898407d77248318d58eeb45423df4029') in 0.012787 seconds 
========================================================================
Received Import Request.
  Time since last request: 91.462514 seconds.
  path: Assets/_Prefabs/zombie_1.prefab
  artifactKey: Guid(3c37725744f0e5244992b5fbe7ca5e0f) Importer(815301076,1909f56bfc062723c751e8b465ee728b)
Start importing Assets/_Prefabs/zombie_1.prefab using Guid(3c37725744f0e5244992b5fbe7ca5e0f) Importer(815301076,1909f56bfc062723c751e8b465ee728b)  -> (artifact id: '34059398eb2c5d159e72580151be8c78') in 0.012010 seconds 
========================================================================
Received Import Request.
  Time since last request: 37.511796 seconds.
  path: Assets/_Prefabs/zombie_2.prefab
  artifactKey: Guid(ed60800417a73704db3fcb7ec2418d4e) Importer(815301076,1909f56bfc062723c751e8b465ee728b)
Start importing Assets/_Prefabs/zombie_2.prefab using Guid(ed60800417a73704db3fcb7ec2418d4e) Importer(815301076,1909f56bfc062723c751e8b465ee728b)  -> (artifact id: 'ac92cfa7a9d621f08b7adf7ec35c95ca') in 0.013316 seconds 
========================================================================
Received Import Request.
  Time since last request: 47.773216 seconds.
  path: Assets/_Sprites/UI/HeartFill.png
  artifactKey: Guid(c1ccc5450846fbc4e899d7f1c99c2a97) Importer(815301076,1909f56bfc062723c751e8b465ee728b)
Start importing Assets/_Sprites/UI/HeartFill.png using Guid(c1ccc5450846fbc4e899d7f1c99c2a97) Importer(815301076,1909f56bfc062723c751e8b465ee728b)  -> (artifact id: 'db1c6cb2fe5b1fdf1f8a46496c7eb641') in 0.034241 seconds 
========================================================================
Received Import Request.
  Time since last request: 9.101940 seconds.
  path: Assets/_Sprites/UI/HeartFill.png
  artifactKey: Guid(c1ccc5450846fbc4e899d7f1c99c2a97) Importer(815301076,1909f56bfc062723c751e8b465ee728b)
Start importing Assets/_Sprites/UI/HeartFill.png using Guid(c1ccc5450846fbc4e899d7f1c99c2a97) Importer(815301076,1909f56bfc062723c751e8b465ee728b)  -> (artifact id: 'cbe122fe6afdfabc1f47f0da7f5e5781') in 0.050174 seconds 
========================================================================
Received Import Request.
  Time since last request: 61.754161 seconds.
  path: Assets/_Sprites/Player/Bullet.png
  artifactKey: Guid(92525c8da278e384fbe76ae9feeeadaa) Importer(815301076,1909f56bfc062723c751e8b465ee728b)
Start importing Assets/_Sprites/Player/Bullet.png using Guid(92525c8da278e384fbe76ae9feeeadaa) Importer(815301076,1909f56bfc062723c751e8b465ee728b)  -> (artifact id: '5d8b6097130fbfd5f1712f0aa8ac9633') in 0.014674 seconds 
========================================================================
Received Import Request.
  Time since last request: 10.205583 seconds.
  path: Assets/_Sprites/Player/Bullet.png
  artifactKey: Guid(92525c8da278e384fbe76ae9feeeadaa) Importer(815301076,1909f56bfc062723c751e8b465ee728b)
Start importing Assets/_Sprites/Player/Bullet.png using Guid(92525c8da278e384fbe76ae9feeeadaa) Importer(815301076,1909f56bfc062723c751e8b465ee728b)  -> (artifact id: 'b216e6adddfa5f2112abc34552e08534') in 0.011499 seconds 
========================================================================
Received Import Request.
  Time since last request: 9.857171 seconds.
  path: Assets/_Sprites/Player/Bullet.png
  artifactKey: Guid(92525c8da278e384fbe76ae9feeeadaa) Importer(815301076,1909f56bfc062723c751e8b465ee728b)
Start importing Assets/_Sprites/Player/Bullet.png using Guid(92525c8da278e384fbe76ae9feeeadaa) Importer(815301076,1909f56bfc062723c751e8b465ee728b)  -> (artifact id: '6ec53a2aa216a9d80b51496ecea34848') in 0.011731 seconds 
========================================================================
Received Import Request.
  Time since last request: 41.007686 seconds.
  path: Assets/_Sprites/Tiles/Tile_2.png
  artifactKey: Guid(77f4e72a4a32cca41b3b34b183d43748) Importer(815301076,1909f56bfc062723c751e8b465ee728b)
Start importing Assets/_Sprites/Tiles/Tile_2.png using Guid(77f4e72a4a32cca41b3b34b183d43748) Importer(815301076,1909f56bfc062723c751e8b465ee728b)  -> (artifact id: '90ece10aab08c3854d4aa64391e7fa27') in 0.012651 seconds 
========================================================================
Received Import Request.
  Time since last request: 10.517306 seconds.
  path: Assets/_Sprites/Tiles/Tile_2.png
  artifactKey: Guid(77f4e72a4a32cca41b3b34b183d43748) Importer(815301076,1909f56bfc062723c751e8b465ee728b)
Start importing Assets/_Sprites/Tiles/Tile_2.png using Guid(77f4e72a4a32cca41b3b34b183d43748) Importer(815301076,1909f56bfc062723c751e8b465ee728b)  -> (artifact id: '41667cd66264494ae186dd7dfa414b44') in 0.011595 seconds 
========================================================================
Received Import Request.
  Time since last request: 13.635860 seconds.
  path: Assets/_Sprites/Tiles/Tile_3.png
  artifactKey: Guid(83bf23317d5ff674d86a5d8a57a25d7b) Importer(815301076,1909f56bfc062723c751e8b465ee728b)
Start importing Assets/_Sprites/Tiles/Tile_3.png using Guid(83bf23317d5ff674d86a5d8a57a25d7b) Importer(815301076,1909f56bfc062723c751e8b465ee728b)  -> (artifact id: '04e4c4ed64592963fbb0c1131befa881') in 0.061234 seconds 
========================================================================
Received Prepare
Registering precompiled user dll's ...
Registered in 0.004136 seconds.
Begin MonoManager ReloadAssembly
Symbol file LoadedFromMemory doesn't match image E:\UNIAT\Unity\MotoresGraficosIII\Parcial_1\TheLastSurvivor\Library\PackageCache\com.unity.visualscripting@1.7.6\Editor\VisualScripting.Core\Dependencies\DotNetZip\Unity.VisualScripting.IonicZip.dll
Symbol file LoadedFromMemory doesn't match image E:\UNIAT\Unity\MotoresGraficosIII\Parcial_1\TheLastSurvivor\Library\PackageCache\com.unity.visualscripting@1.7.6\Editor\VisualScripting.Core\Dependencies\YamlDotNet\Unity.VisualScripting.YamlDotNet.dll
Native extension for WindowsStandalone target not found
Native extension for iOS target not found
Native extension for Android target not found
Native extension for WebGL target not found
Refreshing native plugins compatible for Editor in 0.72 ms, found 4 plugins.
Preloading 0 native plugins for Editor in 0.00 ms.
Mono: successfully reloaded assembly
- Completed reload, in  0.713 seconds
Domain Reload Profiling:
	ReloadAssembly (713ms)
		BeginReloadAssembly (94ms)
			ExecutionOrderSort (0ms)
			DisableScriptedObjects (4ms)
			BackupInstance (0ms)
			ReleaseScriptingObjects (0ms)
			CreateAndSetChildDomain (27ms)
		EndReloadAssembly (559ms)
			LoadAssemblies (64ms)
			RebuildTransferFunctionScriptingTraits (0ms)
			SetupTypeCache (144ms)
			ReleaseScriptCaches (1ms)
			RebuildScriptCaches (26ms)
			SetupLoadedEditorAssemblies (298ms)
				LogAssemblyErrors (0ms)
				InitializePlatformSupportModulesInManaged (22ms)
				SetLoadedEditorAssemblies (0ms)
				RefreshPlugins (1ms)
				BeforeProcessingInitializeOnLoad (98ms)
				ProcessInitializeOnLoadAttributes (148ms)
				ProcessInitializeOnLoadMethodAttributes (21ms)
				AfterProcessingInitializeOnLoad (7ms)
				EditorAssembliesLoaded (0ms)
			ExecutionOrderSort2 (0ms)
			AwakeInstancesAfterBackupRestoration (6ms)
Platform modules already initialized, skipping
Refreshing native plugins compatible for Editor in 2.51 ms, found 4 plugins.
Preloading 0 native plugins for Editor in 0.00 ms.
Unloading 4701 Unused Serialized files (Serialized files now loaded: 0)
Unloading 61 unused Assets / (193.9 KB). Loaded Objects now: 5177.
Memory consumption went from 179.0 MB to 178.8 MB.
Total: 2.672800 ms (FindLiveObjects: 0.209400 ms CreateObjectMapping: 0.116900 ms MarkObjects: 2.227900 ms  DeleteObjects: 0.117300 ms)

AssetImportParameters requested are different than current active one (requested -> active):
  custom:video-decoder-ogg-theora: a1e56fd34408186e4bbccfd4996cb3dc -> 
  custom:container-muxer-webm: aa71ff27fc2769a1b78a27578f13a17b -> 
  custom:container-demuxer-webm: 4f35f7cbe854078d1ac9338744f61a02 -> 
  custom:video-encoder-webm-vp8: eb34c28f22e8b96e1ab97ce403110664 -> 
  custom:audio-encoder-webm-vorbis: bf7c407c2cedff20999df2af8eb42d56 -> 
  custom:framework-win-MediaFoundation: 216162199b28c13a410421893ffa2e32 -> 
  custom:container-demuxer-ogg: 62fdf1f143b41e24485cea50d1cbac27 -> 
  custom:video-decoder-webm-vp8: 9c59270c3fd7afecdb556c50c9e8de78 -> 
  custom:audio-decoder-ogg-vorbis: bf7c407c2cedff20999df2af8eb42d56 -> 
========================================================================
Received Prepare
Registering precompiled user dll's ...
Registered in 0.004202 seconds.
Begin MonoManager ReloadAssembly
Symbol file LoadedFromMemory doesn't match image E:\UNIAT\Unity\MotoresGraficosIII\Parcial_1\TheLastSurvivor\Library\PackageCache\com.unity.visualscripting@1.7.6\Editor\VisualScripting.Core\Dependencies\DotNetZip\Unity.VisualScripting.IonicZip.dll
Symbol file LoadedFromMemory doesn't match image E:\UNIAT\Unity\MotoresGraficosIII\Parcial_1\TheLastSurvivor\Library\PackageCache\com.unity.visualscripting@1.7.6\Editor\VisualScripting.Core\Dependencies\YamlDotNet\Unity.VisualScripting.YamlDotNet.dll
Native extension for WindowsStandalone target not found
Native extension for iOS target not found
Native extension for Android target not found
Native extension for WebGL target not found
Refreshing native plugins compatible for Editor in 0.72 ms, found 4 plugins.
Preloading 0 native plugins for Editor in 0.00 ms.
Mono: successfully reloaded assembly
- Completed reload, in  0.729 seconds
Domain Reload Profiling:
	ReloadAssembly (730ms)
		BeginReloadAssembly (90ms)
			ExecutionOrderSort (0ms)
			DisableScriptedObjects (4ms)
			BackupInstance (0ms)
			ReleaseScriptingObjects (0ms)
			CreateAndSetChildDomain (23ms)
		EndReloadAssembly (579ms)
			LoadAssemblies (66ms)
			RebuildTransferFunctionScriptingTraits (0ms)
			SetupTypeCache (143ms)
			ReleaseScriptCaches (1ms)
			RebuildScriptCaches (28ms)
			SetupLoadedEditorAssemblies (308ms)
				LogAssemblyErrors (0ms)
				InitializePlatformSupportModulesInManaged (22ms)
				SetLoadedEditorAssemblies (0ms)
				RefreshPlugins (1ms)
				BeforeProcessingInitializeOnLoad (97ms)
				ProcessInitializeOnLoadAttributes (158ms)
				ProcessInitializeOnLoadMethodAttributes (23ms)
				AfterProcessingInitializeOnLoad (7ms)
				EditorAssembliesLoaded (0ms)
			ExecutionOrderSort2 (0ms)
			AwakeInstancesAfterBackupRestoration (7ms)
Platform modules already initialized, skipping
Refreshing native plugins compatible for Editor in 2.46 ms, found 4 plugins.
Preloading 0 native plugins for Editor in 0.00 ms.
Unloading 4701 Unused Serialized files (Serialized files now loaded: 0)
Unloading 61 unused Assets / (194.0 KB). Loaded Objects now: 5180.
Memory consumption went from 179.0 MB to 178.8 MB.
Total: 2.417600 ms (FindLiveObjects: 0.192800 ms CreateObjectMapping: 0.109100 ms MarkObjects: 2.011600 ms  DeleteObjects: 0.103400 ms)

AssetImportParameters requested are different than current active one (requested -> active):
  custom:video-decoder-ogg-theora: a1e56fd34408186e4bbccfd4996cb3dc -> 
  custom:container-muxer-webm: aa71ff27fc2769a1b78a27578f13a17b -> 
  custom:container-demuxer-webm: 4f35f7cbe854078d1ac9338744f61a02 -> 
  custom:video-encoder-webm-vp8: eb34c28f22e8b96e1ab97ce403110664 -> 
  custom:audio-encoder-webm-vorbis: bf7c407c2cedff20999df2af8eb42d56 -> 
  custom:framework-win-MediaFoundation: 216162199b28c13a410421893ffa2e32 -> 
  custom:container-demuxer-ogg: 62fdf1f143b41e24485cea50d1cbac27 -> 
  custom:video-decoder-webm-vp8: 9c59270c3fd7afecdb556c50c9e8de78 -> 
  custom:audio-decoder-ogg-vorbis: bf7c407c2cedff20999df2af8eb42d56 -> 
========================================================================
Received Import Request.
  Time since last request: 139.289183 seconds.
  path: Assets/_Sprites/Player/Player_hurt.png
  artifactKey: Guid(15c416474d8d2174abc993ff10a76176) Importer(815301076,1909f56bfc062723c751e8b465ee728b)
Start importing Assets/_Sprites/Player/Player_hurt.png using Guid(15c416474d8d2174abc993ff10a76176) Importer(815301076,1909f56bfc062723c751e8b465ee728b)  -> (artifact id: 'd2f97008cca290d9d3d2e5dc2a269efa') in 0.047140 seconds 
========================================================================
Received Import Request.
  Time since last request: 32.198305 seconds.
  path: Assets/_Sprites/Player/Player_hurt_2.png
  artifactKey: Guid(3078d229dc4c4d443b89ce847df7208d) Importer(815301076,1909f56bfc062723c751e8b465ee728b)
Start importing Assets/_Sprites/Player/Player_hurt_2.png using Guid(3078d229dc4c4d443b89ce847df7208d) Importer(815301076,1909f56bfc062723c751e8b465ee728b)  -> (artifact id: '651dc57c6db50b34821902756ad3c199') in 0.041365 seconds 
========================================================================
Received Import Request.
  Time since last request: 6.445129 seconds.
  path: Assets/_Sprites/Player/Player_hurt_2.png
  artifactKey: Guid(3078d229dc4c4d443b89ce847df7208d) Importer(815301076,1909f56bfc062723c751e8b465ee728b)
Start importing Assets/_Sprites/Player/Player_hurt_2.png using Guid(3078d229dc4c4d443b89ce847df7208d) Importer(815301076,1909f56bfc062723c751e8b465ee728b)  -> (artifact id: '01e390c03be14887ed04b0c5b0d6ffc0') in 0.040301 seconds 
========================================================================
Received Prepare
Registering precompiled user dll's ...
Registered in 0.004203 seconds.
Begin MonoManager ReloadAssembly
Symbol file LoadedFromMemory doesn't match image E:\UNIAT\Unity\MotoresGraficosIII\Parcial_1\TheLastSurvivor\Library\PackageCache\com.unity.visualscripting@1.7.6\Editor\VisualScripting.Core\Dependencies\DotNetZip\Unity.VisualScripting.IonicZip.dll
Symbol file LoadedFromMemory doesn't match image E:\UNIAT\Unity\MotoresGraficosIII\Parcial_1\TheLastSurvivor\Library\PackageCache\com.unity.visualscripting@1.7.6\Editor\VisualScripting.Core\Dependencies\YamlDotNet\Unity.VisualScripting.YamlDotNet.dll
Native extension for WindowsStandalone target not found
Native extension for iOS target not found
Native extension for Android target not found
Native extension for WebGL target not found
Refreshing native plugins compatible for Editor in 0.64 ms, found 4 plugins.
Preloading 0 native plugins for Editor in 0.00 ms.
Mono: successfully reloaded assembly
- Completed reload, in  0.706 seconds
Domain Reload Profiling:
	ReloadAssembly (707ms)
		BeginReloadAssembly (95ms)
			ExecutionOrderSort (0ms)
			DisableScriptedObjects (4ms)
			BackupInstance (0ms)
			ReleaseScriptingObjects (0ms)
			CreateAndSetChildDomain (25ms)
		EndReloadAssembly (552ms)
			LoadAssemblies (64ms)
			RebuildTransferFunctionScriptingTraits (0ms)
			SetupTypeCache (140ms)
			ReleaseScriptCaches (1ms)
			RebuildScriptCaches (26ms)
			SetupLoadedEditorAssemblies (298ms)
				LogAssemblyErrors (0ms)
				InitializePlatformSupportModulesInManaged (21ms)
				SetLoadedEditorAssemblies (0ms)
				RefreshPlugins (1ms)
				BeforeProcessingInitializeOnLoad (99ms)
				ProcessInitializeOnLoadAttributes (147ms)
				ProcessInitializeOnLoadMethodAttributes (22ms)
				AfterProcessingInitializeOnLoad (7ms)
				EditorAssembliesLoaded (0ms)
			ExecutionOrderSort2 (0ms)
			AwakeInstancesAfterBackupRestoration (5ms)
Platform modules already initialized, skipping
Refreshing native plugins compatible for Editor in 2.37 ms, found 4 plugins.
Preloading 0 native plugins for Editor in 0.00 ms.
Unloading 4701 Unused Serialized files (Serialized files now loaded: 0)
Unloading 61 unused Assets / (193.8 KB). Loaded Objects now: 5185.
Memory consumption went from 179.0 MB to 178.8 MB.
Total: 2.418900 ms (FindLiveObjects: 0.191400 ms CreateObjectMapping: 0.103600 ms MarkObjects: 2.013300 ms  DeleteObjects: 0.109900 ms)

AssetImportParameters requested are different than current active one (requested -> active):
  custom:video-decoder-ogg-theora: a1e56fd34408186e4bbccfd4996cb3dc -> 
  custom:container-muxer-webm: aa71ff27fc2769a1b78a27578f13a17b -> 
  custom:container-demuxer-webm: 4f35f7cbe854078d1ac9338744f61a02 -> 
  custom:video-encoder-webm-vp8: eb34c28f22e8b96e1ab97ce403110664 -> 
  custom:audio-encoder-webm-vorbis: bf7c407c2cedff20999df2af8eb42d56 -> 
  custom:framework-win-MediaFoundation: 216162199b28c13a410421893ffa2e32 -> 
  custom:container-demuxer-ogg: 62fdf1f143b41e24485cea50d1cbac27 -> 
  custom:video-decoder-webm-vp8: 9c59270c3fd7afecdb556c50c9e8de78 -> 
  custom:audio-decoder-ogg-vorbis: bf7c407c2cedff20999df2af8eb42d56 -> 
========================================================================
Received Prepare
Refreshing native plugins compatible for Editor in 6.15 ms, found 4 plugins.
Preloading 0 native plugins for Editor in 0.00 ms.
Unloading 61 Unused Serialized files (Serialized files now loaded: 0)
Unloading 61 unused Assets / (191.1 KB). Loaded Objects now: 5185.
Memory consumption went from 86.2 MB to 86.0 MB.
Total: 2.993400 ms (FindLiveObjects: 0.191100 ms CreateObjectMapping: 0.104200 ms MarkObjects: 2.604000 ms  DeleteObjects: 0.093500 ms)

AssetImportParameters requested are different than current active one (requested -> active):
  custom:video-decoder-ogg-theora: a1e56fd34408186e4bbccfd4996cb3dc -> 
  custom:container-muxer-webm: aa71ff27fc2769a1b78a27578f13a17b -> 
  custom:container-demuxer-webm: 4f35f7cbe854078d1ac9338744f61a02 -> 
  custom:video-encoder-webm-vp8: eb34c28f22e8b96e1ab97ce403110664 -> 
  custom:audio-encoder-webm-vorbis: bf7c407c2cedff20999df2af8eb42d56 -> 
  custom:framework-win-MediaFoundation: 216162199b28c13a410421893ffa2e32 -> 
  custom:container-demuxer-ogg: 62fdf1f143b41e24485cea50d1cbac27 -> 
  custom:video-decoder-webm-vp8: 9c59270c3fd7afecdb556c50c9e8de78 -> 
  custom:audio-decoder-ogg-vorbis: bf7c407c2cedff20999df2af8eb42d56 -> 
========================================================================
Received Prepare
Registering precompiled user dll's ...
Registered in 0.004024 seconds.
Begin MonoManager ReloadAssembly
Symbol file LoadedFromMemory doesn't match image E:\UNIAT\Unity\MotoresGraficosIII\Parcial_1\TheLastSurvivor\Library\PackageCache\com.unity.visualscripting@1.7.6\Editor\VisualScripting.Core\Dependencies\DotNetZip\Unity.VisualScripting.IonicZip.dll
Symbol file LoadedFromMemory doesn't match image E:\UNIAT\Unity\MotoresGraficosIII\Parcial_1\TheLastSurvivor\Library\PackageCache\com.unity.visualscripting@1.7.6\Editor\VisualScripting.Core\Dependencies\YamlDotNet\Unity.VisualScripting.YamlDotNet.dll
Native extension for WindowsStandalone target not found
Native extension for iOS target not found
Native extension for Android target not found
Native extension for WebGL target not found
Refreshing native plugins compatible for Editor in 0.71 ms, found 4 plugins.
Preloading 0 native plugins for Editor in 0.00 ms.
Mono: successfully reloaded assembly
- Completed reload, in  0.703 seconds
Domain Reload Profiling:
	ReloadAssembly (704ms)
		BeginReloadAssembly (92ms)
			ExecutionOrderSort (0ms)
			DisableScriptedObjects (4ms)
			BackupInstance (0ms)
			ReleaseScriptingObjects (0ms)
			CreateAndSetChildDomain (25ms)
		EndReloadAssembly (552ms)
			LoadAssemblies (64ms)
			RebuildTransferFunctionScriptingTraits (0ms)
			SetupTypeCache (139ms)
			ReleaseScriptCaches (1ms)
			RebuildScriptCaches (25ms)
			SetupLoadedEditorAssemblies (296ms)
				LogAssemblyErrors (0ms)
				InitializePlatformSupportModulesInManaged (22ms)
				SetLoadedEditorAssemblies (0ms)
				RefreshPlugins (1ms)
				BeforeProcessingInitializeOnLoad (106ms)
				ProcessInitializeOnLoadAttributes (141ms)
				ProcessInitializeOnLoadMethodAttributes (20ms)
				AfterProcessingInitializeOnLoad (7ms)
				EditorAssembliesLoaded (0ms)
			ExecutionOrderSort2 (0ms)
			AwakeInstancesAfterBackupRestoration (5ms)
Platform modules already initialized, skipping
Refreshing native plugins compatible for Editor in 2.42 ms, found 4 plugins.
Preloading 0 native plugins for Editor in 0.00 ms.
Unloading 4701 Unused Serialized files (Serialized files now loaded: 0)
Unloading 61 unused Assets / (193.8 KB). Loaded Objects now: 5188.
Memory consumption went from 179.0 MB to 178.8 MB.
Total: 2.986300 ms (FindLiveObjects: 0.244200 ms CreateObjectMapping: 0.140000 ms MarkObjects: 2.493400 ms  DeleteObjects: 0.108100 ms)

AssetImportParameters requested are different than current active one (requested -> active):
  custom:video-decoder-ogg-theora: a1e56fd34408186e4bbccfd4996cb3dc -> 
  custom:container-muxer-webm: aa71ff27fc2769a1b78a27578f13a17b -> 
  custom:container-demuxer-webm: 4f35f7cbe854078d1ac9338744f61a02 -> 
  custom:video-encoder-webm-vp8: eb34c28f22e8b96e1ab97ce403110664 -> 
  custom:audio-encoder-webm-vorbis: bf7c407c2cedff20999df2af8eb42d56 -> 
  custom:framework-win-MediaFoundation: 216162199b28c13a410421893ffa2e32 -> 
  custom:container-demuxer-ogg: 62fdf1f143b41e24485cea50d1cbac27 -> 
  custom:video-decoder-webm-vp8: 9c59270c3fd7afecdb556c50c9e8de78 -> 
  custom:audio-decoder-ogg-vorbis: bf7c407c2cedff20999df2af8eb42d56 -> 
========================================================================
Received Prepare
Registering precompiled user dll's ...
Registered in 0.004346 seconds.
Begin MonoManager ReloadAssembly
Symbol file LoadedFromMemory doesn't match image E:\UNIAT\Unity\MotoresGraficosIII\Parcial_1\TheLastSurvivor\Library\PackageCache\com.unity.visualscripting@1.7.6\Editor\VisualScripting.Core\Dependencies\DotNetZip\Unity.VisualScripting.IonicZip.dll
Symbol file LoadedFromMemory doesn't match image E:\UNIAT\Unity\MotoresGraficosIII\Parcial_1\TheLastSurvivor\Library\PackageCache\com.unity.visualscripting@1.7.6\Editor\VisualScripting.Core\Dependencies\YamlDotNet\Unity.VisualScripting.YamlDotNet.dll
Native extension for WindowsStandalone target not found
Native extension for iOS target not found
Native extension for Android target not found
Native extension for WebGL target not found
Refreshing native plugins compatible for Editor in 0.68 ms, found 4 plugins.
Preloading 0 native plugins for Editor in 0.00 ms.
Mono: successfully reloaded assembly
- Completed reload, in  0.711 seconds
Domain Reload Profiling:
	ReloadAssembly (711ms)
		BeginReloadAssembly (91ms)
			ExecutionOrderSort (0ms)
			DisableScriptedObjects (4ms)
			BackupInstance (0ms)
			ReleaseScriptingObjects (0ms)
			CreateAndSetChildDomain (24ms)
		EndReloadAssembly (559ms)
			LoadAssemblies (64ms)
			RebuildTransferFunctionScriptingTraits (0ms)
			SetupTypeCache (140ms)
			ReleaseScriptCaches (1ms)
			RebuildScriptCaches (26ms)
			SetupLoadedEditorAssemblies (299ms)
				LogAssemblyErrors (0ms)
				InitializePlatformSupportModulesInManaged (22ms)
				SetLoadedEditorAssemblies (0ms)
				RefreshPlugins (1ms)
				BeforeProcessingInitializeOnLoad (101ms)
				ProcessInitializeOnLoadAttributes (145ms)
				ProcessInitializeOnLoadMethodAttributes (22ms)
				AfterProcessingInitializeOnLoad (8ms)
				EditorAssembliesLoaded (0ms)
			ExecutionOrderSort2 (0ms)
			AwakeInstancesAfterBackupRestoration (6ms)
Platform modules already initialized, skipping
Refreshing native plugins compatible for Editor in 2.30 ms, found 4 plugins.
Preloading 0 native plugins for Editor in 0.00 ms.
Unloading 4701 Unused Serialized files (Serialized files now loaded: 0)
Unloading 61 unused Assets / (193.9 KB). Loaded Objects now: 5191.
Memory consumption went from 179.0 MB to 178.8 MB.
Total: 2.648000 ms (FindLiveObjects: 0.204100 ms CreateObjectMapping: 0.112100 ms MarkObjects: 2.213100 ms  DeleteObjects: 0.117500 ms)

AssetImportParameters requested are different than current active one (requested -> active):
  custom:video-decoder-ogg-theora: a1e56fd34408186e4bbccfd4996cb3dc -> 
  custom:container-muxer-webm: aa71ff27fc2769a1b78a27578f13a17b -> 
  custom:container-demuxer-webm: 4f35f7cbe854078d1ac9338744f61a02 -> 
  custom:video-encoder-webm-vp8: eb34c28f22e8b96e1ab97ce403110664 -> 
  custom:audio-encoder-webm-vorbis: bf7c407c2cedff20999df2af8eb42d56 -> 
  custom:framework-win-MediaFoundation: 216162199b28c13a410421893ffa2e32 -> 
  custom:container-demuxer-ogg: 62fdf1f143b41e24485cea50d1cbac27 -> 
  custom:video-decoder-webm-vp8: 9c59270c3fd7afecdb556c50c9e8de78 -> 
  custom:audio-decoder-ogg-vorbis: bf7c407c2cedff20999df2af8eb42d56 -> 
========================================================================
Received Import Request.
  Time since last request: 516.914527 seconds.
  path: Assets/_Prefabs/MobileUICanvas.prefab
  artifactKey: Guid(bfbdae04f0e174143adf7b23ebecd94d) Importer(815301076,1909f56bfc062723c751e8b465ee728b)
Start importing Assets/_Prefabs/MobileUICanvas.prefab using Guid(bfbdae04f0e174143adf7b23ebecd94d) Importer(815301076,1909f56bfc062723c751e8b465ee728b)  -> (artifact id: '1a50304c670b387a01d71fd7ded975dc') in 0.078467 seconds 
========================================================================
Received Import Request.
  Time since last request: 2.399403 seconds.
  path: Assets/_Prefabs/PauseCanvas.prefab
  artifactKey: Guid(1862537fbf6f7914880fb5da56dc6df1) Importer(815301076,1909f56bfc062723c751e8b465ee728b)
Start importing Assets/_Prefabs/PauseCanvas.prefab using Guid(1862537fbf6f7914880fb5da56dc6df1) Importer(815301076,1909f56bfc062723c751e8b465ee728b)  -> (artifact id: '1c8903e9af7b17492db0c93f59f7d315') in 0.023274 seconds 
========================================================================
Received Import Request.
  Time since last request: 58.338712 seconds.
  path: Assets/_Prefabs/PauseCanvas.prefab
  artifactKey: Guid(1862537fbf6f7914880fb5da56dc6df1) Importer(815301076,1909f56bfc062723c751e8b465ee728b)
Start importing Assets/_Prefabs/PauseCanvas.prefab using Guid(1862537fbf6f7914880fb5da56dc6df1) Importer(815301076,1909f56bfc062723c751e8b465ee728b)  -> (artifact id: 'ad9439e6ed9dc68461842da60ad51e64') in 0.017715 seconds 
========================================================================
Received Import Request.
  Time since last request: 62.216087 seconds.
  path: Assets/Scenes/Menu.unity
  artifactKey: Guid(25f3ae40bed885b4f92ee48545fe3706) Importer(815301076,1909f56bfc062723c751e8b465ee728b)
Start importing Assets/Scenes/Menu.unity using Guid(25f3ae40bed885b4f92ee48545fe3706) Importer(815301076,1909f56bfc062723c751e8b465ee728b)  -> (artifact id: '83d2db3176a71c76ca9d5a7fff7d72f4') in 0.003095 seconds 
========================================================================
Received Prepare
Registering precompiled user dll's ...
Registered in 0.004023 seconds.
Begin MonoManager ReloadAssembly
Symbol file LoadedFromMemory doesn't match image E:\UNIAT\Unity\MotoresGraficosIII\Parcial_1\TheLastSurvivor\Library\PackageCache\com.unity.visualscripting@1.7.6\Editor\VisualScripting.Core\Dependencies\DotNetZip\Unity.VisualScripting.IonicZip.dll
Symbol file LoadedFromMemory doesn't match image E:\UNIAT\Unity\MotoresGraficosIII\Parcial_1\TheLastSurvivor\Library\PackageCache\com.unity.visualscripting@1.7.6\Editor\VisualScripting.Core\Dependencies\YamlDotNet\Unity.VisualScripting.YamlDotNet.dll
Native extension for WindowsStandalone target not found
Native extension for iOS target not found
Native extension for Android target not found
Native extension for WebGL target not found
Refreshing native plugins compatible for Editor in 0.65 ms, found 4 plugins.
Preloading 0 native plugins for Editor in 0.00 ms.
Mono: successfully reloaded assembly
- Completed reload, in  0.695 seconds
Domain Reload Profiling:
	ReloadAssembly (696ms)
		BeginReloadAssembly (89ms)
			ExecutionOrderSort (0ms)
			DisableScriptedObjects (3ms)
			BackupInstance (0ms)
			ReleaseScriptingObjects (0ms)
			CreateAndSetChildDomain (24ms)
		EndReloadAssembly (547ms)
			LoadAssemblies (61ms)
			RebuildTransferFunctionScriptingTraits (0ms)
			SetupTypeCache (137ms)
			ReleaseScriptCaches (1ms)
			RebuildScriptCaches (26ms)
			SetupLoadedEditorAssemblies (296ms)
				LogAssemblyErrors (0ms)
				InitializePlatformSupportModulesInManaged (22ms)
				SetLoadedEditorAssemblies (0ms)
				RefreshPlugins (1ms)
				BeforeProcessingInitializeOnLoad (105ms)
				ProcessInitializeOnLoadAttributes (141ms)
				ProcessInitializeOnLoadMethodAttributes (20ms)
				AfterProcessingInitializeOnLoad (7ms)
				EditorAssembliesLoaded (0ms)
			ExecutionOrderSort2 (0ms)
			AwakeInstancesAfterBackupRestoration (5ms)
Platform modules already initialized, skipping
Refreshing native plugins compatible for Editor in 2.52 ms, found 4 plugins.
Preloading 0 native plugins for Editor in 0.00 ms.
Unloading 4701 Unused Serialized files (Serialized files now loaded: 0)
Unloading 62 unused Assets / (194.5 KB). Loaded Objects now: 5195.
Memory consumption went from 179.1 MB to 178.9 MB.
Total: 2.799200 ms (FindLiveObjects: 0.187000 ms CreateObjectMapping: 0.100000 ms MarkObjects: 2.386800 ms  DeleteObjects: 0.124900 ms)

AssetImportParameters requested are different than current active one (requested -> active):
  custom:video-decoder-ogg-theora: a1e56fd34408186e4bbccfd4996cb3dc -> 
  custom:container-muxer-webm: aa71ff27fc2769a1b78a27578f13a17b -> 
  custom:container-demuxer-webm: 4f35f7cbe854078d1ac9338744f61a02 -> 
  custom:video-encoder-webm-vp8: eb34c28f22e8b96e1ab97ce403110664 -> 
  custom:audio-encoder-webm-vorbis: bf7c407c2cedff20999df2af8eb42d56 -> 
  custom:framework-win-MediaFoundation: 216162199b28c13a410421893ffa2e32 -> 
  custom:container-demuxer-ogg: 62fdf1f143b41e24485cea50d1cbac27 -> 
  custom:video-decoder-webm-vp8: 9c59270c3fd7afecdb556c50c9e8de78 -> 
  custom:audio-decoder-ogg-vorbis: bf7c407c2cedff20999df2af8eb42d56 -> 
========================================================================
Received Import Request.
  Time since last request: 109.742027 seconds.
  path: Assets/Scenes/TutorialMobile.unity
  artifactKey: Guid(418efd214f618fb4aa051607d2be966b) Importer(815301076,1909f56bfc062723c751e8b465ee728b)
Start importing Assets/Scenes/TutorialMobile.unity using Guid(418efd214f618fb4aa051607d2be966b) Importer(815301076,1909f56bfc062723c751e8b465ee728b)  -> (artifact id: '0ad7c0f829f550f6c1ca90cfb1f1dc9a') in 0.007972 seconds 
========================================================================
Received Import Request.
  Time since last request: 21.649847 seconds.
  path: Assets/Scenes/Game.unity
  artifactKey: Guid(2cda990e2423bbf4892e6590ba056729) Importer(815301076,1909f56bfc062723c751e8b465ee728b)
Start importing Assets/Scenes/Game.unity using Guid(2cda990e2423bbf4892e6590ba056729) Importer(815301076,1909f56bfc062723c751e8b465ee728b)  -> (artifact id: '457d7c5a1ca707cbf0b34dcd5e04d3c1') in 0.003545 seconds 
========================================================================
Received Import Request.
  Time since last request: 11.003012 seconds.
  path: Assets/Scenes/Menu.unity
  artifactKey: Guid(25f3ae40bed885b4f92ee48545fe3706) Importer(815301076,1909f56bfc062723c751e8b465ee728b)
Start importing Assets/Scenes/Menu.unity using Guid(25f3ae40bed885b4f92ee48545fe3706) Importer(815301076,1909f56bfc062723c751e8b465ee728b)  -> (artifact id: '3617469b1a1b204cbd1ffc53df4d810c') in 0.003097 seconds 
========================================================================
Received Prepare
Registering precompiled user dll's ...
Registered in 0.004588 seconds.
Begin MonoManager ReloadAssembly
Symbol file LoadedFromMemory doesn't match image E:\UNIAT\Unity\MotoresGraficosIII\Parcial_1\TheLastSurvivor\Library\PackageCache\com.unity.visualscripting@1.7.6\Editor\VisualScripting.Core\Dependencies\DotNetZip\Unity.VisualScripting.IonicZip.dll
Symbol file LoadedFromMemory doesn't match image E:\UNIAT\Unity\MotoresGraficosIII\Parcial_1\TheLastSurvivor\Library\PackageCache\com.unity.visualscripting@1.7.6\Editor\VisualScripting.Core\Dependencies\YamlDotNet\Unity.VisualScripting.YamlDotNet.dll
Native extension for WindowsStandalone target not found
Native extension for iOS target not found
Native extension for Android target not found
Native extension for WebGL target not found
Refreshing native plugins compatible for Editor in 0.72 ms, found 4 plugins.
Preloading 0 native plugins for Editor in 0.00 ms.
Mono: successfully reloaded assembly
- Completed reload, in  0.695 seconds
Domain Reload Profiling:
	ReloadAssembly (696ms)
		BeginReloadAssembly (94ms)
			ExecutionOrderSort (0ms)
			DisableScriptedObjects (4ms)
			BackupInstance (0ms)
			ReleaseScriptingObjects (0ms)
			CreateAndSetChildDomain (24ms)
		EndReloadAssembly (541ms)
			LoadAssemblies (68ms)
			RebuildTransferFunctionScriptingTraits (0ms)
			SetupTypeCache (138ms)
			ReleaseScriptCaches (1ms)
			RebuildScriptCaches (25ms)
			SetupLoadedEditorAssemblies (287ms)
				LogAssemblyErrors (0ms)
				InitializePlatformSupportModulesInManaged (23ms)
				SetLoadedEditorAssemblies (0ms)
				RefreshPlugins (1ms)
				BeforeProcessingInitializeOnLoad (95ms)
				ProcessInitializeOnLoadAttributes (140ms)
				ProcessInitializeOnLoadMethodAttributes (22ms)
				AfterProcessingInitializeOnLoad (7ms)
				EditorAssembliesLoaded (0ms)
			ExecutionOrderSort2 (0ms)
			AwakeInstancesAfterBackupRestoration (5ms)
Platform modules already initialized, skipping
Refreshing native plugins compatible for Editor in 2.18 ms, found 4 plugins.
Preloading 0 native plugins for Editor in 0.00 ms.
Unloading 4701 Unused Serialized files (Serialized files now loaded: 0)
Unloading 61 unused Assets / (193.8 KB). Loaded Objects now: 5198.
Memory consumption went from 179.1 MB to 178.9 MB.
Total: 2.521200 ms (FindLiveObjects: 0.215200 ms CreateObjectMapping: 0.109300 ms MarkObjects: 2.082900 ms  DeleteObjects: 0.112900 ms)

AssetImportParameters requested are different than current active one (requested -> active):
  custom:video-decoder-ogg-theora: a1e56fd34408186e4bbccfd4996cb3dc -> 
  custom:container-muxer-webm: aa71ff27fc2769a1b78a27578f13a17b -> 
  custom:container-demuxer-webm: 4f35f7cbe854078d1ac9338744f61a02 -> 
  custom:video-encoder-webm-vp8: eb34c28f22e8b96e1ab97ce403110664 -> 
  custom:audio-encoder-webm-vorbis: bf7c407c2cedff20999df2af8eb42d56 -> 
  custom:framework-win-MediaFoundation: 216162199b28c13a410421893ffa2e32 -> 
  custom:container-demuxer-ogg: 62fdf1f143b41e24485cea50d1cbac27 -> 
  custom:video-decoder-webm-vp8: 9c59270c3fd7afecdb556c50c9e8de78 -> 
  custom:audio-decoder-ogg-vorbis: bf7c407c2cedff20999df2af8eb42d56 -> 
========================================================================
Received Import Request.
  Time since last request: 20.858073 seconds.
  path: Assets/_Prefabs/MobileUICanvas.prefab
  artifactKey: Guid(bfbdae04f0e174143adf7b23ebecd94d) Importer(815301076,1909f56bfc062723c751e8b465ee728b)
Start importing Assets/_Prefabs/MobileUICanvas.prefab using Guid(bfbdae04f0e174143adf7b23ebecd94d) Importer(815301076,1909f56bfc062723c751e8b465ee728b)  -> (artifact id: '2ca9962f2d230affb292b0e31bdcac4e') in 0.079335 seconds 
========================================================================
Received Import Request.
  Time since last request: 44.547352 seconds.
  path: Assets/_Prefabs/zombie_2.prefab
  artifactKey: Guid(ed60800417a73704db3fcb7ec2418d4e) Importer(815301076,1909f56bfc062723c751e8b465ee728b)
Start importing Assets/_Prefabs/zombie_2.prefab using Guid(ed60800417a73704db3fcb7ec2418d4e) Importer(815301076,1909f56bfc062723c751e8b465ee728b)  -> (artifact id: '381b4d317de5a8e359f6418b4dd333d8') in 0.015904 seconds 
========================================================================
Received Prepare
Registering precompiled user dll's ...
Registered in 0.004189 seconds.
Begin MonoManager ReloadAssembly
Symbol file LoadedFromMemory doesn't match image E:\UNIAT\Unity\MotoresGraficosIII\Parcial_1\TheLastSurvivor\Library\PackageCache\com.unity.visualscripting@1.7.6\Editor\VisualScripting.Core\Dependencies\DotNetZip\Unity.VisualScripting.IonicZip.dll
Symbol file LoadedFromMemory doesn't match image E:\UNIAT\Unity\MotoresGraficosIII\Parcial_1\TheLastSurvivor\Library\PackageCache\com.unity.visualscripting@1.7.6\Editor\VisualScripting.Core\Dependencies\YamlDotNet\Unity.VisualScripting.YamlDotNet.dll
Native extension for WindowsStandalone target not found
Native extension for iOS target not found
Native extension for Android target not found
Native extension for WebGL target not found
Refreshing native plugins compatible for Editor in 0.68 ms, found 4 plugins.
Preloading 0 native plugins for Editor in 0.00 ms.
Mono: successfully reloaded assembly
- Completed reload, in  0.701 seconds
Domain Reload Profiling:
	ReloadAssembly (701ms)
		BeginReloadAssembly (90ms)
			ExecutionOrderSort (0ms)
			DisableScriptedObjects (3ms)
			BackupInstance (0ms)
			ReleaseScriptingObjects (0ms)
			CreateAndSetChildDomain (23ms)
		EndReloadAssembly (551ms)
			LoadAssemblies (67ms)
			RebuildTransferFunctionScriptingTraits (0ms)
			SetupTypeCache (141ms)
			ReleaseScriptCaches (1ms)
			RebuildScriptCaches (27ms)
			SetupLoadedEditorAssemblies (292ms)
				LogAssemblyErrors (0ms)
				InitializePlatformSupportModulesInManaged (22ms)
				SetLoadedEditorAssemblies (0ms)
				RefreshPlugins (1ms)
				BeforeProcessingInitializeOnLoad (98ms)
				ProcessInitializeOnLoadAttributes (145ms)
				ProcessInitializeOnLoadMethodAttributes (20ms)
				AfterProcessingInitializeOnLoad (6ms)
				EditorAssembliesLoaded (0ms)
			ExecutionOrderSort2 (0ms)
			AwakeInstancesAfterBackupRestoration (5ms)
Platform modules already initialized, skipping
Refreshing native plugins compatible for Editor in 2.45 ms, found 4 plugins.
Preloading 0 native plugins for Editor in 0.00 ms.
Unloading 4701 Unused Serialized files (Serialized files now loaded: 0)
Unloading 61 unused Assets / (193.9 KB). Loaded Objects now: 5201.
Memory consumption went from 179.1 MB to 179.0 MB.
Total: 2.879100 ms (FindLiveObjects: 0.198900 ms CreateObjectMapping: 0.107200 ms MarkObjects: 2.468800 ms  DeleteObjects: 0.103200 ms)

AssetImportParameters requested are different than current active one (requested -> active):
  custom:video-decoder-ogg-theora: a1e56fd34408186e4bbccfd4996cb3dc -> 
  custom:container-muxer-webm: aa71ff27fc2769a1b78a27578f13a17b -> 
  custom:container-demuxer-webm: 4f35f7cbe854078d1ac9338744f61a02 -> 
  custom:video-encoder-webm-vp8: eb34c28f22e8b96e1ab97ce403110664 -> 
  custom:audio-encoder-webm-vorbis: bf7c407c2cedff20999df2af8eb42d56 -> 
  custom:framework-win-MediaFoundation: 216162199b28c13a410421893ffa2e32 -> 
  custom:container-demuxer-ogg: 62fdf1f143b41e24485cea50d1cbac27 -> 
  custom:video-decoder-webm-vp8: 9c59270c3fd7afecdb556c50c9e8de78 -> 
  custom:audio-decoder-ogg-vorbis: bf7c407c2cedff20999df2af8eb42d56 -> 
========================================================================
Received Import Request.
  Time since last request: 21.614432 seconds.
  path: Assets/_Prefabs/MobileUICanvas.prefab
  artifactKey: Guid(bfbdae04f0e174143adf7b23ebecd94d) Importer(815301076,1909f56bfc062723c751e8b465ee728b)
Start importing Assets/_Prefabs/MobileUICanvas.prefab using Guid(bfbdae04f0e174143adf7b23ebecd94d) Importer(815301076,1909f56bfc062723c751e8b465ee728b)  -> (artifact id: '566654d93d6d0fe37579788b818bc846') in 0.073988 seconds 
========================================================================
Received Prepare
Registering precompiled user dll's ...
Registered in 0.003978 seconds.
Begin MonoManager ReloadAssembly
Symbol file LoadedFromMemory doesn't match image E:\UNIAT\Unity\MotoresGraficosIII\Parcial_1\TheLastSurvivor\Library\PackageCache\com.unity.visualscripting@1.7.6\Editor\VisualScripting.Core\Dependencies\DotNetZip\Unity.VisualScripting.IonicZip.dll
Symbol file LoadedFromMemory doesn't match image E:\UNIAT\Unity\MotoresGraficosIII\Parcial_1\TheLastSurvivor\Library\PackageCache\com.unity.visualscripting@1.7.6\Editor\VisualScripting.Core\Dependencies\YamlDotNet\Unity.VisualScripting.YamlDotNet.dll
Native extension for WindowsStandalone target not found
Native extension for iOS target not found
Native extension for Android target not found
Native extension for WebGL target not found
Refreshing native plugins compatible for Editor in 0.68 ms, found 4 plugins.
Preloading 0 native plugins for Editor in 0.00 ms.
Mono: successfully reloaded assembly
- Completed reload, in  0.704 seconds
Domain Reload Profiling:
	ReloadAssembly (705ms)
		BeginReloadAssembly (88ms)
			ExecutionOrderSort (0ms)
			DisableScriptedObjects (3ms)
			BackupInstance (0ms)
			ReleaseScriptingObjects (0ms)
			CreateAndSetChildDomain (23ms)
		EndReloadAssembly (558ms)
			LoadAssemblies (61ms)
			RebuildTransferFunctionScriptingTraits (0ms)
			SetupTypeCache (140ms)
			ReleaseScriptCaches (1ms)
			RebuildScriptCaches (26ms)
			SetupLoadedEditorAssemblies (302ms)
				LogAssemblyErrors (0ms)
				InitializePlatformSupportModulesInManaged (22ms)
				SetLoadedEditorAssemblies (0ms)
				RefreshPlugins (1ms)
				BeforeProcessingInitializeOnLoad (105ms)
				ProcessInitializeOnLoadAttributes (144ms)
				ProcessInitializeOnLoadMethodAttributes (23ms)
				AfterProcessingInitializeOnLoad (7ms)
				EditorAssembliesLoaded (0ms)
			ExecutionOrderSort2 (0ms)
			AwakeInstancesAfterBackupRestoration (6ms)
Platform modules already initialized, skipping
Refreshing native plugins compatible for Editor in 2.38 ms, found 4 plugins.
Preloading 0 native plugins for Editor in 0.00 ms.
Unloading 4701 Unused Serialized files (Serialized files now loaded: 0)
Unloading 61 unused Assets / (193.7 KB). Loaded Objects now: 5204.
Memory consumption went from 179.2 MB to 179.0 MB.
Total: 2.548700 ms (FindLiveObjects: 0.205200 ms CreateObjectMapping: 0.112100 ms MarkObjects: 2.122200 ms  DeleteObjects: 0.108100 ms)

AssetImportParameters requested are different than current active one (requested -> active):
  custom:video-decoder-ogg-theora: a1e56fd34408186e4bbccfd4996cb3dc -> 
  custom:container-muxer-webm: aa71ff27fc2769a1b78a27578f13a17b -> 
  custom:container-demuxer-webm: 4f35f7cbe854078d1ac9338744f61a02 -> 
  custom:video-encoder-webm-vp8: eb34c28f22e8b96e1ab97ce403110664 -> 
  custom:audio-encoder-webm-vorbis: bf7c407c2cedff20999df2af8eb42d56 -> 
  custom:framework-win-MediaFoundation: 216162199b28c13a410421893ffa2e32 -> 
  custom:container-demuxer-ogg: 62fdf1f143b41e24485cea50d1cbac27 -> 
  custom:video-decoder-webm-vp8: 9c59270c3fd7afecdb556c50c9e8de78 -> 
  custom:audio-decoder-ogg-vorbis: bf7c407c2cedff20999df2af8eb42d56 -> 
========================================================================
Received Import Request.
  Time since last request: 35.355219 seconds.
  path: Assets/_Prefabs/PauseCanvas.prefab
  artifactKey: Guid(1862537fbf6f7914880fb5da56dc6df1) Importer(815301076,1909f56bfc062723c751e8b465ee728b)
Start importing Assets/_Prefabs/PauseCanvas.prefab using Guid(1862537fbf6f7914880fb5da56dc6df1) Importer(815301076,1909f56bfc062723c751e8b465ee728b)  -> (artifact id: '8df5cdba62f1a04361aa75ae3b695838') in 0.048393 seconds 
========================================================================
Received Prepare
Registering precompiled user dll's ...
Registered in 0.004011 seconds.
Begin MonoManager ReloadAssembly
Symbol file LoadedFromMemory doesn't match image E:\UNIAT\Unity\MotoresGraficosIII\Parcial_1\TheLastSurvivor\Library\PackageCache\com.unity.visualscripting@1.7.6\Editor\VisualScripting.Core\Dependencies\DotNetZip\Unity.VisualScripting.IonicZip.dll
Symbol file LoadedFromMemory doesn't match image E:\UNIAT\Unity\MotoresGraficosIII\Parcial_1\TheLastSurvivor\Library\PackageCache\com.unity.visualscripting@1.7.6\Editor\VisualScripting.Core\Dependencies\YamlDotNet\Unity.VisualScripting.YamlDotNet.dll
Native extension for WindowsStandalone target not found
Native extension for iOS target not found
Native extension for Android target not found
Native extension for WebGL target not found
Refreshing native plugins compatible for Editor in 0.71 ms, found 4 plugins.
Preloading 0 native plugins for Editor in 0.00 ms.
Mono: successfully reloaded assembly
- Completed reload, in  0.700 seconds
Domain Reload Profiling:
	ReloadAssembly (701ms)
		BeginReloadAssembly (89ms)
			ExecutionOrderSort (0ms)
			DisableScriptedObjects (4ms)
			BackupInstance (0ms)
			ReleaseScriptingObjects (0ms)
			CreateAndSetChildDomain (24ms)
		EndReloadAssembly (551ms)
			LoadAssemblies (60ms)
			RebuildTransferFunctionScriptingTraits (0ms)
			SetupTypeCache (139ms)
			ReleaseScriptCaches (1ms)
			RebuildScriptCaches (26ms)
			SetupLoadedEditorAssemblies (295ms)
				LogAssemblyErrors (0ms)
				InitializePlatformSupportModulesInManaged (22ms)
				SetLoadedEditorAssemblies (0ms)
				RefreshPlugins (1ms)
				BeforeProcessingInitializeOnLoad (96ms)
				ProcessInitializeOnLoadAttributes (145ms)
				ProcessInitializeOnLoadMethodAttributes (22ms)
				AfterProcessingInitializeOnLoad (8ms)
				EditorAssembliesLoaded (0ms)
			ExecutionOrderSort2 (0ms)
			AwakeInstancesAfterBackupRestoration (6ms)
Platform modules already initialized, skipping
Refreshing native plugins compatible for Editor in 2.47 ms, found 4 plugins.
Preloading 0 native plugins for Editor in 0.00 ms.
Unloading 4701 Unused Serialized files (Serialized files now loaded: 0)
Unloading 62 unused Assets / (194.6 KB). Loaded Objects now: 5207.
Memory consumption went from 179.2 MB to 179.0 MB.
Total: 2.587600 ms (FindLiveObjects: 0.192400 ms CreateObjectMapping: 0.108000 ms MarkObjects: 2.180800 ms  DeleteObjects: 0.105800 ms)

AssetImportParameters requested are different than current active one (requested -> active):
  custom:video-decoder-ogg-theora: a1e56fd34408186e4bbccfd4996cb3dc -> 
  custom:container-muxer-webm: aa71ff27fc2769a1b78a27578f13a17b -> 
  custom:container-demuxer-webm: 4f35f7cbe854078d1ac9338744f61a02 -> 
  custom:video-encoder-webm-vp8: eb34c28f22e8b96e1ab97ce403110664 -> 
  custom:audio-encoder-webm-vorbis: bf7c407c2cedff20999df2af8eb42d56 -> 
  custom:framework-win-MediaFoundation: 216162199b28c13a410421893ffa2e32 -> 
  custom:container-demuxer-ogg: 62fdf1f143b41e24485cea50d1cbac27 -> 
  custom:video-decoder-webm-vp8: 9c59270c3fd7afecdb556c50c9e8de78 -> 
  custom:audio-decoder-ogg-vorbis: bf7c407c2cedff20999df2af8eb42d56 -> 
========================================================================
Received Import Request.
  Time since last request: 117.611566 seconds.
  path: Assets/Scenes/Win.unity
  artifactKey: Guid(dca987178dace354586d3659ff5d09e8) Importer(815301076,1909f56bfc062723c751e8b465ee728b)
Start importing Assets/Scenes/Win.unity using Guid(dca987178dace354586d3659ff5d09e8) Importer(815301076,1909f56bfc062723c751e8b465ee728b)  -> (artifact id: 'be30f0671214e1e362b5c533fc219591') in 0.014038 seconds 
========================================================================
Received Import Request.
  Time since last request: 10.371605 seconds.
  path: Assets/Scenes/GameOver.unity
  artifactKey: Guid(c50c0247474d643498ae55d799d0ab63) Importer(815301076,1909f56bfc062723c751e8b465ee728b)
Start importing Assets/Scenes/GameOver.unity using Guid(c50c0247474d643498ae55d799d0ab63) Importer(815301076,1909f56bfc062723c751e8b465ee728b)  -> (artifact id: 'eb682a360f79f7b89dda850a23d2b456') in 0.003123 seconds 
========================================================================
Received Import Request.
  Time since last request: 144.782179 seconds.
  path: Assets/Scenes/GameOver.unity
  artifactKey: Guid(c50c0247474d643498ae55d799d0ab63) Importer(815301076,1909f56bfc062723c751e8b465ee728b)
Start importing Assets/Scenes/GameOver.unity using Guid(c50c0247474d643498ae55d799d0ab63) Importer(815301076,1909f56bfc062723c751e8b465ee728b)  -> (artifact id: '923c2f07461633c33288efda9650029f') in 0.003669 seconds 
========================================================================
Received Import Request.
  Time since last request: 1.674288 seconds.
  path: Assets/Scenes/Win.unity
  artifactKey: Guid(dca987178dace354586d3659ff5d09e8) Importer(815301076,1909f56bfc062723c751e8b465ee728b)
Start importing Assets/Scenes/Win.unity using Guid(dca987178dace354586d3659ff5d09e8) Importer(815301076,1909f56bfc062723c751e8b465ee728b)  -> (artifact id: 'c7da1402fcf0734609774d4a9992c394') in 0.003123 seconds 
========================================================================
Received Import Request.
  Time since last request: 87.456856 seconds.
  path: Assets/_Sprites/Player/Player_Walk.png
  artifactKey: Guid(34567fc5c621afd4a84973fb91fc46d1) Importer(815301076,1909f56bfc062723c751e8b465ee728b)
Start importing Assets/_Sprites/Player/Player_Walk.png using Guid(34567fc5c621afd4a84973fb91fc46d1) Importer(815301076,1909f56bfc062723c751e8b465ee728b)  -> (artifact id: 'b713d3525e97cea37ac6940734523a51') in 0.069137 seconds 
========================================================================
Received Import Request.
  Time since last request: 181.214108 seconds.
  path: Assets/Scenes/Game.unity
  artifactKey: Guid(2cda990e2423bbf4892e6590ba056729) Importer(815301076,1909f56bfc062723c751e8b465ee728b)
Start importing Assets/Scenes/Game.unity using Guid(2cda990e2423bbf4892e6590ba056729) Importer(815301076,1909f56bfc062723c751e8b465ee728b)  -> (artifact id: 'd955f18b155de46b917703831989902a') in 0.003126 seconds 
========================================================================
Received Import Request.
  Time since last request: 17.189771 seconds.
  path: Assets/Scenes/Menu.unity
  artifactKey: Guid(25f3ae40bed885b4f92ee48545fe3706) Importer(815301076,1909f56bfc062723c751e8b465ee728b)
Start importing Assets/Scenes/Menu.unity using Guid(25f3ae40bed885b4f92ee48545fe3706) Importer(815301076,1909f56bfc062723c751e8b465ee728b)  -> (artifact id: '9636ca949ad94db9651d3dc065839b40') in 0.003139 seconds 
========================================================================
Received Prepare
Registering precompiled user dll's ...
Registered in 0.004034 seconds.
Begin MonoManager ReloadAssembly
Symbol file LoadedFromMemory doesn't match image E:\UNIAT\Unity\MotoresGraficosIII\Parcial_1\TheLastSurvivor\Library\PackageCache\com.unity.visualscripting@1.7.6\Editor\VisualScripting.Core\Dependencies\DotNetZip\Unity.VisualScripting.IonicZip.dll
Symbol file LoadedFromMemory doesn't match image E:\UNIAT\Unity\MotoresGraficosIII\Parcial_1\TheLastSurvivor\Library\PackageCache\com.unity.visualscripting@1.7.6\Editor\VisualScripting.Core\Dependencies\YamlDotNet\Unity.VisualScripting.YamlDotNet.dll
Native extension for WindowsStandalone target not found
Native extension for iOS target not found
Native extension for Android target not found
Native extension for WebGL target not found
Refreshing native plugins compatible for Editor in 0.64 ms, found 4 plugins.
Preloading 0 native plugins for Editor in 0.00 ms.
Mono: successfully reloaded assembly
- Completed reload, in  0.689 seconds
Domain Reload Profiling:
	ReloadAssembly (690ms)
		BeginReloadAssembly (93ms)
			ExecutionOrderSort (0ms)
			DisableScriptedObjects (4ms)
			BackupInstance (0ms)
			ReleaseScriptingObjects (0ms)
			CreateAndSetChildDomain (25ms)
		EndReloadAssembly (537ms)
			LoadAssemblies (64ms)
			RebuildTransferFunctionScriptingTraits (0ms)
			SetupTypeCache (139ms)
			ReleaseScriptCaches (1ms)
			RebuildScriptCaches (25ms)
			SetupLoadedEditorAssemblies (283ms)
				LogAssemblyErrors (0ms)
				InitializePlatformSupportModulesInManaged (22ms)
				SetLoadedEditorAssemblies (0ms)
				RefreshPlugins (1ms)
				BeforeProcessingInitializeOnLoad (93ms)
				ProcessInitializeOnLoadAttributes (141ms)
				ProcessInitializeOnLoadMethodAttributes (20ms)
				AfterProcessingInitializeOnLoad (6ms)
				EditorAssembliesLoaded (0ms)
			ExecutionOrderSort2 (0ms)
			AwakeInstancesAfterBackupRestoration (5ms)
Platform modules already initialized, skipping
Refreshing native plugins compatible for Editor in 2.26 ms, found 4 plugins.
Preloading 0 native plugins for Editor in 0.00 ms.
Unloading 4701 Unused Serialized files (Serialized files now loaded: 0)
Unloading 61 unused Assets / (194.0 KB). Loaded Objects now: 5211.
Memory consumption went from 179.2 MB to 179.0 MB.
Total: 2.591600 ms (FindLiveObjects: 0.213800 ms CreateObjectMapping: 0.111500 ms MarkObjects: 2.155300 ms  DeleteObjects: 0.110200 ms)

AssetImportParameters requested are different than current active one (requested -> active):
  custom:video-decoder-ogg-theora: a1e56fd34408186e4bbccfd4996cb3dc -> 
  custom:container-muxer-webm: aa71ff27fc2769a1b78a27578f13a17b -> 
  custom:container-demuxer-webm: 4f35f7cbe854078d1ac9338744f61a02 -> 
  custom:video-encoder-webm-vp8: eb34c28f22e8b96e1ab97ce403110664 -> 
  custom:audio-encoder-webm-vorbis: bf7c407c2cedff20999df2af8eb42d56 -> 
  custom:framework-win-MediaFoundation: 216162199b28c13a410421893ffa2e32 -> 
  custom:container-demuxer-ogg: 62fdf1f143b41e24485cea50d1cbac27 -> 
  custom:video-decoder-webm-vp8: 9c59270c3fd7afecdb556c50c9e8de78 -> 
  custom:audio-decoder-ogg-vorbis: bf7c407c2cedff20999df2af8eb42d56 -> 
========================================================================
Received Prepare
Registering precompiled user dll's ...
Registered in 0.004438 seconds.
Begin MonoManager ReloadAssembly
Symbol file LoadedFromMemory doesn't match image E:\UNIAT\Unity\MotoresGraficosIII\Parcial_1\TheLastSurvivor\Library\PackageCache\com.unity.visualscripting@1.7.6\Editor\VisualScripting.Core\Dependencies\DotNetZip\Unity.VisualScripting.IonicZip.dll
Symbol file LoadedFromMemory doesn't match image E:\UNIAT\Unity\MotoresGraficosIII\Parcial_1\TheLastSurvivor\Library\PackageCache\com.unity.visualscripting@1.7.6\Editor\VisualScripting.Core\Dependencies\YamlDotNet\Unity.VisualScripting.YamlDotNet.dll
Native extension for WindowsStandalone target not found
Native extension for iOS target not found
Native extension for Android target not found
Native extension for WebGL target not found
Refreshing native plugins compatible for Editor in 0.65 ms, found 4 plugins.
Preloading 0 native plugins for Editor in 0.00 ms.
Mono: successfully reloaded assembly
- Completed reload, in  0.693 seconds
Domain Reload Profiling:
	ReloadAssembly (693ms)
		BeginReloadAssembly (87ms)
			ExecutionOrderSort (0ms)
			DisableScriptedObjects (4ms)
			BackupInstance (0ms)
			ReleaseScriptingObjects (0ms)
			CreateAndSetChildDomain (22ms)
		EndReloadAssembly (547ms)
			LoadAssemblies (57ms)
			RebuildTransferFunctionScriptingTraits (0ms)
			SetupTypeCache (142ms)
			ReleaseScriptCaches (1ms)
			RebuildScriptCaches (27ms)
			SetupLoadedEditorAssemblies (292ms)
				LogAssemblyErrors (0ms)
				InitializePlatformSupportModulesInManaged (21ms)
				SetLoadedEditorAssemblies (0ms)
				RefreshPlugins (1ms)
				BeforeProcessingInitializeOnLoad (98ms)
				ProcessInitializeOnLoadAttributes (143ms)
				ProcessInitializeOnLoadMethodAttributes (21ms)
				AfterProcessingInitializeOnLoad (7ms)
				EditorAssembliesLoaded (0ms)
			ExecutionOrderSort2 (0ms)
			AwakeInstancesAfterBackupRestoration (5ms)
Platform modules already initialized, skipping
Refreshing native plugins compatible for Editor in 2.39 ms, found 4 plugins.
Preloading 0 native plugins for Editor in 0.00 ms.
Unloading 4701 Unused Serialized files (Serialized files now loaded: 0)
Unloading 61 unused Assets / (193.7 KB). Loaded Objects now: 5214.
Memory consumption went from 179.2 MB to 179.0 MB.
Total: 2.456700 ms (FindLiveObjects: 0.191900 ms CreateObjectMapping: 0.105700 ms MarkObjects: 2.052900 ms  DeleteObjects: 0.105400 ms)

AssetImportParameters requested are different than current active one (requested -> active):
  custom:video-decoder-ogg-theora: a1e56fd34408186e4bbccfd4996cb3dc -> 
  custom:container-muxer-webm: aa71ff27fc2769a1b78a27578f13a17b -> 
  custom:container-demuxer-webm: 4f35f7cbe854078d1ac9338744f61a02 -> 
  custom:video-encoder-webm-vp8: eb34c28f22e8b96e1ab97ce403110664 -> 
  custom:audio-encoder-webm-vorbis: bf7c407c2cedff20999df2af8eb42d56 -> 
  custom:framework-win-MediaFoundation: 216162199b28c13a410421893ffa2e32 -> 
  custom:container-demuxer-ogg: 62fdf1f143b41e24485cea50d1cbac27 -> 
  custom:video-decoder-webm-vp8: 9c59270c3fd7afecdb556c50c9e8de78 -> 
  custom:audio-decoder-ogg-vorbis: bf7c407c2cedff20999df2af8eb42d56 -> 
========================================================================
Received Import Request.
  Time since last request: 120.255899 seconds.
  path: Assets/_Animations/Player.controller
  artifactKey: Guid(e9759ed603e47f542a3af2997e25ee12) Importer(815301076,1909f56bfc062723c751e8b465ee728b)
Start importing Assets/_Animations/Player.controller using Guid(e9759ed603e47f542a3af2997e25ee12) Importer(815301076,1909f56bfc062723c751e8b465ee728b)  -> (artifact id: '076b4ea9c97a3348b110ca33d0292ccb') in 0.017129 seconds 
========================================================================
Received Prepare
Registering precompiled user dll's ...
Registered in 0.004040 seconds.
Begin MonoManager ReloadAssembly
Symbol file LoadedFromMemory doesn't match image E:\UNIAT\Unity\MotoresGraficosIII\Parcial_1\TheLastSurvivor\Library\PackageCache\com.unity.visualscripting@1.7.6\Editor\VisualScripting.Core\Dependencies\DotNetZip\Unity.VisualScripting.IonicZip.dll
Symbol file LoadedFromMemory doesn't match image E:\UNIAT\Unity\MotoresGraficosIII\Parcial_1\TheLastSurvivor\Library\PackageCache\com.unity.visualscripting@1.7.6\Editor\VisualScripting.Core\Dependencies\YamlDotNet\Unity.VisualScripting.YamlDotNet.dll
Native extension for WindowsStandalone target not found
Native extension for iOS target not found
Native extension for Android target not found
Native extension for WebGL target not found
Refreshing native plugins compatible for Editor in 0.75 ms, found 4 plugins.
Preloading 0 native plugins for Editor in 0.00 ms.
Mono: successfully reloaded assembly
- Completed reload, in  0.693 seconds
Domain Reload Profiling:
	ReloadAssembly (693ms)
		BeginReloadAssembly (88ms)
			ExecutionOrderSort (0ms)
			DisableScriptedObjects (4ms)
			BackupInstance (0ms)
			ReleaseScriptingObjects (0ms)
			CreateAndSetChildDomain (22ms)
		EndReloadAssembly (545ms)
			LoadAssemblies (60ms)
			RebuildTransferFunctionScriptingTraits (0ms)
			SetupTypeCache (139ms)
			ReleaseScriptCaches (1ms)
			RebuildScriptCaches (26ms)
			SetupLoadedEditorAssemblies (294ms)
				LogAssemblyErrors (0ms)
				InitializePlatformSupportModulesInManaged (22ms)
				SetLoadedEditorAssemblies (0ms)
				RefreshPlugins (1ms)
				BeforeProcessingInitializeOnLoad (102ms)
				ProcessInitializeOnLoadAttributes (141ms)
				ProcessInitializeOnLoadMethodAttributes (21ms)
				AfterProcessingInitializeOnLoad (7ms)
				EditorAssembliesLoaded (0ms)
			ExecutionOrderSort2 (0ms)
			AwakeInstancesAfterBackupRestoration (6ms)
Platform modules already initialized, skipping
Refreshing native plugins compatible for Editor in 2.29 ms, found 4 plugins.
Preloading 0 native plugins for Editor in 0.00 ms.
Unloading 4701 Unused Serialized files (Serialized files now loaded: 0)
Unloading 61 unused Assets / (193.8 KB). Loaded Objects now: 5217.
Memory consumption went from 179.2 MB to 179.0 MB.
Total: 2.761300 ms (FindLiveObjects: 0.188800 ms CreateObjectMapping: 0.103600 ms MarkObjects: 2.372400 ms  DeleteObjects: 0.096100 ms)

AssetImportParameters requested are different than current active one (requested -> active):
  custom:video-decoder-ogg-theora: a1e56fd34408186e4bbccfd4996cb3dc -> 
  custom:container-muxer-webm: aa71ff27fc2769a1b78a27578f13a17b -> 
  custom:container-demuxer-webm: 4f35f7cbe854078d1ac9338744f61a02 -> 
  custom:video-encoder-webm-vp8: eb34c28f22e8b96e1ab97ce403110664 -> 
  custom:audio-encoder-webm-vorbis: bf7c407c2cedff20999df2af8eb42d56 -> 
  custom:framework-win-MediaFoundation: 216162199b28c13a410421893ffa2e32 -> 
  custom:container-demuxer-ogg: 62fdf1f143b41e24485cea50d1cbac27 -> 
  custom:video-decoder-webm-vp8: 9c59270c3fd7afecdb556c50c9e8de78 -> 
  custom:audio-decoder-ogg-vorbis: bf7c407c2cedff20999df2af8eb42d56 -> 
========================================================================
Received Prepare
Registering precompiled user dll's ...
Registered in 0.004159 seconds.
Begin MonoManager ReloadAssembly
Symbol file LoadedFromMemory doesn't match image E:\UNIAT\Unity\MotoresGraficosIII\Parcial_1\TheLastSurvivor\Library\PackageCache\com.unity.visualscripting@1.7.6\Editor\VisualScripting.Core\Dependencies\DotNetZip\Unity.VisualScripting.IonicZip.dll
Symbol file LoadedFromMemory doesn't match image E:\UNIAT\Unity\MotoresGraficosIII\Parcial_1\TheLastSurvivor\Library\PackageCache\com.unity.visualscripting@1.7.6\Editor\VisualScripting.Core\Dependencies\YamlDotNet\Unity.VisualScripting.YamlDotNet.dll
Native extension for WindowsStandalone target not found
Native extension for iOS target not found
Native extension for Android target not found
Native extension for WebGL target not found
Refreshing native plugins compatible for Editor in 0.67 ms, found 4 plugins.
Preloading 0 native plugins for Editor in 0.00 ms.
Mono: successfully reloaded assembly
- Completed reload, in  0.712 seconds
Domain Reload Profiling:
	ReloadAssembly (713ms)
		BeginReloadAssembly (91ms)
			ExecutionOrderSort (0ms)
			DisableScriptedObjects (4ms)
			BackupInstance (0ms)
			ReleaseScriptingObjects (0ms)
			CreateAndSetChildDomain (23ms)
		EndReloadAssembly (561ms)
			LoadAssemblies (64ms)
			RebuildTransferFunctionScriptingTraits (0ms)
			SetupTypeCache (142ms)
			ReleaseScriptCaches (1ms)
			RebuildScriptCaches (27ms)
			SetupLoadedEditorAssemblies (304ms)
				LogAssemblyErrors (0ms)
				InitializePlatformSupportModulesInManaged (22ms)
				SetLoadedEditorAssemblies (0ms)
				RefreshPlugins (1ms)
				BeforeProcessingInitializeOnLoad (103ms)
				ProcessInitializeOnLoadAttributes (150ms)
				ProcessInitializeOnLoadMethodAttributes (22ms)
				AfterProcessingInitializeOnLoad (7ms)
				EditorAssembliesLoaded (0ms)
			ExecutionOrderSort2 (0ms)
			AwakeInstancesAfterBackupRestoration (5ms)
Platform modules already initialized, skipping
Refreshing native plugins compatible for Editor in 2.61 ms, found 4 plugins.
Preloading 0 native plugins for Editor in 0.00 ms.
Unloading 4701 Unused Serialized files (Serialized files now loaded: 0)
Unloading 61 unused Assets / (193.9 KB). Loaded Objects now: 5220.
Memory consumption went from 179.2 MB to 179.1 MB.
Total: 2.927400 ms (FindLiveObjects: 0.226300 ms CreateObjectMapping: 0.112900 ms MarkObjects: 2.468700 ms  DeleteObjects: 0.118800 ms)

AssetImportParameters requested are different than current active one (requested -> active):
  custom:video-decoder-ogg-theora: a1e56fd34408186e4bbccfd4996cb3dc -> 
  custom:container-muxer-webm: aa71ff27fc2769a1b78a27578f13a17b -> 
  custom:container-demuxer-webm: 4f35f7cbe854078d1ac9338744f61a02 -> 
  custom:video-encoder-webm-vp8: eb34c28f22e8b96e1ab97ce403110664 -> 
  custom:audio-encoder-webm-vorbis: bf7c407c2cedff20999df2af8eb42d56 -> 
  custom:framework-win-MediaFoundation: 216162199b28c13a410421893ffa2e32 -> 
  custom:container-demuxer-ogg: 62fdf1f143b41e24485cea50d1cbac27 -> 
  custom:video-decoder-webm-vp8: 9c59270c3fd7afecdb556c50c9e8de78 -> 
  custom:audio-decoder-ogg-vorbis: bf7c407c2cedff20999df2af8eb42d56 -> 
========================================================================
Received Prepare
Registering precompiled user dll's ...
Registered in 0.003925 seconds.
Begin MonoManager ReloadAssembly
Symbol file LoadedFromMemory doesn't match image E:\UNIAT\Unity\MotoresGraficosIII\Parcial_1\TheLastSurvivor\Library\PackageCache\com.unity.visualscripting@1.7.6\Editor\VisualScripting.Core\Dependencies\DotNetZip\Unity.VisualScripting.IonicZip.dll
Symbol file LoadedFromMemory doesn't match image E:\UNIAT\Unity\MotoresGraficosIII\Parcial_1\TheLastSurvivor\Library\PackageCache\com.unity.visualscripting@1.7.6\Editor\VisualScripting.Core\Dependencies\YamlDotNet\Unity.VisualScripting.YamlDotNet.dll
Native extension for WindowsStandalone target not found
Native extension for iOS target not found
Native extension for Android target not found
Native extension for WebGL target not found
Refreshing native plugins compatible for Editor in 0.72 ms, found 4 plugins.
Preloading 0 native plugins for Editor in 0.00 ms.
Mono: successfully reloaded assembly
- Completed reload, in  0.698 seconds
Domain Reload Profiling:
	ReloadAssembly (698ms)
		BeginReloadAssembly (89ms)
			ExecutionOrderSort (0ms)
			DisableScriptedObjects (4ms)
			BackupInstance (0ms)
			ReleaseScriptingObjects (0ms)
			CreateAndSetChildDomain (22ms)
		EndReloadAssembly (550ms)
			LoadAssemblies (63ms)
			RebuildTransferFunctionScriptingTraits (0ms)
			SetupTypeCache (137ms)
			ReleaseScriptCaches (1ms)
			RebuildScriptCaches (26ms)
			SetupLoadedEditorAssemblies (297ms)
				LogAssemblyErrors (0ms)
				InitializePlatformSupportModulesInManaged (22ms)
				SetLoadedEditorAssemblies (0ms)
				RefreshPlugins (1ms)
				BeforeProcessingInitializeOnLoad (100ms)
				ProcessInitializeOnLoadAttributes (143ms)
				ProcessInitializeOnLoadMethodAttributes (24ms)
				AfterProcessingInitializeOnLoad (7ms)
				EditorAssembliesLoaded (0ms)
			ExecutionOrderSort2 (0ms)
			AwakeInstancesAfterBackupRestoration (6ms)
Platform modules already initialized, skipping
Refreshing native plugins compatible for Editor in 2.34 ms, found 4 plugins.
Preloading 0 native plugins for Editor in 0.00 ms.
Unloading 4701 Unused Serialized files (Serialized files now loaded: 0)
Unloading 61 unused Assets / (193.8 KB). Loaded Objects now: 5223.
Memory consumption went from 179.3 MB to 179.1 MB.
Total: 2.902400 ms (FindLiveObjects: 0.215600 ms CreateObjectMapping: 0.105000 ms MarkObjects: 2.411200 ms  DeleteObjects: 0.169800 ms)

AssetImportParameters requested are different than current active one (requested -> active):
  custom:video-decoder-ogg-theora: a1e56fd34408186e4bbccfd4996cb3dc -> 
  custom:container-muxer-webm: aa71ff27fc2769a1b78a27578f13a17b -> 
  custom:container-demuxer-webm: 4f35f7cbe854078d1ac9338744f61a02 -> 
  custom:video-encoder-webm-vp8: eb34c28f22e8b96e1ab97ce403110664 -> 
  custom:audio-encoder-webm-vorbis: bf7c407c2cedff20999df2af8eb42d56 -> 
  custom:framework-win-MediaFoundation: 216162199b28c13a410421893ffa2e32 -> 
  custom:container-demuxer-ogg: 62fdf1f143b41e24485cea50d1cbac27 -> 
  custom:video-decoder-webm-vp8: 9c59270c3fd7afecdb556c50c9e8de78 -> 
  custom:audio-decoder-ogg-vorbis: bf7c407c2cedff20999df2af8eb42d56 -> 
========================================================================
Received Prepare
Registering precompiled user dll's ...
Registered in 0.003974 seconds.
Begin MonoManager ReloadAssembly
Symbol file LoadedFromMemory doesn't match image E:\UNIAT\Unity\MotoresGraficosIII\Parcial_1\TheLastSurvivor\Library\PackageCache\com.unity.visualscripting@1.7.6\Editor\VisualScripting.Core\Dependencies\DotNetZip\Unity.VisualScripting.IonicZip.dll
Symbol file LoadedFromMemory doesn't match image E:\UNIAT\Unity\MotoresGraficosIII\Parcial_1\TheLastSurvivor\Library\PackageCache\com.unity.visualscripting@1.7.6\Editor\VisualScripting.Core\Dependencies\YamlDotNet\Unity.VisualScripting.YamlDotNet.dll
Native extension for WindowsStandalone target not found
Native extension for iOS target not found
Native extension for Android target not found
Native extension for WebGL target not found
Refreshing native plugins compatible for Editor in 0.70 ms, found 4 plugins.
Preloading 0 native plugins for Editor in 0.00 ms.
Mono: successfully reloaded assembly
- Completed reload, in  0.703 seconds
Domain Reload Profiling:
	ReloadAssembly (703ms)
		BeginReloadAssembly (87ms)
			ExecutionOrderSort (0ms)
			DisableScriptedObjects (4ms)
			BackupInstance (0ms)
			ReleaseScriptingObjects (0ms)
			CreateAndSetChildDomain (22ms)
		EndReloadAssembly (556ms)
			LoadAssemblies (61ms)
			RebuildTransferFunctionScriptingTraits (0ms)
			SetupTypeCache (141ms)
			ReleaseScriptCaches (1ms)
			RebuildScriptCaches (26ms)
			SetupLoadedEditorAssemblies (302ms)
				LogAssemblyErrors (0ms)
				InitializePlatformSupportModulesInManaged (21ms)
				SetLoadedEditorAssemblies (0ms)
				RefreshPlugins (1ms)
				BeforeProcessingInitializeOnLoad (104ms)
				ProcessInitializeOnLoadAttributes (147ms)
				ProcessInitializeOnLoadMethodAttributes (21ms)
				AfterProcessingInitializeOnLoad (7ms)
				EditorAssembliesLoaded (0ms)
			ExecutionOrderSort2 (0ms)
			AwakeInstancesAfterBackupRestoration (5ms)
Platform modules already initialized, skipping
Refreshing native plugins compatible for Editor in 2.56 ms, found 4 plugins.
Preloading 0 native plugins for Editor in 0.00 ms.
Unloading 4701 Unused Serialized files (Serialized files now loaded: 0)
Unloading 61 unused Assets / (193.9 KB). Loaded Objects now: 5226.
Memory consumption went from 179.3 MB to 179.1 MB.
Total: 2.711100 ms (FindLiveObjects: 0.209400 ms CreateObjectMapping: 0.107900 ms MarkObjects: 2.275000 ms  DeleteObjects: 0.117900 ms)

AssetImportParameters requested are different than current active one (requested -> active):
  custom:video-decoder-ogg-theora: a1e56fd34408186e4bbccfd4996cb3dc -> 
  custom:container-muxer-webm: aa71ff27fc2769a1b78a27578f13a17b -> 
  custom:container-demuxer-webm: 4f35f7cbe854078d1ac9338744f61a02 -> 
  custom:video-encoder-webm-vp8: eb34c28f22e8b96e1ab97ce403110664 -> 
  custom:audio-encoder-webm-vorbis: bf7c407c2cedff20999df2af8eb42d56 -> 
  custom:framework-win-MediaFoundation: 216162199b28c13a410421893ffa2e32 -> 
  custom:container-demuxer-ogg: 62fdf1f143b41e24485cea50d1cbac27 -> 
  custom:video-decoder-webm-vp8: 9c59270c3fd7afecdb556c50c9e8de78 -> 
  custom:audio-decoder-ogg-vorbis: bf7c407c2cedff20999df2af8eb42d56 -> 
========================================================================
Received Import Request.
  Time since last request: 389.872418 seconds.
  path: Assets/_Animations/idle_player.anim
  artifactKey: Guid(ae648689aa2e36840b899f18393bb907) Importer(815301076,1909f56bfc062723c751e8b465ee728b)
Start importing Assets/_Animations/idle_player.anim using Guid(ae648689aa2e36840b899f18393bb907) Importer(815301076,1909f56bfc062723c751e8b465ee728b)  -> (artifact id: '862e1b1a02064afadbf4d0c9c5d5baed') in 0.018291 seconds 
========================================================================
Received Import Request.
  Time since last request: 18.351836 seconds.
  path: Assets/_Prefabs/Bullet.prefab
  artifactKey: Guid(4d17c9777a381794b8700efd277ee55b) Importer(815301076,1909f56bfc062723c751e8b465ee728b)
Start importing Assets/_Prefabs/Bullet.prefab using Guid(4d17c9777a381794b8700efd277ee55b) Importer(815301076,1909f56bfc062723c751e8b465ee728b)  -> (artifact id: 'f660f7cc8230a2208369eeb5f35cce67') in 0.038211 seconds 
========================================================================
Received Import Request.
  Time since last request: 0.010566 seconds.
  path: Assets/VirtualButtonsForUnity/VirtualButtonsForUnity/Prefabs/Joystick Floating.prefab
  artifactKey: Guid(efadf30c50b27cd5ca146ec5d01ca2b6) Importer(815301076,1909f56bfc062723c751e8b465ee728b)
Start importing Assets/VirtualButtonsForUnity/VirtualButtonsForUnity/Prefabs/Joystick Floating.prefab using Guid(efadf30c50b27cd5ca146ec5d01ca2b6) Importer(815301076,1909f56bfc062723c751e8b465ee728b)  -> (artifact id: 'a0cc16fb4184786a4c3c74d0c9702f59') in 0.040753 seconds 
========================================================================
Received Import Request.
  Time since last request: 0.000033 seconds.
  path: Packages/com.unity.2d.spriteshape/Editor/ObjectMenuCreation/DefaultAssets/Sprite Shapes/Open Sprite Shape.prefab
  artifactKey: Guid(86ae7de409eb54f619fb1328e4d42480) Importer(815301076,1909f56bfc062723c751e8b465ee728b)
Start importing Packages/com.unity.2d.spriteshape/Editor/ObjectMenuCreation/DefaultAssets/Sprite Shapes/Open Sprite Shape.prefab using Guid(86ae7de409eb54f619fb1328e4d42480) Importer(815301076,1909f56bfc062723c751e8b465ee728b)  -> (artifact id: '3223beb1fa1e0899bb3e70e60e22d6b3') in 0.192466 seconds 
========================================================================
Received Import Request.
  Time since last request: 0.000029 seconds.
  path: Packages/com.unity.2d.spriteshape/Editor/ObjectMenuCreation/DefaultAssets/Sprite Shapes/Closed Sprite Shape.prefab
  artifactKey: Guid(c0583b4e855c74b8c82e7b9b5efb5ce9) Importer(815301076,1909f56bfc062723c751e8b465ee728b)
Start importing Packages/com.unity.2d.spriteshape/Editor/ObjectMenuCreation/DefaultAssets/Sprite Shapes/Closed Sprite Shape.prefab using Guid(c0583b4e855c74b8c82e7b9b5efb5ce9) Importer(815301076,1909f56bfc062723c751e8b465ee728b)  -> (artifact id: 'fd4407d664b26dcd78af8a73cd64352b') in 0.014186 seconds 
========================================================================
Received Import Request.
  Time since last request: 0.000027 seconds.
  path: Assets/_Prefabs/Heart.prefab
  artifactKey: Guid(f60f7210c83f42b4993c676c21f46bab) Importer(815301076,1909f56bfc062723c751e8b465ee728b)
Start importing Assets/_Prefabs/Heart.prefab using Guid(f60f7210c83f42b4993c676c21f46bab) Importer(815301076,1909f56bfc062723c751e8b465ee728b)  -> (artifact id: 'cde40a22f1276d2ab0174c105520f2b7') in 0.021399 seconds 
========================================================================
Received Import Request.
  Time since last request: 0.000020 seconds.
  path: Assets/VirtualButtonsForUnity/VirtualButtonsForUnity/Prefabs/DPad.prefab
  artifactKey: Guid(13669504b50c96f3e8e7229e098eff75) Importer(815301076,1909f56bfc062723c751e8b465ee728b)
Start importing Assets/VirtualButtonsForUnity/VirtualButtonsForUnity/Prefabs/DPad.prefab using Guid(13669504b50c96f3e8e7229e098eff75) Importer(815301076,1909f56bfc062723c751e8b465ee728b)  -> (artifact id: 'dbd0d1fb0c7fa66392d90e75c56e5b01') in 0.161398 seconds 
Editor requested this worker to shutdown with reason: Scaling down because of idle timeout
AssetImportWorker is now disconnected from the server
Process exiting
Exiting without the bug reporter. Application will terminate with return code 0