Using pre-set license
Built from '2021.3/staging' branch; Version is '2021.3.3f1 (af2e63e8f9bd) revision 11480675'; Using compiler version '192829333'; Build Type 'Release'
OS: 'Windows 11  (10.0.26100) 64bit Professional' Language: 'es' Physical Memory: 65276 MB
BatchMode: 1, IsHumanControllingUs: 0, StartBugReporterOnCrash: 0, Is64bit: 1, IsPro: 1

COMMAND LINE ARGUMENTS:
C:\Program Files\Unity\Hub\Editor\2021.3.3f1\Editor\Unity.exe
-adb2
-batchMode
-noUpm
-name
AssetImportWorker0
-projectPath
E:/UNIAT/Unity/MotoresGraficosIII/Parcial_1/TheLastSurvivor
-logFile
Logs/AssetImportWorker0.log
-srvPort
54906
Successfully changed project path to: E:/UNIAT/Unity/MotoresGraficosIII/Parcial_1/TheLastSurvivor
E:/UNIAT/Unity/MotoresGraficosIII/Parcial_1/TheLastSurvivor
[UnityMemory] Configuration Parameters - Can be set up in boot.config
    "memorysetup-bucket-allocator-granularity=16"
    "memorysetup-bucket-allocator-bucket-count=8"
    "memorysetup-bucket-allocator-block-size=33554432"
    "memorysetup-bucket-allocator-block-count=8"
    "memorysetup-main-allocator-block-size=16777216"
    "memorysetup-thread-allocator-block-size=16777216"
    "memorysetup-gfx-main-allocator-block-size=16777216"
    "memorysetup-gfx-thread-allocator-block-size=16777216"
    "memorysetup-cache-allocator-block-size=4194304"
    "memorysetup-typetree-allocator-block-size=2097152"
    "memorysetup-profiler-bucket-allocator-granularity=16"
    "memorysetup-profiler-bucket-allocator-bucket-count=8"
    "memorysetup-profiler-bucket-allocator-block-size=33554432"
    "memorysetup-profiler-bucket-allocator-block-count=8"
    "memorysetup-profiler-allocator-block-size=16777216"
    "memorysetup-profiler-editor-allocator-block-size=1048576"
    "memorysetup-temp-allocator-size-main=16777216"
    "memorysetup-job-temp-allocator-block-size=2097152"
    "memorysetup-job-temp-allocator-block-size-background=1048576"
    "memorysetup-job-temp-allocator-reduction-small-platforms=262144"
    "memorysetup-temp-allocator-size-background-worker=32768"
    "memorysetup-temp-allocator-size-job-worker=262144"
    "memorysetup-temp-allocator-size-preload-manager=33554432"
    "memorysetup-temp-allocator-size-nav-mesh-worker=65536"
    "memorysetup-temp-allocator-size-audio-worker=65536"
    "memorysetup-temp-allocator-size-cloud-worker=32768"
    "memorysetup-temp-allocator-size-gi-baking-worker=262144"
    "memorysetup-temp-allocator-size-gfx=262144"
Refreshing native plugins compatible for Editor in 175.88 ms, found 4 plugins.
Preloading 0 native plugins for Editor in 0.00 ms.
Initialize engine version: 2021.3.3f1 (af2e63e8f9bd)
[Subsystems] Discovering subsystems at path C:/Program Files/Unity/Hub/Editor/2021.3.3f1/Editor/Data/Resources/UnitySubsystems
[Subsystems] Discovering subsystems at path E:/UNIAT/Unity/MotoresGraficosIII/Parcial_1/TheLastSurvivor/Assets
GfxDevice: creating device client; threaded=0; jobified=0
Direct3D:
    Version:  Direct3D 11.0 [level 11.1]
    Renderer: NVIDIA GeForce RTX 4070 Ti (ID=0x2782)
    Vendor:   NVIDIA
    VRAM:     11996 MB
    Driver:   32.0.15.6614
Initialize mono
Mono path[0] = 'C:/Program Files/Unity/Hub/Editor/2021.3.3f1/Editor/Data/Managed'
Mono path[1] = 'C:/Program Files/Unity/Hub/Editor/2021.3.3f1/Editor/Data/MonoBleedingEdge/lib/mono/unityjit-win32'
Mono config path = 'C:/Program Files/Unity/Hub/Editor/2021.3.3f1/Editor/Data/MonoBleedingEdge/etc'
Using monoOptions --debugger-agent=transport=dt_socket,embedding=1,server=y,suspend=n,address=127.0.0.1:56496
Begin MonoManager ReloadAssembly
Registering precompiled unity dll's ...
Register platform support module: C:/Program Files/Unity/Hub/Editor/2021.3.3f1/Editor/Data/PlaybackEngines/WebGLSupport/UnityEditor.WebGL.Extensions.dll
Register platform support module: C:/Program Files/Unity/Hub/Editor/2021.3.3f1/Editor/Data/PlaybackEngines/AndroidPlayer/UnityEditor.Android.Extensions.dll
Register platform support module: C:/Program Files/Unity/Hub/Editor/2021.3.3f1/Editor/Data/PlaybackEngines/iOSSupport/UnityEditor.iOS.Extensions.dll
Register platform support module: C:/Program Files/Unity/Hub/Editor/2021.3.3f1/Editor/Data/PlaybackEngines/WindowsStandaloneSupport/UnityEditor.WindowsStandalone.Extensions.dll
Registered in 0.007264 seconds.
Native extension for WindowsStandalone target not found
[usbmuxd] Start listen thread
[usbmuxd] Listen thread started
Native extension for iOS target not found
Native extension for Android target not found
Native extension for WebGL target not found
Refreshing native plugins compatible for Editor in 182.60 ms, found 4 plugins.
Preloading 0 native plugins for Editor in 0.00 ms.
Mono: successfully reloaded assembly
- Completed reload, in  0.538 seconds
Domain Reload Profiling:
	ReloadAssembly (538ms)
		BeginReloadAssembly (51ms)
			ExecutionOrderSort (0ms)
			DisableScriptedObjects (0ms)
			BackupInstance (0ms)
			ReleaseScriptingObjects (0ms)
			CreateAndSetChildDomain (0ms)
		EndReloadAssembly (417ms)
			LoadAssemblies (50ms)
			RebuildTransferFunctionScriptingTraits (0ms)
			SetupTypeCache (60ms)
			ReleaseScriptCaches (0ms)
			RebuildScriptCaches (16ms)
			SetupLoadedEditorAssemblies (308ms)
				LogAssemblyErrors (0ms)
				InitializePlatformSupportModulesInManaged (43ms)
				SetLoadedEditorAssemblies (0ms)
				RefreshPlugins (183ms)
				BeforeProcessingInitializeOnLoad (1ms)
				ProcessInitializeOnLoadAttributes (55ms)
				ProcessInitializeOnLoadMethodAttributes (27ms)
				AfterProcessingInitializeOnLoad (0ms)
				EditorAssembliesLoaded (0ms)
			ExecutionOrderSort2 (0ms)
			AwakeInstancesAfterBackupRestoration (0ms)
Platform modules already initialized, skipping
Registering precompiled user dll's ...
Registered in 0.004372 seconds.
Begin MonoManager ReloadAssembly
Symbol file LoadedFromMemory doesn't match image E:\UNIAT\Unity\MotoresGraficosIII\Parcial_1\TheLastSurvivor\Library\PackageCache\com.unity.visualscripting@1.7.6\Editor\VisualScripting.Core\Dependencies\DotNetZip\Unity.VisualScripting.IonicZip.dll
Symbol file LoadedFromMemory doesn't match image E:\UNIAT\Unity\MotoresGraficosIII\Parcial_1\TheLastSurvivor\Library\PackageCache\com.unity.visualscripting@1.7.6\Editor\VisualScripting.Core\Dependencies\YamlDotNet\Unity.VisualScripting.YamlDotNet.dll
Native extension for WindowsStandalone target not found
Native extension for iOS target not found
Native extension for Android target not found
Native extension for WebGL target not found
Refreshing native plugins compatible for Editor in 198.72 ms, found 4 plugins.
Preloading 0 native plugins for Editor in 0.00 ms.
Mono: successfully reloaded assembly
Package Manager log level set to [2]
- Completed reload, in  1.098 seconds
Domain Reload Profiling:
	ReloadAssembly (1099ms)
		BeginReloadAssembly (179ms)
			ExecutionOrderSort (0ms)
			DisableScriptedObjects (3ms)
			BackupInstance (0ms)
			ReleaseScriptingObjects (0ms)
			CreateAndSetChildDomain (117ms)
		EndReloadAssembly (858ms)
			LoadAssemblies (66ms)
			RebuildTransferFunctionScriptingTraits (0ms)
			SetupTypeCache (150ms)
			ReleaseScriptCaches (0ms)
			RebuildScriptCaches (36ms)
			SetupLoadedEditorAssemblies (582ms)
				LogAssemblyErrors (0ms)
				InitializePlatformSupportModulesInManaged (22ms)
				SetLoadedEditorAssemblies (0ms)
				RefreshPlugins (199ms)
				BeforeProcessingInitializeOnLoad (163ms)
				ProcessInitializeOnLoadAttributes (167ms)
				ProcessInitializeOnLoadMethodAttributes (24ms)
				AfterProcessingInitializeOnLoad (7ms)
				EditorAssembliesLoaded (0ms)
			ExecutionOrderSort2 (0ms)
			AwakeInstancesAfterBackupRestoration (4ms)
Platform modules already initialized, skipping
========================================================================
Worker process is ready to serve import requests
Launched and connected shader compiler UnityShaderCompiler.exe after 0.05 seconds
Refreshing native plugins compatible for Editor in 0.82 ms, found 4 plugins.
Preloading 0 native plugins for Editor in 0.00 ms.
Unloading 4721 Unused Serialized files (Serialized files now loaded: 0)
Unloading 76 unused Assets / (227.1 KB). Loaded Objects now: 5146.
Memory consumption went from 176.0 MB to 175.8 MB.
Total: 2.474900 ms (FindLiveObjects: 0.203000 ms CreateObjectMapping: 0.103100 ms MarkObjects: 2.059200 ms  DeleteObjects: 0.108800 ms)

AssetImportParameters requested are different than current active one (requested -> active):
  custom:video-decoder-ogg-theora: a1e56fd34408186e4bbccfd4996cb3dc -> 
  custom:container-muxer-webm: aa71ff27fc2769a1b78a27578f13a17b -> 
  custom:container-demuxer-webm: 4f35f7cbe854078d1ac9338744f61a02 -> 
  custom:video-encoder-webm-vp8: eb34c28f22e8b96e1ab97ce403110664 -> 
  custom:audio-encoder-webm-vorbis: bf7c407c2cedff20999df2af8eb42d56 -> 
  custom:framework-win-MediaFoundation: 216162199b28c13a410421893ffa2e32 -> 
  custom:container-demuxer-ogg: 62fdf1f143b41e24485cea50d1cbac27 -> 
  custom:video-decoder-webm-vp8: 9c59270c3fd7afecdb556c50c9e8de78 -> 
  custom:audio-decoder-ogg-vorbis: bf7c407c2cedff20999df2af8eb42d56 -> 
========================================================================
Received Import Request.
  Time since last request: 15922.467707 seconds.
  path: Assets/VirtualButtonsForUnity/VirtualButtonsForUnity/Sprites/circle-border.png
  artifactKey: Guid(0292bb946198207e9b17503e15966465) Importer(815301076,1909f56bfc062723c751e8b465ee728b)
Start importing Assets/VirtualButtonsForUnity/VirtualButtonsForUnity/Sprites/circle-border.png using Guid(0292bb946198207e9b17503e15966465) Importer(815301076,1909f56bfc062723c751e8b465ee728b)  -> (artifact id: 'bd56db458369b440f1e36b93359e612e') in 0.101223 seconds 
========================================================================
Received Import Request.
  Time since last request: 0.841115 seconds.
  path: Assets/VirtualButtonsForUnity/VirtualButtonsForUnity/Sprites/directional.png
  artifactKey: Guid(a94e22f504b6549b4b99a471ca0e1d14) Importer(815301076,1909f56bfc062723c751e8b465ee728b)
Start importing Assets/VirtualButtonsForUnity/VirtualButtonsForUnity/Sprites/directional.png using Guid(a94e22f504b6549b4b99a471ca0e1d14) Importer(815301076,1909f56bfc062723c751e8b465ee728b)  -> (artifact id: 'c167285d2ce60ffa3cdae1980fe7c1b2') in 0.153049 seconds 
========================================================================
Received Import Request.
  Time since last request: 0.345696 seconds.
  path: Assets/VirtualButtonsForUnity/VirtualButtonsForUnity/Sprites/joystick.png
  artifactKey: Guid(83adf99002fa21b9f8602d8d97948c61) Importer(815301076,1909f56bfc062723c751e8b465ee728b)
Start importing Assets/VirtualButtonsForUnity/VirtualButtonsForUnity/Sprites/joystick.png using Guid(83adf99002fa21b9f8602d8d97948c61) Importer(815301076,1909f56bfc062723c751e8b465ee728b)  -> (artifact id: 'fe7ed7c41f544d921494a827550dde02') in 0.041571 seconds 
========================================================================
Received Prepare
Registering precompiled user dll's ...
Registered in 0.003942 seconds.
Begin MonoManager ReloadAssembly
Symbol file LoadedFromMemory doesn't match image E:\UNIAT\Unity\MotoresGraficosIII\Parcial_1\TheLastSurvivor\Library\PackageCache\com.unity.visualscripting@1.7.6\Editor\VisualScripting.Core\Dependencies\DotNetZip\Unity.VisualScripting.IonicZip.dll
Symbol file LoadedFromMemory doesn't match image E:\UNIAT\Unity\MotoresGraficosIII\Parcial_1\TheLastSurvivor\Library\PackageCache\com.unity.visualscripting@1.7.6\Editor\VisualScripting.Core\Dependencies\YamlDotNet\Unity.VisualScripting.YamlDotNet.dll
Native extension for WindowsStandalone target not found
Native extension for iOS target not found
Native extension for Android target not found
Native extension for WebGL target not found
Refreshing native plugins compatible for Editor in 0.72 ms, found 4 plugins.
Preloading 0 native plugins for Editor in 0.00 ms.
Mono: successfully reloaded assembly
- Completed reload, in  0.710 seconds
Domain Reload Profiling:
	ReloadAssembly (711ms)
		BeginReloadAssembly (89ms)
			ExecutionOrderSort (0ms)
			DisableScriptedObjects (4ms)
			BackupInstance (0ms)
			ReleaseScriptingObjects (0ms)
			CreateAndSetChildDomain (24ms)
		EndReloadAssembly (562ms)
			LoadAssemblies (61ms)
			RebuildTransferFunctionScriptingTraits (0ms)
			SetupTypeCache (139ms)
			ReleaseScriptCaches (1ms)
			RebuildScriptCaches (25ms)
			SetupLoadedEditorAssemblies (307ms)
				LogAssemblyErrors (0ms)
				InitializePlatformSupportModulesInManaged (25ms)
				SetLoadedEditorAssemblies (0ms)
				RefreshPlugins (1ms)
				BeforeProcessingInitializeOnLoad (96ms)
				ProcessInitializeOnLoadAttributes (156ms)
				ProcessInitializeOnLoadMethodAttributes (22ms)
				AfterProcessingInitializeOnLoad (7ms)
				EditorAssembliesLoaded (0ms)
			ExecutionOrderSort2 (0ms)
			AwakeInstancesAfterBackupRestoration (5ms)
Platform modules already initialized, skipping
Refreshing native plugins compatible for Editor in 2.34 ms, found 4 plugins.
Preloading 0 native plugins for Editor in 0.00 ms.
Unloading 4702 Unused Serialized files (Serialized files now loaded: 0)
Unloading 61 unused Assets / (193.8 KB). Loaded Objects now: 5159.
Memory consumption went from 178.6 MB to 178.4 MB.
Total: 2.723500 ms (FindLiveObjects: 0.279100 ms CreateObjectMapping: 0.201900 ms MarkObjects: 2.130100 ms  DeleteObjects: 0.111600 ms)

AssetImportParameters requested are different than current active one (requested -> active):
  custom:video-decoder-ogg-theora: a1e56fd34408186e4bbccfd4996cb3dc -> 
  custom:container-muxer-webm: aa71ff27fc2769a1b78a27578f13a17b -> 
  custom:container-demuxer-webm: 4f35f7cbe854078d1ac9338744f61a02 -> 
  custom:video-encoder-webm-vp8: eb34c28f22e8b96e1ab97ce403110664 -> 
  custom:audio-encoder-webm-vorbis: bf7c407c2cedff20999df2af8eb42d56 -> 
  custom:framework-win-MediaFoundation: 216162199b28c13a410421893ffa2e32 -> 
  custom:container-demuxer-ogg: 62fdf1f143b41e24485cea50d1cbac27 -> 
  custom:video-decoder-webm-vp8: 9c59270c3fd7afecdb556c50c9e8de78 -> 
  custom:audio-decoder-ogg-vorbis: bf7c407c2cedff20999df2af8eb42d56 -> 
========================================================================
Received Prepare
Registering precompiled user dll's ...
Registered in 0.004852 seconds.
Begin MonoManager ReloadAssembly
Symbol file LoadedFromMemory doesn't match image E:\UNIAT\Unity\MotoresGraficosIII\Parcial_1\TheLastSurvivor\Library\PackageCache\com.unity.visualscripting@1.7.6\Editor\VisualScripting.Core\Dependencies\DotNetZip\Unity.VisualScripting.IonicZip.dll
Symbol file LoadedFromMemory doesn't match image E:\UNIAT\Unity\MotoresGraficosIII\Parcial_1\TheLastSurvivor\Library\PackageCache\com.unity.visualscripting@1.7.6\Editor\VisualScripting.Core\Dependencies\YamlDotNet\Unity.VisualScripting.YamlDotNet.dll
Native extension for WindowsStandalone target not found
Native extension for iOS target not found
Native extension for Android target not found
Native extension for WebGL target not found
Refreshing native plugins compatible for Editor in 0.60 ms, found 4 plugins.
Preloading 0 native plugins for Editor in 0.00 ms.
Mono: successfully reloaded assembly
- Completed reload, in  0.681 seconds
Domain Reload Profiling:
	ReloadAssembly (681ms)
		BeginReloadAssembly (90ms)
			ExecutionOrderSort (0ms)
			DisableScriptedObjects (4ms)
			BackupInstance (0ms)
			ReleaseScriptingObjects (0ms)
			CreateAndSetChildDomain (24ms)
		EndReloadAssembly (532ms)
			LoadAssemblies (62ms)
			RebuildTransferFunctionScriptingTraits (0ms)
			SetupTypeCache (138ms)
			ReleaseScriptCaches (1ms)
			RebuildScriptCaches (23ms)
			SetupLoadedEditorAssemblies (285ms)
				LogAssemblyErrors (0ms)
				InitializePlatformSupportModulesInManaged (22ms)
				SetLoadedEditorAssemblies (0ms)
				RefreshPlugins (1ms)
				BeforeProcessingInitializeOnLoad (94ms)
				ProcessInitializeOnLoadAttributes (140ms)
				ProcessInitializeOnLoadMethodAttributes (21ms)
				AfterProcessingInitializeOnLoad (6ms)
				EditorAssembliesLoaded (0ms)
			ExecutionOrderSort2 (0ms)
			AwakeInstancesAfterBackupRestoration (5ms)
Platform modules already initialized, skipping
Refreshing native plugins compatible for Editor in 2.28 ms, found 4 plugins.
Preloading 0 native plugins for Editor in 0.00 ms.
Unloading 4702 Unused Serialized files (Serialized files now loaded: 0)
Unloading 61 unused Assets / (193.7 KB). Loaded Objects now: 5162.
Memory consumption went from 178.6 MB to 178.4 MB.
Total: 2.419200 ms (FindLiveObjects: 0.204800 ms CreateObjectMapping: 0.099900 ms MarkObjects: 2.009300 ms  DeleteObjects: 0.104300 ms)

AssetImportParameters requested are different than current active one (requested -> active):
  custom:video-decoder-ogg-theora: a1e56fd34408186e4bbccfd4996cb3dc -> 
  custom:container-muxer-webm: aa71ff27fc2769a1b78a27578f13a17b -> 
  custom:container-demuxer-webm: 4f35f7cbe854078d1ac9338744f61a02 -> 
  custom:video-encoder-webm-vp8: eb34c28f22e8b96e1ab97ce403110664 -> 
  custom:audio-encoder-webm-vorbis: bf7c407c2cedff20999df2af8eb42d56 -> 
  custom:framework-win-MediaFoundation: 216162199b28c13a410421893ffa2e32 -> 
  custom:container-demuxer-ogg: 62fdf1f143b41e24485cea50d1cbac27 -> 
  custom:video-decoder-webm-vp8: 9c59270c3fd7afecdb556c50c9e8de78 -> 
  custom:audio-decoder-ogg-vorbis: bf7c407c2cedff20999df2af8eb42d56 -> 
========================================================================
Received Prepare
Registering precompiled user dll's ...
Registered in 0.004227 seconds.
Begin MonoManager ReloadAssembly
Symbol file LoadedFromMemory doesn't match image E:\UNIAT\Unity\MotoresGraficosIII\Parcial_1\TheLastSurvivor\Library\PackageCache\com.unity.visualscripting@1.7.6\Editor\VisualScripting.Core\Dependencies\DotNetZip\Unity.VisualScripting.IonicZip.dll
Symbol file LoadedFromMemory doesn't match image E:\UNIAT\Unity\MotoresGraficosIII\Parcial_1\TheLastSurvivor\Library\PackageCache\com.unity.visualscripting@1.7.6\Editor\VisualScripting.Core\Dependencies\YamlDotNet\Unity.VisualScripting.YamlDotNet.dll
Native extension for WindowsStandalone target not found
Native extension for iOS target not found
Native extension for Android target not found
Native extension for WebGL target not found
Refreshing native plugins compatible for Editor in 0.81 ms, found 4 plugins.
Preloading 0 native plugins for Editor in 0.00 ms.
Mono: successfully reloaded assembly
- Completed reload, in  0.716 seconds
Domain Reload Profiling:
	ReloadAssembly (717ms)
		BeginReloadAssembly (88ms)
			ExecutionOrderSort (0ms)
			DisableScriptedObjects (4ms)
			BackupInstance (0ms)
			ReleaseScriptingObjects (0ms)
			CreateAndSetChildDomain (22ms)
		EndReloadAssembly (569ms)
			LoadAssemblies (65ms)
			RebuildTransferFunctionScriptingTraits (0ms)
			SetupTypeCache (139ms)
			ReleaseScriptCaches (1ms)
			RebuildScriptCaches (25ms)
			SetupLoadedEditorAssemblies (312ms)
				LogAssemblyErrors (0ms)
				InitializePlatformSupportModulesInManaged (24ms)
				SetLoadedEditorAssemblies (0ms)
				RefreshPlugins (1ms)
				BeforeProcessingInitializeOnLoad (98ms)
				ProcessInitializeOnLoadAttributes (158ms)
				ProcessInitializeOnLoadMethodAttributes (23ms)
				AfterProcessingInitializeOnLoad (7ms)
				EditorAssembliesLoaded (0ms)
			ExecutionOrderSort2 (0ms)
			AwakeInstancesAfterBackupRestoration (6ms)
Platform modules already initialized, skipping
Refreshing native plugins compatible for Editor in 2.34 ms, found 4 plugins.
Preloading 0 native plugins for Editor in 0.00 ms.
Unloading 4702 Unused Serialized files (Serialized files now loaded: 0)
Unloading 61 unused Assets / (193.9 KB). Loaded Objects now: 5165.
Memory consumption went from 178.6 MB to 178.5 MB.
Total: 2.316200 ms (FindLiveObjects: 0.179300 ms CreateObjectMapping: 0.085700 ms MarkObjects: 1.956600 ms  DeleteObjects: 0.093900 ms)

AssetImportParameters requested are different than current active one (requested -> active):
  custom:video-decoder-ogg-theora: a1e56fd34408186e4bbccfd4996cb3dc -> 
  custom:container-muxer-webm: aa71ff27fc2769a1b78a27578f13a17b -> 
  custom:container-demuxer-webm: 4f35f7cbe854078d1ac9338744f61a02 -> 
  custom:video-encoder-webm-vp8: eb34c28f22e8b96e1ab97ce403110664 -> 
  custom:audio-encoder-webm-vorbis: bf7c407c2cedff20999df2af8eb42d56 -> 
  custom:framework-win-MediaFoundation: 216162199b28c13a410421893ffa2e32 -> 
  custom:container-demuxer-ogg: 62fdf1f143b41e24485cea50d1cbac27 -> 
  custom:video-decoder-webm-vp8: 9c59270c3fd7afecdb556c50c9e8de78 -> 
  custom:audio-decoder-ogg-vorbis: bf7c407c2cedff20999df2af8eb42d56 -> 
========================================================================
Received Prepare
Registering precompiled user dll's ...
Registered in 0.004444 seconds.
Begin MonoManager ReloadAssembly
Symbol file LoadedFromMemory doesn't match image E:\UNIAT\Unity\MotoresGraficosIII\Parcial_1\TheLastSurvivor\Library\PackageCache\com.unity.visualscripting@1.7.6\Editor\VisualScripting.Core\Dependencies\DotNetZip\Unity.VisualScripting.IonicZip.dll
Symbol file LoadedFromMemory doesn't match image E:\UNIAT\Unity\MotoresGraficosIII\Parcial_1\TheLastSurvivor\Library\PackageCache\com.unity.visualscripting@1.7.6\Editor\VisualScripting.Core\Dependencies\YamlDotNet\Unity.VisualScripting.YamlDotNet.dll
Native extension for WindowsStandalone target not found
Native extension for iOS target not found
Native extension for Android target not found
Native extension for WebGL target not found
Refreshing native plugins compatible for Editor in 0.68 ms, found 4 plugins.
Preloading 0 native plugins for Editor in 0.00 ms.
Mono: successfully reloaded assembly
- Completed reload, in  0.728 seconds
Domain Reload Profiling:
	ReloadAssembly (729ms)
		BeginReloadAssembly (96ms)
			ExecutionOrderSort (0ms)
			DisableScriptedObjects (4ms)
			BackupInstance (0ms)
			ReleaseScriptingObjects (0ms)
			CreateAndSetChildDomain (24ms)
		EndReloadAssembly (570ms)
			LoadAssemblies (67ms)
			RebuildTransferFunctionScriptingTraits (0ms)
			SetupTypeCache (160ms)
			ReleaseScriptCaches (1ms)
			RebuildScriptCaches (26ms)
			SetupLoadedEditorAssemblies (292ms)
				LogAssemblyErrors (0ms)
				InitializePlatformSupportModulesInManaged (23ms)
				SetLoadedEditorAssemblies (0ms)
				RefreshPlugins (1ms)
				BeforeProcessingInitializeOnLoad (98ms)
				ProcessInitializeOnLoadAttributes (141ms)
				ProcessInitializeOnLoadMethodAttributes (21ms)
				AfterProcessingInitializeOnLoad (7ms)
				EditorAssembliesLoaded (0ms)
			ExecutionOrderSort2 (0ms)
			AwakeInstancesAfterBackupRestoration (5ms)
Platform modules already initialized, skipping
Refreshing native plugins compatible for Editor in 2.44 ms, found 4 plugins.
Preloading 0 native plugins for Editor in 0.00 ms.
Unloading 4702 Unused Serialized files (Serialized files now loaded: 0)
Unloading 61 unused Assets / (193.8 KB). Loaded Objects now: 5168.
Memory consumption went from 178.7 MB to 178.5 MB.
Total: 2.423500 ms (FindLiveObjects: 0.190700 ms CreateObjectMapping: 0.100900 ms MarkObjects: 2.021100 ms  DeleteObjects: 0.109900 ms)

AssetImportParameters requested are different than current active one (requested -> active):
  custom:video-decoder-ogg-theora: a1e56fd34408186e4bbccfd4996cb3dc -> 
  custom:container-muxer-webm: aa71ff27fc2769a1b78a27578f13a17b -> 
  custom:container-demuxer-webm: 4f35f7cbe854078d1ac9338744f61a02 -> 
  custom:video-encoder-webm-vp8: eb34c28f22e8b96e1ab97ce403110664 -> 
  custom:audio-encoder-webm-vorbis: bf7c407c2cedff20999df2af8eb42d56 -> 
  custom:framework-win-MediaFoundation: 216162199b28c13a410421893ffa2e32 -> 
  custom:container-demuxer-ogg: 62fdf1f143b41e24485cea50d1cbac27 -> 
  custom:video-decoder-webm-vp8: 9c59270c3fd7afecdb556c50c9e8de78 -> 
  custom:audio-decoder-ogg-vorbis: bf7c407c2cedff20999df2af8eb42d56 -> 
========================================================================
Received Prepare
Registering precompiled user dll's ...
Registered in 0.013435 seconds.
Begin MonoManager ReloadAssembly
Symbol file LoadedFromMemory doesn't match image E:\UNIAT\Unity\MotoresGraficosIII\Parcial_1\TheLastSurvivor\Library\PackageCache\com.unity.visualscripting@1.7.6\Editor\VisualScripting.Core\Dependencies\DotNetZip\Unity.VisualScripting.IonicZip.dll
Symbol file LoadedFromMemory doesn't match image E:\UNIAT\Unity\MotoresGraficosIII\Parcial_1\TheLastSurvivor\Library\PackageCache\com.unity.visualscripting@1.7.6\Editor\VisualScripting.Core\Dependencies\YamlDotNet\Unity.VisualScripting.YamlDotNet.dll
Native extension for WindowsStandalone target not found
Native extension for iOS target not found
Native extension for Android target not found
Native extension for WebGL target not found
Refreshing native plugins compatible for Editor in 0.65 ms, found 4 plugins.
Preloading 0 native plugins for Editor in 0.00 ms.
Mono: successfully reloaded assembly
- Completed reload, in  0.724 seconds
Domain Reload Profiling:
	ReloadAssembly (725ms)
		BeginReloadAssembly (96ms)
			ExecutionOrderSort (0ms)
			DisableScriptedObjects (7ms)
			BackupInstance (0ms)
			ReleaseScriptingObjects (0ms)
			CreateAndSetChildDomain (23ms)
		EndReloadAssembly (567ms)
			LoadAssemblies (68ms)
			RebuildTransferFunctionScriptingTraits (0ms)
			SetupTypeCache (144ms)
			ReleaseScriptCaches (1ms)
			RebuildScriptCaches (30ms)
			SetupLoadedEditorAssemblies (297ms)
				LogAssemblyErrors (0ms)
				InitializePlatformSupportModulesInManaged (23ms)
				SetLoadedEditorAssemblies (0ms)
				RefreshPlugins (1ms)
				BeforeProcessingInitializeOnLoad (100ms)
				ProcessInitializeOnLoadAttributes (143ms)
				ProcessInitializeOnLoadMethodAttributes (22ms)
				AfterProcessingInitializeOnLoad (8ms)
				EditorAssembliesLoaded (0ms)
			ExecutionOrderSort2 (0ms)
			AwakeInstancesAfterBackupRestoration (6ms)
Platform modules already initialized, skipping
Refreshing native plugins compatible for Editor in 2.37 ms, found 4 plugins.
Preloading 0 native plugins for Editor in 0.00 ms.
Unloading 4702 Unused Serialized files (Serialized files now loaded: 0)
Unloading 61 unused Assets / (193.7 KB). Loaded Objects now: 5171.
Memory consumption went from 178.7 MB to 178.5 MB.
Total: 2.324100 ms (FindLiveObjects: 0.182900 ms CreateObjectMapping: 0.090400 ms MarkObjects: 1.952300 ms  DeleteObjects: 0.097700 ms)

AssetImportParameters requested are different than current active one (requested -> active):
  custom:video-decoder-ogg-theora: a1e56fd34408186e4bbccfd4996cb3dc -> 
  custom:container-muxer-webm: aa71ff27fc2769a1b78a27578f13a17b -> 
  custom:container-demuxer-webm: 4f35f7cbe854078d1ac9338744f61a02 -> 
  custom:video-encoder-webm-vp8: eb34c28f22e8b96e1ab97ce403110664 -> 
  custom:audio-encoder-webm-vorbis: bf7c407c2cedff20999df2af8eb42d56 -> 
  custom:framework-win-MediaFoundation: 216162199b28c13a410421893ffa2e32 -> 
  custom:container-demuxer-ogg: 62fdf1f143b41e24485cea50d1cbac27 -> 
  custom:video-decoder-webm-vp8: 9c59270c3fd7afecdb556c50c9e8de78 -> 
  custom:audio-decoder-ogg-vorbis: bf7c407c2cedff20999df2af8eb42d56 -> 
========================================================================
Received Import Request.
  Time since last request: 1431.340396 seconds.
  path: Assets/_Scripts/PlayerTouchManager.cs
  artifactKey: Guid(291189af8fe030f499df52734452d7d1) Importer(815301076,1909f56bfc062723c751e8b465ee728b)
Start importing Assets/_Scripts/PlayerTouchManager.cs using Guid(291189af8fe030f499df52734452d7d1) Importer(815301076,1909f56bfc062723c751e8b465ee728b)  -> (artifact id: '21dfb2947fc2af5f73304fdaec20ad9a') in 0.032048 seconds 
========================================================================
Received Prepare
Registering precompiled user dll's ...
Registered in 0.006131 seconds.
Begin MonoManager ReloadAssembly
Symbol file LoadedFromMemory doesn't match image E:\UNIAT\Unity\MotoresGraficosIII\Parcial_1\TheLastSurvivor\Library\PackageCache\com.unity.visualscripting@1.7.6\Editor\VisualScripting.Core\Dependencies\DotNetZip\Unity.VisualScripting.IonicZip.dll
Symbol file LoadedFromMemory doesn't match image E:\UNIAT\Unity\MotoresGraficosIII\Parcial_1\TheLastSurvivor\Library\PackageCache\com.unity.visualscripting@1.7.6\Editor\VisualScripting.Core\Dependencies\YamlDotNet\Unity.VisualScripting.YamlDotNet.dll
Native extension for WindowsStandalone target not found
Native extension for iOS target not found
Native extension for Android target not found
Native extension for WebGL target not found
Refreshing native plugins compatible for Editor in 0.65 ms, found 4 plugins.
Preloading 0 native plugins for Editor in 0.00 ms.
Mono: successfully reloaded assembly
- Completed reload, in  0.756 seconds
Domain Reload Profiling:
	ReloadAssembly (756ms)
		BeginReloadAssembly (89ms)
			ExecutionOrderSort (0ms)
			DisableScriptedObjects (4ms)
			BackupInstance (0ms)
			ReleaseScriptingObjects (0ms)
			CreateAndSetChildDomain (22ms)
		EndReloadAssembly (606ms)
			LoadAssemblies (67ms)
			RebuildTransferFunctionScriptingTraits (0ms)
			SetupTypeCache (171ms)
			ReleaseScriptCaches (1ms)
			RebuildScriptCaches (32ms)
			SetupLoadedEditorAssemblies (304ms)
				LogAssemblyErrors (0ms)
				InitializePlatformSupportModulesInManaged (23ms)
				SetLoadedEditorAssemblies (0ms)
				RefreshPlugins (1ms)
				BeforeProcessingInitializeOnLoad (99ms)
				ProcessInitializeOnLoadAttributes (152ms)
				ProcessInitializeOnLoadMethodAttributes (21ms)
				AfterProcessingInitializeOnLoad (7ms)
				EditorAssembliesLoaded (0ms)
			ExecutionOrderSort2 (0ms)
			AwakeInstancesAfterBackupRestoration (5ms)
Platform modules already initialized, skipping
Refreshing native plugins compatible for Editor in 2.84 ms, found 4 plugins.
Preloading 0 native plugins for Editor in 0.00 ms.
Unloading 4701 Unused Serialized files (Serialized files now loaded: 0)
Unloading 62 unused Assets / (193.8 KB). Loaded Objects now: 5173.
Memory consumption went from 178.7 MB to 178.5 MB.
Total: 2.871400 ms (FindLiveObjects: 0.283400 ms CreateObjectMapping: 0.129300 ms MarkObjects: 2.318300 ms  DeleteObjects: 0.139100 ms)

AssetImportParameters requested are different than current active one (requested -> active):
  custom:video-decoder-ogg-theora: a1e56fd34408186e4bbccfd4996cb3dc -> 
  custom:container-muxer-webm: aa71ff27fc2769a1b78a27578f13a17b -> 
  custom:container-demuxer-webm: 4f35f7cbe854078d1ac9338744f61a02 -> 
  custom:video-encoder-webm-vp8: eb34c28f22e8b96e1ab97ce403110664 -> 
  custom:audio-encoder-webm-vorbis: bf7c407c2cedff20999df2af8eb42d56 -> 
  custom:framework-win-MediaFoundation: 216162199b28c13a410421893ffa2e32 -> 
  custom:container-demuxer-ogg: 62fdf1f143b41e24485cea50d1cbac27 -> 
  custom:video-decoder-webm-vp8: 9c59270c3fd7afecdb556c50c9e8de78 -> 
  custom:audio-decoder-ogg-vorbis: bf7c407c2cedff20999df2af8eb42d56 -> 
========================================================================
Received Prepare
Registering precompiled user dll's ...
Registered in 0.004096 seconds.
Begin MonoManager ReloadAssembly
Symbol file LoadedFromMemory doesn't match image E:\UNIAT\Unity\MotoresGraficosIII\Parcial_1\TheLastSurvivor\Library\PackageCache\com.unity.visualscripting@1.7.6\Editor\VisualScripting.Core\Dependencies\DotNetZip\Unity.VisualScripting.IonicZip.dll
Symbol file LoadedFromMemory doesn't match image E:\UNIAT\Unity\MotoresGraficosIII\Parcial_1\TheLastSurvivor\Library\PackageCache\com.unity.visualscripting@1.7.6\Editor\VisualScripting.Core\Dependencies\YamlDotNet\Unity.VisualScripting.YamlDotNet.dll
Native extension for WindowsStandalone target not found
Native extension for iOS target not found
Native extension for Android target not found
Native extension for WebGL target not found
Refreshing native plugins compatible for Editor in 0.81 ms, found 4 plugins.
Preloading 0 native plugins for Editor in 0.00 ms.
Mono: successfully reloaded assembly
- Completed reload, in  0.727 seconds
Domain Reload Profiling:
	ReloadAssembly (727ms)
		BeginReloadAssembly (85ms)
			ExecutionOrderSort (0ms)
			DisableScriptedObjects (4ms)
			BackupInstance (0ms)
			ReleaseScriptingObjects (0ms)
			CreateAndSetChildDomain (21ms)
		EndReloadAssembly (582ms)
			LoadAssemblies (62ms)
			RebuildTransferFunctionScriptingTraits (0ms)
			SetupTypeCache (151ms)
			ReleaseScriptCaches (1ms)
			RebuildScriptCaches (27ms)
			SetupLoadedEditorAssemblies (307ms)
				LogAssemblyErrors (0ms)
				InitializePlatformSupportModulesInManaged (26ms)
				SetLoadedEditorAssemblies (0ms)
				RefreshPlugins (1ms)
				BeforeProcessingInitializeOnLoad (97ms)
				ProcessInitializeOnLoadAttributes (150ms)
				ProcessInitializeOnLoadMethodAttributes (25ms)
				AfterProcessingInitializeOnLoad (8ms)
				EditorAssembliesLoaded (0ms)
			ExecutionOrderSort2 (0ms)
			AwakeInstancesAfterBackupRestoration (6ms)
Platform modules already initialized, skipping
Refreshing native plugins compatible for Editor in 2.48 ms, found 4 plugins.
Preloading 0 native plugins for Editor in 0.00 ms.
Unloading 4701 Unused Serialized files (Serialized files now loaded: 0)
Unloading 61 unused Assets / (193.9 KB). Loaded Objects now: 5176.
Memory consumption went from 178.7 MB to 178.5 MB.
Total: 2.403700 ms (FindLiveObjects: 0.215400 ms CreateObjectMapping: 0.111900 ms MarkObjects: 1.972600 ms  DeleteObjects: 0.102900 ms)

AssetImportParameters requested are different than current active one (requested -> active):
  custom:video-decoder-ogg-theora: a1e56fd34408186e4bbccfd4996cb3dc -> 
  custom:container-muxer-webm: aa71ff27fc2769a1b78a27578f13a17b -> 
  custom:container-demuxer-webm: 4f35f7cbe854078d1ac9338744f61a02 -> 
  custom:video-encoder-webm-vp8: eb34c28f22e8b96e1ab97ce403110664 -> 
  custom:audio-encoder-webm-vorbis: bf7c407c2cedff20999df2af8eb42d56 -> 
  custom:framework-win-MediaFoundation: 216162199b28c13a410421893ffa2e32 -> 
  custom:container-demuxer-ogg: 62fdf1f143b41e24485cea50d1cbac27 -> 
  custom:video-decoder-webm-vp8: 9c59270c3fd7afecdb556c50c9e8de78 -> 
  custom:audio-decoder-ogg-vorbis: bf7c407c2cedff20999df2af8eb42d56 -> 
========================================================================
Received Prepare
Registering precompiled user dll's ...
Registered in 0.004880 seconds.
Begin MonoManager ReloadAssembly
Symbol file LoadedFromMemory doesn't match image E:\UNIAT\Unity\MotoresGraficosIII\Parcial_1\TheLastSurvivor\Library\PackageCache\com.unity.visualscripting@1.7.6\Editor\VisualScripting.Core\Dependencies\DotNetZip\Unity.VisualScripting.IonicZip.dll
Symbol file LoadedFromMemory doesn't match image E:\UNIAT\Unity\MotoresGraficosIII\Parcial_1\TheLastSurvivor\Library\PackageCache\com.unity.visualscripting@1.7.6\Editor\VisualScripting.Core\Dependencies\YamlDotNet\Unity.VisualScripting.YamlDotNet.dll
Native extension for WindowsStandalone target not found
Native extension for iOS target not found
Native extension for Android target not found
Native extension for WebGL target not found
Refreshing native plugins compatible for Editor in 0.85 ms, found 4 plugins.
Preloading 0 native plugins for Editor in 0.00 ms.
Mono: successfully reloaded assembly
- Completed reload, in  0.727 seconds
Domain Reload Profiling:
	ReloadAssembly (728ms)
		BeginReloadAssembly (90ms)
			ExecutionOrderSort (0ms)
			DisableScriptedObjects (4ms)
			BackupInstance (0ms)
			ReleaseScriptingObjects (0ms)
			CreateAndSetChildDomain (23ms)
		EndReloadAssembly (577ms)
			LoadAssemblies (64ms)
			RebuildTransferFunctionScriptingTraits (0ms)
			SetupTypeCache (139ms)
			ReleaseScriptCaches (1ms)
			RebuildScriptCaches (25ms)
			SetupLoadedEditorAssemblies (315ms)
				LogAssemblyErrors (0ms)
				InitializePlatformSupportModulesInManaged (29ms)
				SetLoadedEditorAssemblies (0ms)
				RefreshPlugins (1ms)
				BeforeProcessingInitializeOnLoad (105ms)
				ProcessInitializeOnLoadAttributes (150ms)
				ProcessInitializeOnLoadMethodAttributes (22ms)
				AfterProcessingInitializeOnLoad (7ms)
				EditorAssembliesLoaded (0ms)
			ExecutionOrderSort2 (0ms)
			AwakeInstancesAfterBackupRestoration (6ms)
Platform modules already initialized, skipping
Refreshing native plugins compatible for Editor in 2.53 ms, found 4 plugins.
Preloading 0 native plugins for Editor in 0.00 ms.
Unloading 4701 Unused Serialized files (Serialized files now loaded: 0)
Unloading 61 unused Assets / (193.8 KB). Loaded Objects now: 5179.
Memory consumption went from 178.7 MB to 178.5 MB.
Total: 2.521900 ms (FindLiveObjects: 0.192600 ms CreateObjectMapping: 0.091800 ms MarkObjects: 2.120200 ms  DeleteObjects: 0.116500 ms)

AssetImportParameters requested are different than current active one (requested -> active):
  custom:video-decoder-ogg-theora: a1e56fd34408186e4bbccfd4996cb3dc -> 
  custom:container-muxer-webm: aa71ff27fc2769a1b78a27578f13a17b -> 
  custom:container-demuxer-webm: 4f35f7cbe854078d1ac9338744f61a02 -> 
  custom:video-encoder-webm-vp8: eb34c28f22e8b96e1ab97ce403110664 -> 
  custom:audio-encoder-webm-vorbis: bf7c407c2cedff20999df2af8eb42d56 -> 
  custom:framework-win-MediaFoundation: 216162199b28c13a410421893ffa2e32 -> 
  custom:container-demuxer-ogg: 62fdf1f143b41e24485cea50d1cbac27 -> 
  custom:video-decoder-webm-vp8: 9c59270c3fd7afecdb556c50c9e8de78 -> 
  custom:audio-decoder-ogg-vorbis: bf7c407c2cedff20999df2af8eb42d56 -> 
========================================================================
Received Prepare
Registering precompiled user dll's ...
Registered in 0.010113 seconds.
Begin MonoManager ReloadAssembly
Symbol file LoadedFromMemory doesn't match image E:\UNIAT\Unity\MotoresGraficosIII\Parcial_1\TheLastSurvivor\Library\PackageCache\com.unity.visualscripting@1.7.6\Editor\VisualScripting.Core\Dependencies\DotNetZip\Unity.VisualScripting.IonicZip.dll
Symbol file LoadedFromMemory doesn't match image E:\UNIAT\Unity\MotoresGraficosIII\Parcial_1\TheLastSurvivor\Library\PackageCache\com.unity.visualscripting@1.7.6\Editor\VisualScripting.Core\Dependencies\YamlDotNet\Unity.VisualScripting.YamlDotNet.dll
Native extension for WindowsStandalone target not found
Native extension for iOS target not found
Native extension for Android target not found
Native extension for WebGL target not found
Refreshing native plugins compatible for Editor in 0.90 ms, found 4 plugins.
Preloading 0 native plugins for Editor in 0.00 ms.
Mono: successfully reloaded assembly
- Completed reload, in  1.202 seconds
Domain Reload Profiling:
	ReloadAssembly (1203ms)
		BeginReloadAssembly (144ms)
			ExecutionOrderSort (0ms)
			DisableScriptedObjects (6ms)
			BackupInstance (0ms)
			ReleaseScriptingObjects (0ms)
			CreateAndSetChildDomain (32ms)
		EndReloadAssembly (948ms)
			LoadAssemblies (126ms)
			RebuildTransferFunctionScriptingTraits (0ms)
			SetupTypeCache (270ms)
			ReleaseScriptCaches (1ms)
			RebuildScriptCaches (46ms)
			SetupLoadedEditorAssemblies (454ms)
				LogAssemblyErrors (0ms)
				InitializePlatformSupportModulesInManaged (44ms)
				SetLoadedEditorAssemblies (0ms)
				RefreshPlugins (1ms)
				BeforeProcessingInitializeOnLoad (98ms)
				ProcessInitializeOnLoadAttributes (256ms)
				ProcessInitializeOnLoadMethodAttributes (36ms)
				AfterProcessingInitializeOnLoad (18ms)
				EditorAssembliesLoaded (0ms)
			ExecutionOrderSort2 (0ms)
			AwakeInstancesAfterBackupRestoration (10ms)
Platform modules already initialized, skipping
Refreshing native plugins compatible for Editor in 2.30 ms, found 4 plugins.
Preloading 0 native plugins for Editor in 0.00 ms.
Unloading 4701 Unused Serialized files (Serialized files now loaded: 0)
Unloading 61 unused Assets / (193.9 KB). Loaded Objects now: 5182.
Memory consumption went from 178.7 MB to 178.5 MB.
Total: 2.295700 ms (FindLiveObjects: 0.175100 ms CreateObjectMapping: 0.089700 ms MarkObjects: 1.927500 ms  DeleteObjects: 0.102400 ms)

AssetImportParameters requested are different than current active one (requested -> active):
  custom:video-decoder-ogg-theora: a1e56fd34408186e4bbccfd4996cb3dc -> 
  custom:container-muxer-webm: aa71ff27fc2769a1b78a27578f13a17b -> 
  custom:container-demuxer-webm: 4f35f7cbe854078d1ac9338744f61a02 -> 
  custom:video-encoder-webm-vp8: eb34c28f22e8b96e1ab97ce403110664 -> 
  custom:audio-encoder-webm-vorbis: bf7c407c2cedff20999df2af8eb42d56 -> 
  custom:framework-win-MediaFoundation: 216162199b28c13a410421893ffa2e32 -> 
  custom:container-demuxer-ogg: 62fdf1f143b41e24485cea50d1cbac27 -> 
  custom:video-decoder-webm-vp8: 9c59270c3fd7afecdb556c50c9e8de78 -> 
  custom:audio-decoder-ogg-vorbis: bf7c407c2cedff20999df2af8eb42d56 -> 
========================================================================
Received Prepare
Registering precompiled user dll's ...
Registered in 0.004092 seconds.
Begin MonoManager ReloadAssembly
Symbol file LoadedFromMemory doesn't match image E:\UNIAT\Unity\MotoresGraficosIII\Parcial_1\TheLastSurvivor\Library\PackageCache\com.unity.visualscripting@1.7.6\Editor\VisualScripting.Core\Dependencies\DotNetZip\Unity.VisualScripting.IonicZip.dll
Symbol file LoadedFromMemory doesn't match image E:\UNIAT\Unity\MotoresGraficosIII\Parcial_1\TheLastSurvivor\Library\PackageCache\com.unity.visualscripting@1.7.6\Editor\VisualScripting.Core\Dependencies\YamlDotNet\Unity.VisualScripting.YamlDotNet.dll
Native extension for WindowsStandalone target not found
Native extension for iOS target not found
Native extension for Android target not found
Native extension for WebGL target not found
Refreshing native plugins compatible for Editor in 0.73 ms, found 4 plugins.
Preloading 0 native plugins for Editor in 0.00 ms.
Mono: successfully reloaded assembly
- Completed reload, in  0.709 seconds
Domain Reload Profiling:
	ReloadAssembly (710ms)
		BeginReloadAssembly (87ms)
			ExecutionOrderSort (0ms)
			DisableScriptedObjects (4ms)
			BackupInstance (0ms)
			ReleaseScriptingObjects (0ms)
			CreateAndSetChildDomain (21ms)
		EndReloadAssembly (563ms)
			LoadAssemblies (63ms)
			RebuildTransferFunctionScriptingTraits (0ms)
			SetupTypeCache (143ms)
			ReleaseScriptCaches (1ms)
			RebuildScriptCaches (29ms)
			SetupLoadedEditorAssemblies (297ms)
				LogAssemblyErrors (0ms)
				InitializePlatformSupportModulesInManaged (24ms)
				SetLoadedEditorAssemblies (0ms)
				RefreshPlugins (1ms)
				BeforeProcessingInitializeOnLoad (95ms)
				ProcessInitializeOnLoadAttributes (147ms)
				ProcessInitializeOnLoadMethodAttributes (21ms)
				AfterProcessingInitializeOnLoad (8ms)
				EditorAssembliesLoaded (0ms)
			ExecutionOrderSort2 (0ms)
			AwakeInstancesAfterBackupRestoration (6ms)
Platform modules already initialized, skipping
Refreshing native plugins compatible for Editor in 2.37 ms, found 4 plugins.
Preloading 0 native plugins for Editor in 0.00 ms.
Unloading 4701 Unused Serialized files (Serialized files now loaded: 0)
Unloading 61 unused Assets / (193.8 KB). Loaded Objects now: 5185.
Memory consumption went from 178.7 MB to 178.5 MB.
Total: 2.761300 ms (FindLiveObjects: 0.207700 ms CreateObjectMapping: 0.133400 ms MarkObjects: 2.284500 ms  DeleteObjects: 0.134300 ms)

AssetImportParameters requested are different than current active one (requested -> active):
  custom:video-decoder-ogg-theora: a1e56fd34408186e4bbccfd4996cb3dc -> 
  custom:container-muxer-webm: aa71ff27fc2769a1b78a27578f13a17b -> 
  custom:container-demuxer-webm: 4f35f7cbe854078d1ac9338744f61a02 -> 
  custom:video-encoder-webm-vp8: eb34c28f22e8b96e1ab97ce403110664 -> 
  custom:audio-encoder-webm-vorbis: bf7c407c2cedff20999df2af8eb42d56 -> 
  custom:framework-win-MediaFoundation: 216162199b28c13a410421893ffa2e32 -> 
  custom:container-demuxer-ogg: 62fdf1f143b41e24485cea50d1cbac27 -> 
  custom:video-decoder-webm-vp8: 9c59270c3fd7afecdb556c50c9e8de78 -> 
  custom:audio-decoder-ogg-vorbis: bf7c407c2cedff20999df2af8eb42d56 -> 
========================================================================
Received Prepare
Registering precompiled user dll's ...
Registered in 0.003992 seconds.
Begin MonoManager ReloadAssembly
Symbol file LoadedFromMemory doesn't match image E:\UNIAT\Unity\MotoresGraficosIII\Parcial_1\TheLastSurvivor\Library\PackageCache\com.unity.visualscripting@1.7.6\Editor\VisualScripting.Core\Dependencies\DotNetZip\Unity.VisualScripting.IonicZip.dll
Symbol file LoadedFromMemory doesn't match image E:\UNIAT\Unity\MotoresGraficosIII\Parcial_1\TheLastSurvivor\Library\PackageCache\com.unity.visualscripting@1.7.6\Editor\VisualScripting.Core\Dependencies\YamlDotNet\Unity.VisualScripting.YamlDotNet.dll
Native extension for WindowsStandalone target not found
Native extension for iOS target not found
Native extension for Android target not found
Native extension for WebGL target not found
Refreshing native plugins compatible for Editor in 0.62 ms, found 4 plugins.
Preloading 0 native plugins for Editor in 0.00 ms.
Mono: successfully reloaded assembly
- Completed reload, in  0.669 seconds
Domain Reload Profiling:
	ReloadAssembly (670ms)
		BeginReloadAssembly (83ms)
			ExecutionOrderSort (0ms)
			DisableScriptedObjects (4ms)
			BackupInstance (0ms)
			ReleaseScriptingObjects (0ms)
			CreateAndSetChildDomain (20ms)
		EndReloadAssembly (529ms)
			LoadAssemblies (57ms)
			RebuildTransferFunctionScriptingTraits (0ms)
			SetupTypeCache (132ms)
			ReleaseScriptCaches (1ms)
			RebuildScriptCaches (24ms)
			SetupLoadedEditorAssemblies (288ms)
				LogAssemblyErrors (0ms)
				InitializePlatformSupportModulesInManaged (21ms)
				SetLoadedEditorAssemblies (0ms)
				RefreshPlugins (1ms)
				BeforeProcessingInitializeOnLoad (103ms)
				ProcessInitializeOnLoadAttributes (137ms)
				ProcessInitializeOnLoadMethodAttributes (20ms)
				AfterProcessingInitializeOnLoad (7ms)
				EditorAssembliesLoaded (0ms)
			ExecutionOrderSort2 (0ms)
			AwakeInstancesAfterBackupRestoration (5ms)
Platform modules already initialized, skipping
Refreshing native plugins compatible for Editor in 2.59 ms, found 4 plugins.
Preloading 0 native plugins for Editor in 0.00 ms.
Unloading 4701 Unused Serialized files (Serialized files now loaded: 0)
Unloading 61 unused Assets / (193.7 KB). Loaded Objects now: 5188.
Memory consumption went from 178.7 MB to 178.5 MB.
Total: 2.363400 ms (FindLiveObjects: 0.188700 ms CreateObjectMapping: 0.097100 ms MarkObjects: 1.981100 ms  DeleteObjects: 0.095800 ms)

AssetImportParameters requested are different than current active one (requested -> active):
  custom:video-decoder-ogg-theora: a1e56fd34408186e4bbccfd4996cb3dc -> 
  custom:container-muxer-webm: aa71ff27fc2769a1b78a27578f13a17b -> 
  custom:container-demuxer-webm: 4f35f7cbe854078d1ac9338744f61a02 -> 
  custom:video-encoder-webm-vp8: eb34c28f22e8b96e1ab97ce403110664 -> 
  custom:audio-encoder-webm-vorbis: bf7c407c2cedff20999df2af8eb42d56 -> 
  custom:framework-win-MediaFoundation: 216162199b28c13a410421893ffa2e32 -> 
  custom:container-demuxer-ogg: 62fdf1f143b41e24485cea50d1cbac27 -> 
  custom:video-decoder-webm-vp8: 9c59270c3fd7afecdb556c50c9e8de78 -> 
  custom:audio-decoder-ogg-vorbis: bf7c407c2cedff20999df2af8eb42d56 -> 
========================================================================
Received Import Request.
  Time since last request: 942.769946 seconds.
  path: Assets/Scenes/TutorialMobile.unity
  artifactKey: Guid(418efd214f618fb4aa051607d2be966b) Importer(815301076,1909f56bfc062723c751e8b465ee728b)
Start importing Assets/Scenes/TutorialMobile.unity using Guid(418efd214f618fb4aa051607d2be966b) Importer(815301076,1909f56bfc062723c751e8b465ee728b)  -> (artifact id: '90f6ae92a0bfc9fe339a9b40a755bff6') in 0.008259 seconds 
========================================================================
Received Prepare
Registering precompiled user dll's ...
Registered in 0.003914 seconds.
Begin MonoManager ReloadAssembly
Symbol file LoadedFromMemory doesn't match image E:\UNIAT\Unity\MotoresGraficosIII\Parcial_1\TheLastSurvivor\Library\PackageCache\com.unity.visualscripting@1.7.6\Editor\VisualScripting.Core\Dependencies\DotNetZip\Unity.VisualScripting.IonicZip.dll
Symbol file LoadedFromMemory doesn't match image E:\UNIAT\Unity\MotoresGraficosIII\Parcial_1\TheLastSurvivor\Library\PackageCache\com.unity.visualscripting@1.7.6\Editor\VisualScripting.Core\Dependencies\YamlDotNet\Unity.VisualScripting.YamlDotNet.dll
Native extension for WindowsStandalone target not found
Native extension for iOS target not found
Native extension for Android target not found
Native extension for WebGL target not found
Refreshing native plugins compatible for Editor in 0.61 ms, found 4 plugins.
Preloading 0 native plugins for Editor in 0.00 ms.
Mono: successfully reloaded assembly
- Completed reload, in  0.678 seconds
Domain Reload Profiling:
	ReloadAssembly (678ms)
		BeginReloadAssembly (85ms)
			ExecutionOrderSort (0ms)
			DisableScriptedObjects (4ms)
			BackupInstance (0ms)
			ReleaseScriptingObjects (0ms)
			CreateAndSetChildDomain (21ms)
		EndReloadAssembly (533ms)
			LoadAssemblies (62ms)
			RebuildTransferFunctionScriptingTraits (0ms)
			SetupTypeCache (142ms)
			ReleaseScriptCaches (1ms)
			RebuildScriptCaches (25ms)
			SetupLoadedEditorAssemblies (279ms)
				LogAssemblyErrors (0ms)
				InitializePlatformSupportModulesInManaged (21ms)
				SetLoadedEditorAssemblies (0ms)
				RefreshPlugins (1ms)
				BeforeProcessingInitializeOnLoad (93ms)
				ProcessInitializeOnLoadAttributes (137ms)
				ProcessInitializeOnLoadMethodAttributes (20ms)
				AfterProcessingInitializeOnLoad (7ms)
				EditorAssembliesLoaded (0ms)
			ExecutionOrderSort2 (0ms)
			AwakeInstancesAfterBackupRestoration (5ms)
Platform modules already initialized, skipping
Refreshing native plugins compatible for Editor in 2.40 ms, found 4 plugins.
Preloading 0 native plugins for Editor in 0.00 ms.
Unloading 4701 Unused Serialized files (Serialized files now loaded: 0)
Unloading 61 unused Assets / (193.8 KB). Loaded Objects now: 5191.
Memory consumption went from 178.7 MB to 178.5 MB.
Total: 2.480600 ms (FindLiveObjects: 0.188600 ms CreateObjectMapping: 0.099000 ms MarkObjects: 2.083600 ms  DeleteObjects: 0.108500 ms)

AssetImportParameters requested are different than current active one (requested -> active):
  custom:video-decoder-ogg-theora: a1e56fd34408186e4bbccfd4996cb3dc -> 
  custom:container-muxer-webm: aa71ff27fc2769a1b78a27578f13a17b -> 
  custom:container-demuxer-webm: 4f35f7cbe854078d1ac9338744f61a02 -> 
  custom:video-encoder-webm-vp8: eb34c28f22e8b96e1ab97ce403110664 -> 
  custom:audio-encoder-webm-vorbis: bf7c407c2cedff20999df2af8eb42d56 -> 
  custom:framework-win-MediaFoundation: 216162199b28c13a410421893ffa2e32 -> 
  custom:container-demuxer-ogg: 62fdf1f143b41e24485cea50d1cbac27 -> 
  custom:video-decoder-webm-vp8: 9c59270c3fd7afecdb556c50c9e8de78 -> 
  custom:audio-decoder-ogg-vorbis: bf7c407c2cedff20999df2af8eb42d56 -> 
========================================================================
Received Prepare
Registering precompiled user dll's ...
Registered in 0.004148 seconds.
Begin MonoManager ReloadAssembly
Symbol file LoadedFromMemory doesn't match image E:\UNIAT\Unity\MotoresGraficosIII\Parcial_1\TheLastSurvivor\Library\PackageCache\com.unity.visualscripting@1.7.6\Editor\VisualScripting.Core\Dependencies\DotNetZip\Unity.VisualScripting.IonicZip.dll
Symbol file LoadedFromMemory doesn't match image E:\UNIAT\Unity\MotoresGraficosIII\Parcial_1\TheLastSurvivor\Library\PackageCache\com.unity.visualscripting@1.7.6\Editor\VisualScripting.Core\Dependencies\YamlDotNet\Unity.VisualScripting.YamlDotNet.dll
Native extension for WindowsStandalone target not found
Native extension for iOS target not found
Native extension for Android target not found
Native extension for WebGL target not found
Refreshing native plugins compatible for Editor in 0.64 ms, found 4 plugins.
Preloading 0 native plugins for Editor in 0.00 ms.
Mono: successfully reloaded assembly
- Completed reload, in  0.712 seconds
Domain Reload Profiling:
	ReloadAssembly (713ms)
		BeginReloadAssembly (88ms)
			ExecutionOrderSort (0ms)
			DisableScriptedObjects (4ms)
			BackupInstance (0ms)
			ReleaseScriptingObjects (0ms)
			CreateAndSetChildDomain (21ms)
		EndReloadAssembly (565ms)
			LoadAssemblies (63ms)
			RebuildTransferFunctionScriptingTraits (0ms)
			SetupTypeCache (138ms)
			ReleaseScriptCaches (1ms)
			RebuildScriptCaches (32ms)
			SetupLoadedEditorAssemblies (300ms)
				LogAssemblyErrors (0ms)
				InitializePlatformSupportModulesInManaged (23ms)
				SetLoadedEditorAssemblies (0ms)
				RefreshPlugins (1ms)
				BeforeProcessingInitializeOnLoad (99ms)
				ProcessInitializeOnLoadAttributes (147ms)
				ProcessInitializeOnLoadMethodAttributes (22ms)
				AfterProcessingInitializeOnLoad (8ms)
				EditorAssembliesLoaded (0ms)
			ExecutionOrderSort2 (0ms)
			AwakeInstancesAfterBackupRestoration (6ms)
Platform modules already initialized, skipping
Refreshing native plugins compatible for Editor in 2.44 ms, found 4 plugins.
Preloading 0 native plugins for Editor in 0.00 ms.
Unloading 4701 Unused Serialized files (Serialized files now loaded: 0)
Unloading 61 unused Assets / (193.8 KB). Loaded Objects now: 5194.
Memory consumption went from 178.7 MB to 178.5 MB.
Total: 2.377900 ms (FindLiveObjects: 0.188800 ms CreateObjectMapping: 0.099600 ms MarkObjects: 1.987200 ms  DeleteObjects: 0.101500 ms)

AssetImportParameters requested are different than current active one (requested -> active):
  custom:video-decoder-ogg-theora: a1e56fd34408186e4bbccfd4996cb3dc -> 
  custom:container-muxer-webm: aa71ff27fc2769a1b78a27578f13a17b -> 
  custom:container-demuxer-webm: 4f35f7cbe854078d1ac9338744f61a02 -> 
  custom:video-encoder-webm-vp8: eb34c28f22e8b96e1ab97ce403110664 -> 
  custom:audio-encoder-webm-vorbis: bf7c407c2cedff20999df2af8eb42d56 -> 
  custom:framework-win-MediaFoundation: 216162199b28c13a410421893ffa2e32 -> 
  custom:container-demuxer-ogg: 62fdf1f143b41e24485cea50d1cbac27 -> 
  custom:video-decoder-webm-vp8: 9c59270c3fd7afecdb556c50c9e8de78 -> 
  custom:audio-decoder-ogg-vorbis: bf7c407c2cedff20999df2af8eb42d56 -> 
========================================================================
Received Import Request.
  Time since last request: 356.985749 seconds.
  path: Assets/Scenes/Game.unity
  artifactKey: Guid(2cda990e2423bbf4892e6590ba056729) Importer(815301076,1909f56bfc062723c751e8b465ee728b)
Start importing Assets/Scenes/Game.unity using Guid(2cda990e2423bbf4892e6590ba056729) Importer(815301076,1909f56bfc062723c751e8b465ee728b)  -> (artifact id: '3572f02cd017d6b04d021ac51b9e0ac1') in 0.009784 seconds 
========================================================================
Received Import Request.
  Time since last request: 30.569694 seconds.
  path: Assets/Scenes/TutorialMobile.unity
  artifactKey: Guid(418efd214f618fb4aa051607d2be966b) Importer(815301076,1909f56bfc062723c751e8b465ee728b)
Start importing Assets/Scenes/TutorialMobile.unity using Guid(418efd214f618fb4aa051607d2be966b) Importer(815301076,1909f56bfc062723c751e8b465ee728b)  -> (artifact id: '951abcaf6217311b0afb3bdc8353c565') in 0.003242 seconds 
========================================================================
Received Prepare
Registering precompiled user dll's ...
Registered in 0.004492 seconds.
Begin MonoManager ReloadAssembly
Symbol file LoadedFromMemory doesn't match image E:\UNIAT\Unity\MotoresGraficosIII\Parcial_1\TheLastSurvivor\Library\PackageCache\com.unity.visualscripting@1.7.6\Editor\VisualScripting.Core\Dependencies\DotNetZip\Unity.VisualScripting.IonicZip.dll
Symbol file LoadedFromMemory doesn't match image E:\UNIAT\Unity\MotoresGraficosIII\Parcial_1\TheLastSurvivor\Library\PackageCache\com.unity.visualscripting@1.7.6\Editor\VisualScripting.Core\Dependencies\YamlDotNet\Unity.VisualScripting.YamlDotNet.dll
Native extension for WindowsStandalone target not found
Native extension for iOS target not found
Native extension for Android target not found
Native extension for WebGL target not found
Refreshing native plugins compatible for Editor in 0.60 ms, found 4 plugins.
Preloading 0 native plugins for Editor in 0.00 ms.
Mono: successfully reloaded assembly
- Completed reload, in  0.679 seconds
Domain Reload Profiling:
	ReloadAssembly (679ms)
		BeginReloadAssembly (88ms)
			ExecutionOrderSort (0ms)
			DisableScriptedObjects (4ms)
			BackupInstance (0ms)
			ReleaseScriptingObjects (0ms)
			CreateAndSetChildDomain (23ms)
		EndReloadAssembly (532ms)
			LoadAssemblies (63ms)
			RebuildTransferFunctionScriptingTraits (0ms)
			SetupTypeCache (134ms)
			ReleaseScriptCaches (1ms)
			RebuildScriptCaches (25ms)
			SetupLoadedEditorAssemblies (285ms)
				LogAssemblyErrors (0ms)
				InitializePlatformSupportModulesInManaged (21ms)
				SetLoadedEditorAssemblies (0ms)
				RefreshPlugins (1ms)
				BeforeProcessingInitializeOnLoad (97ms)
				ProcessInitializeOnLoadAttributes (137ms)
				ProcessInitializeOnLoadMethodAttributes (21ms)
				AfterProcessingInitializeOnLoad (7ms)
				EditorAssembliesLoaded (0ms)
			ExecutionOrderSort2 (0ms)
			AwakeInstancesAfterBackupRestoration (5ms)
Platform modules already initialized, skipping
Refreshing native plugins compatible for Editor in 2.72 ms, found 4 plugins.
Preloading 0 native plugins for Editor in 0.00 ms.
Unloading 4701 Unused Serialized files (Serialized files now loaded: 0)
Unloading 61 unused Assets / (193.9 KB). Loaded Objects now: 5197.
Memory consumption went from 178.7 MB to 178.5 MB.
Total: 2.492400 ms (FindLiveObjects: 0.209000 ms CreateObjectMapping: 0.102100 ms MarkObjects: 2.067400 ms  DeleteObjects: 0.112900 ms)

AssetImportParameters requested are different than current active one (requested -> active):
  custom:video-decoder-ogg-theora: a1e56fd34408186e4bbccfd4996cb3dc -> 
  custom:container-muxer-webm: aa71ff27fc2769a1b78a27578f13a17b -> 
  custom:container-demuxer-webm: 4f35f7cbe854078d1ac9338744f61a02 -> 
  custom:video-encoder-webm-vp8: eb34c28f22e8b96e1ab97ce403110664 -> 
  custom:audio-encoder-webm-vorbis: bf7c407c2cedff20999df2af8eb42d56 -> 
  custom:framework-win-MediaFoundation: 216162199b28c13a410421893ffa2e32 -> 
  custom:container-demuxer-ogg: 62fdf1f143b41e24485cea50d1cbac27 -> 
  custom:video-decoder-webm-vp8: 9c59270c3fd7afecdb556c50c9e8de78 -> 
  custom:audio-decoder-ogg-vorbis: bf7c407c2cedff20999df2af8eb42d56 -> 
========================================================================
Received Prepare
Registering precompiled user dll's ...
Registered in 0.004710 seconds.
Begin MonoManager ReloadAssembly
Symbol file LoadedFromMemory doesn't match image E:\UNIAT\Unity\MotoresGraficosIII\Parcial_1\TheLastSurvivor\Library\PackageCache\com.unity.visualscripting@1.7.6\Editor\VisualScripting.Core\Dependencies\DotNetZip\Unity.VisualScripting.IonicZip.dll
Symbol file LoadedFromMemory doesn't match image E:\UNIAT\Unity\MotoresGraficosIII\Parcial_1\TheLastSurvivor\Library\PackageCache\com.unity.visualscripting@1.7.6\Editor\VisualScripting.Core\Dependencies\YamlDotNet\Unity.VisualScripting.YamlDotNet.dll
Native extension for WindowsStandalone target not found
Native extension for iOS target not found
Native extension for Android target not found
Native extension for WebGL target not found
Refreshing native plugins compatible for Editor in 0.68 ms, found 4 plugins.
Preloading 0 native plugins for Editor in 0.00 ms.
Mono: successfully reloaded assembly
- Completed reload, in  0.689 seconds
Domain Reload Profiling:
	ReloadAssembly (690ms)
		BeginReloadAssembly (86ms)
			ExecutionOrderSort (0ms)
			DisableScriptedObjects (4ms)
			BackupInstance (0ms)
			ReleaseScriptingObjects (0ms)
			CreateAndSetChildDomain (21ms)
		EndReloadAssembly (545ms)
			LoadAssemblies (59ms)
			RebuildTransferFunctionScriptingTraits (0ms)
			SetupTypeCache (137ms)
			ReleaseScriptCaches (1ms)
			RebuildScriptCaches (24ms)
			SetupLoadedEditorAssemblies (297ms)
				LogAssemblyErrors (0ms)
				InitializePlatformSupportModulesInManaged (22ms)
				SetLoadedEditorAssemblies (0ms)
				RefreshPlugins (1ms)
				BeforeProcessingInitializeOnLoad (104ms)
				ProcessInitializeOnLoadAttributes (143ms)
				ProcessInitializeOnLoadMethodAttributes (20ms)
				AfterProcessingInitializeOnLoad (7ms)
				EditorAssembliesLoaded (0ms)
			ExecutionOrderSort2 (0ms)
			AwakeInstancesAfterBackupRestoration (5ms)
Platform modules already initialized, skipping
Refreshing native plugins compatible for Editor in 2.36 ms, found 4 plugins.
Preloading 0 native plugins for Editor in 0.00 ms.
Unloading 4701 Unused Serialized files (Serialized files now loaded: 0)
Unloading 61 unused Assets / (193.8 KB). Loaded Objects now: 5200.
Memory consumption went from 178.7 MB to 178.6 MB.
Total: 2.365100 ms (FindLiveObjects: 0.174300 ms CreateObjectMapping: 0.088600 ms MarkObjects: 1.998400 ms  DeleteObjects: 0.103100 ms)

AssetImportParameters requested are different than current active one (requested -> active):
  custom:video-decoder-ogg-theora: a1e56fd34408186e4bbccfd4996cb3dc -> 
  custom:container-muxer-webm: aa71ff27fc2769a1b78a27578f13a17b -> 
  custom:container-demuxer-webm: 4f35f7cbe854078d1ac9338744f61a02 -> 
  custom:video-encoder-webm-vp8: eb34c28f22e8b96e1ab97ce403110664 -> 
  custom:audio-encoder-webm-vorbis: bf7c407c2cedff20999df2af8eb42d56 -> 
  custom:framework-win-MediaFoundation: 216162199b28c13a410421893ffa2e32 -> 
  custom:container-demuxer-ogg: 62fdf1f143b41e24485cea50d1cbac27 -> 
  custom:video-decoder-webm-vp8: 9c59270c3fd7afecdb556c50c9e8de78 -> 
  custom:audio-decoder-ogg-vorbis: bf7c407c2cedff20999df2af8eb42d56 -> 
========================================================================
Received Prepare
Registering precompiled user dll's ...
Registered in 0.011208 seconds.
Begin MonoManager ReloadAssembly
Symbol file LoadedFromMemory doesn't match image E:\UNIAT\Unity\MotoresGraficosIII\Parcial_1\TheLastSurvivor\Library\PackageCache\com.unity.visualscripting@1.7.6\Editor\VisualScripting.Core\Dependencies\DotNetZip\Unity.VisualScripting.IonicZip.dll
Symbol file LoadedFromMemory doesn't match image E:\UNIAT\Unity\MotoresGraficosIII\Parcial_1\TheLastSurvivor\Library\PackageCache\com.unity.visualscripting@1.7.6\Editor\VisualScripting.Core\Dependencies\YamlDotNet\Unity.VisualScripting.YamlDotNet.dll
Native extension for WindowsStandalone target not found
Native extension for iOS target not found
Native extension for Android target not found
Native extension for WebGL target not found
Refreshing native plugins compatible for Editor in 1.11 ms, found 4 plugins.
Preloading 0 native plugins for Editor in 0.00 ms.
Mono: successfully reloaded assembly
- Completed reload, in  1.257 seconds
Domain Reload Profiling:
	ReloadAssembly (1258ms)
		BeginReloadAssembly (161ms)
			ExecutionOrderSort (0ms)
			DisableScriptedObjects (7ms)
			BackupInstance (0ms)
			ReleaseScriptingObjects (0ms)
			CreateAndSetChildDomain (35ms)
		EndReloadAssembly (979ms)
			LoadAssemblies (125ms)
			RebuildTransferFunctionScriptingTraits (0ms)
			SetupTypeCache (255ms)
			ReleaseScriptCaches (1ms)
			RebuildScriptCaches (51ms)
			SetupLoadedEditorAssemblies (495ms)
				LogAssemblyErrors (0ms)
				InitializePlatformSupportModulesInManaged (45ms)
				SetLoadedEditorAssemblies (1ms)
				RefreshPlugins (1ms)
				BeforeProcessingInitializeOnLoad (116ms)
				ProcessInitializeOnLoadAttributes (274ms)
				ProcessInitializeOnLoadMethodAttributes (40ms)
				AfterProcessingInitializeOnLoad (19ms)
				EditorAssembliesLoaded (0ms)
			ExecutionOrderSort2 (0ms)
			AwakeInstancesAfterBackupRestoration (10ms)
Platform modules already initialized, skipping
Refreshing native plugins compatible for Editor in 4.38 ms, found 4 plugins.
Preloading 0 native plugins for Editor in 0.00 ms.
Unloading 4701 Unused Serialized files (Serialized files now loaded: 0)
Unloading 61 unused Assets / (193.7 KB). Loaded Objects now: 5203.
Memory consumption went from 178.8 MB to 178.6 MB.
Total: 3.930700 ms (FindLiveObjects: 0.353300 ms CreateObjectMapping: 0.162600 ms MarkObjects: 3.252700 ms  DeleteObjects: 0.160800 ms)

AssetImportParameters requested are different than current active one (requested -> active):
  custom:video-decoder-ogg-theora: a1e56fd34408186e4bbccfd4996cb3dc -> 
  custom:container-muxer-webm: aa71ff27fc2769a1b78a27578f13a17b -> 
  custom:container-demuxer-webm: 4f35f7cbe854078d1ac9338744f61a02 -> 
  custom:video-encoder-webm-vp8: eb34c28f22e8b96e1ab97ce403110664 -> 
  custom:audio-encoder-webm-vorbis: bf7c407c2cedff20999df2af8eb42d56 -> 
  custom:framework-win-MediaFoundation: 216162199b28c13a410421893ffa2e32 -> 
  custom:container-demuxer-ogg: 62fdf1f143b41e24485cea50d1cbac27 -> 
  custom:video-decoder-webm-vp8: 9c59270c3fd7afecdb556c50c9e8de78 -> 
  custom:audio-decoder-ogg-vorbis: bf7c407c2cedff20999df2af8eb42d56 -> 
========================================================================
Received Prepare
Registering precompiled user dll's ...
Registered in 0.014437 seconds.
Begin MonoManager ReloadAssembly
Symbol file LoadedFromMemory doesn't match image E:\UNIAT\Unity\MotoresGraficosIII\Parcial_1\TheLastSurvivor\Library\PackageCache\com.unity.visualscripting@1.7.6\Editor\VisualScripting.Core\Dependencies\DotNetZip\Unity.VisualScripting.IonicZip.dll
Symbol file LoadedFromMemory doesn't match image E:\UNIAT\Unity\MotoresGraficosIII\Parcial_1\TheLastSurvivor\Library\PackageCache\com.unity.visualscripting@1.7.6\Editor\VisualScripting.Core\Dependencies\YamlDotNet\Unity.VisualScripting.YamlDotNet.dll
Native extension for WindowsStandalone target not found
Native extension for iOS target not found
Native extension for Android target not found
Native extension for WebGL target not found
Refreshing native plugins compatible for Editor in 0.61 ms, found 4 plugins.
Preloading 0 native plugins for Editor in 0.00 ms.
Mono: successfully reloaded assembly
- Completed reload, in  1.114 seconds
Domain Reload Profiling:
	ReloadAssembly (1115ms)
		BeginReloadAssembly (183ms)
			ExecutionOrderSort (0ms)
			DisableScriptedObjects (9ms)
			BackupInstance (0ms)
			ReleaseScriptingObjects (0ms)
			CreateAndSetChildDomain (40ms)
		EndReloadAssembly (801ms)
			LoadAssemblies (146ms)
			RebuildTransferFunctionScriptingTraits (0ms)
			SetupTypeCache (284ms)
			ReleaseScriptCaches (2ms)
			RebuildScriptCaches (58ms)
			SetupLoadedEditorAssemblies (299ms)
				LogAssemblyErrors (0ms)
				InitializePlatformSupportModulesInManaged (24ms)
				SetLoadedEditorAssemblies (0ms)
				RefreshPlugins (1ms)
				BeforeProcessingInitializeOnLoad (97ms)
				ProcessInitializeOnLoadAttributes (149ms)
				ProcessInitializeOnLoadMethodAttributes (21ms)
				AfterProcessingInitializeOnLoad (7ms)
				EditorAssembliesLoaded (0ms)
			ExecutionOrderSort2 (0ms)
			AwakeInstancesAfterBackupRestoration (6ms)
Platform modules already initialized, skipping
Refreshing native plugins compatible for Editor in 2.74 ms, found 4 plugins.
Preloading 0 native plugins for Editor in 0.00 ms.
Unloading 4701 Unused Serialized files (Serialized files now loaded: 0)
Unloading 61 unused Assets / (193.7 KB). Loaded Objects now: 5206.
Memory consumption went from 178.8 MB to 178.6 MB.
Total: 2.533400 ms (FindLiveObjects: 0.220800 ms CreateObjectMapping: 0.122000 ms MarkObjects: 2.059300 ms  DeleteObjects: 0.130200 ms)

AssetImportParameters requested are different than current active one (requested -> active):
  custom:video-decoder-ogg-theora: a1e56fd34408186e4bbccfd4996cb3dc -> 
  custom:container-muxer-webm: aa71ff27fc2769a1b78a27578f13a17b -> 
  custom:container-demuxer-webm: 4f35f7cbe854078d1ac9338744f61a02 -> 
  custom:video-encoder-webm-vp8: eb34c28f22e8b96e1ab97ce403110664 -> 
  custom:audio-encoder-webm-vorbis: bf7c407c2cedff20999df2af8eb42d56 -> 
  custom:framework-win-MediaFoundation: 216162199b28c13a410421893ffa2e32 -> 
  custom:container-demuxer-ogg: 62fdf1f143b41e24485cea50d1cbac27 -> 
  custom:video-decoder-webm-vp8: 9c59270c3fd7afecdb556c50c9e8de78 -> 
  custom:audio-decoder-ogg-vorbis: bf7c407c2cedff20999df2af8eb42d56 -> 
========================================================================
Received Import Request.
  Time since last request: 768.952223 seconds.
  path: Assets/_Prefabs/zombie_1.prefab
  artifactKey: Guid(3c37725744f0e5244992b5fbe7ca5e0f) Importer(815301076,1909f56bfc062723c751e8b465ee728b)
Start importing Assets/_Prefabs/zombie_1.prefab using Guid(3c37725744f0e5244992b5fbe7ca5e0f) Importer(815301076,1909f56bfc062723c751e8b465ee728b)  -> (artifact id: '83e934039c7a023772a3a4854090252e') in 0.057191 seconds 
========================================================================
Received Import Request.
  Time since last request: 3.016550 seconds.
  path: Assets/_Prefabs/zombie_2.prefab
  artifactKey: Guid(ed60800417a73704db3fcb7ec2418d4e) Importer(815301076,1909f56bfc062723c751e8b465ee728b)
Start importing Assets/_Prefabs/zombie_2.prefab using Guid(ed60800417a73704db3fcb7ec2418d4e) Importer(815301076,1909f56bfc062723c751e8b465ee728b)  -> (artifact id: 'f3a4219ce6fa5e9ca95336131b63515e') in 0.013350 seconds 
========================================================================
Received Prepare
Registering precompiled user dll's ...
Registered in 0.008281 seconds.
Begin MonoManager ReloadAssembly
Symbol file LoadedFromMemory doesn't match image E:\UNIAT\Unity\MotoresGraficosIII\Parcial_1\TheLastSurvivor\Library\PackageCache\com.unity.visualscripting@1.7.6\Editor\VisualScripting.Core\Dependencies\DotNetZip\Unity.VisualScripting.IonicZip.dll
Symbol file LoadedFromMemory doesn't match image E:\UNIAT\Unity\MotoresGraficosIII\Parcial_1\TheLastSurvivor\Library\PackageCache\com.unity.visualscripting@1.7.6\Editor\VisualScripting.Core\Dependencies\YamlDotNet\Unity.VisualScripting.YamlDotNet.dll
Native extension for WindowsStandalone target not found
Native extension for iOS target not found
Native extension for Android target not found
Native extension for WebGL target not found
Refreshing native plugins compatible for Editor in 1.47 ms, found 4 plugins.
Preloading 0 native plugins for Editor in 0.00 ms.
Mono: successfully reloaded assembly
- Completed reload, in  1.064 seconds
Domain Reload Profiling:
	ReloadAssembly (1064ms)
		BeginReloadAssembly (141ms)
			ExecutionOrderSort (0ms)
			DisableScriptedObjects (6ms)
			BackupInstance (0ms)
			ReleaseScriptingObjects (0ms)
			CreateAndSetChildDomain (42ms)
		EndReloadAssembly (837ms)
			LoadAssemblies (98ms)
			RebuildTransferFunctionScriptingTraits (0ms)
			SetupTypeCache (204ms)
			ReleaseScriptCaches (2ms)
			RebuildScriptCaches (42ms)
			SetupLoadedEditorAssemblies (464ms)
				LogAssemblyErrors (0ms)
				InitializePlatformSupportModulesInManaged (40ms)
				SetLoadedEditorAssemblies (1ms)
				RefreshPlugins (2ms)
				BeforeProcessingInitializeOnLoad (132ms)
				ProcessInitializeOnLoadAttributes (243ms)
				ProcessInitializeOnLoadMethodAttributes (37ms)
				AfterProcessingInitializeOnLoad (10ms)
				EditorAssembliesLoaded (0ms)
			ExecutionOrderSort2 (0ms)
			AwakeInstancesAfterBackupRestoration (9ms)
Platform modules already initialized, skipping
Refreshing native plugins compatible for Editor in 6.16 ms, found 4 plugins.
Preloading 0 native plugins for Editor in 0.00 ms.
Unloading 4701 Unused Serialized files (Serialized files now loaded: 0)
Unloading 61 unused Assets / (193.8 KB). Loaded Objects now: 5212.
Memory consumption went from 178.8 MB to 178.6 MB.
Total: 3.785000 ms (FindLiveObjects: 0.293900 ms CreateObjectMapping: 0.194900 ms MarkObjects: 3.066900 ms  DeleteObjects: 0.227400 ms)

AssetImportParameters requested are different than current active one (requested -> active):
  custom:video-decoder-ogg-theora: a1e56fd34408186e4bbccfd4996cb3dc -> 
  custom:container-muxer-webm: aa71ff27fc2769a1b78a27578f13a17b -> 
  custom:container-demuxer-webm: 4f35f7cbe854078d1ac9338744f61a02 -> 
  custom:video-encoder-webm-vp8: eb34c28f22e8b96e1ab97ce403110664 -> 
  custom:audio-encoder-webm-vorbis: bf7c407c2cedff20999df2af8eb42d56 -> 
  custom:framework-win-MediaFoundation: 216162199b28c13a410421893ffa2e32 -> 
  custom:container-demuxer-ogg: 62fdf1f143b41e24485cea50d1cbac27 -> 
  custom:video-decoder-webm-vp8: 9c59270c3fd7afecdb556c50c9e8de78 -> 
  custom:audio-decoder-ogg-vorbis: bf7c407c2cedff20999df2af8eb42d56 -> 
========================================================================
Received Import Request.
  Time since last request: 329.097472 seconds.
  path: Assets/_Prefabs/Player.prefab
  artifactKey: Guid(5ad80ed73c7e47544a8e21a8f386605f) Importer(815301076,1909f56bfc062723c751e8b465ee728b)
Start importing Assets/_Prefabs/Player.prefab using Guid(5ad80ed73c7e47544a8e21a8f386605f) Importer(815301076,1909f56bfc062723c751e8b465ee728b)  -> (artifact id: '3d4cd57dbacb5b87fdc04fb207b77d5b') in 0.091947 seconds 
========================================================================
Received Prepare
Registering precompiled user dll's ...
Registered in 0.006247 seconds.
Begin MonoManager ReloadAssembly
Symbol file LoadedFromMemory doesn't match image E:\UNIAT\Unity\MotoresGraficosIII\Parcial_1\TheLastSurvivor\Library\PackageCache\com.unity.visualscripting@1.7.6\Editor\VisualScripting.Core\Dependencies\DotNetZip\Unity.VisualScripting.IonicZip.dll
Symbol file LoadedFromMemory doesn't match image E:\UNIAT\Unity\MotoresGraficosIII\Parcial_1\TheLastSurvivor\Library\PackageCache\com.unity.visualscripting@1.7.6\Editor\VisualScripting.Core\Dependencies\YamlDotNet\Unity.VisualScripting.YamlDotNet.dll
Native extension for WindowsStandalone target not found
Native extension for iOS target not found
Native extension for Android target not found
Native extension for WebGL target not found
Refreshing native plugins compatible for Editor in 0.67 ms, found 4 plugins.
Preloading 0 native plugins for Editor in 0.00 ms.
Mono: successfully reloaded assembly
- Completed reload, in  0.931 seconds
Domain Reload Profiling:
	ReloadAssembly (932ms)
		BeginReloadAssembly (108ms)
			ExecutionOrderSort (0ms)
			DisableScriptedObjects (5ms)
			BackupInstance (0ms)
			ReleaseScriptingObjects (0ms)
			CreateAndSetChildDomain (28ms)
		EndReloadAssembly (753ms)
			LoadAssemblies (76ms)
			RebuildTransferFunctionScriptingTraits (0ms)
			SetupTypeCache (188ms)
			ReleaseScriptCaches (1ms)
			RebuildScriptCaches (41ms)
			SetupLoadedEditorAssemblies (401ms)
				LogAssemblyErrors (0ms)
				InitializePlatformSupportModulesInManaged (25ms)
				SetLoadedEditorAssemblies (0ms)
				RefreshPlugins (1ms)
				BeforeProcessingInitializeOnLoad (116ms)
				ProcessInitializeOnLoadAttributes (215ms)
				ProcessInitializeOnLoadMethodAttributes (33ms)
				AfterProcessingInitializeOnLoad (10ms)
				EditorAssembliesLoaded (0ms)
			ExecutionOrderSort2 (0ms)
			AwakeInstancesAfterBackupRestoration (8ms)
Platform modules already initialized, skipping
Refreshing native plugins compatible for Editor in 4.02 ms, found 4 plugins.
Preloading 0 native plugins for Editor in 0.00 ms.
Unloading 4701 Unused Serialized files (Serialized files now loaded: 0)
Unloading 61 unused Assets / (193.8 KB). Loaded Objects now: 5215.
Memory consumption went from 178.9 MB to 178.7 MB.
Total: 2.994700 ms (FindLiveObjects: 0.304500 ms CreateObjectMapping: 0.116200 ms MarkObjects: 2.464400 ms  DeleteObjects: 0.108200 ms)

AssetImportParameters requested are different than current active one (requested -> active):
  custom:video-decoder-ogg-theora: a1e56fd34408186e4bbccfd4996cb3dc -> 
  custom:container-muxer-webm: aa71ff27fc2769a1b78a27578f13a17b -> 
  custom:container-demuxer-webm: 4f35f7cbe854078d1ac9338744f61a02 -> 
  custom:video-encoder-webm-vp8: eb34c28f22e8b96e1ab97ce403110664 -> 
  custom:audio-encoder-webm-vorbis: bf7c407c2cedff20999df2af8eb42d56 -> 
  custom:framework-win-MediaFoundation: 216162199b28c13a410421893ffa2e32 -> 
  custom:container-demuxer-ogg: 62fdf1f143b41e24485cea50d1cbac27 -> 
  custom:video-decoder-webm-vp8: 9c59270c3fd7afecdb556c50c9e8de78 -> 
  custom:audio-decoder-ogg-vorbis: bf7c407c2cedff20999df2af8eb42d56 -> 
========================================================================
Received Prepare
Registering precompiled user dll's ...
Registered in 0.012359 seconds.
Begin MonoManager ReloadAssembly
Symbol file LoadedFromMemory doesn't match image E:\UNIAT\Unity\MotoresGraficosIII\Parcial_1\TheLastSurvivor\Library\PackageCache\com.unity.visualscripting@1.7.6\Editor\VisualScripting.Core\Dependencies\DotNetZip\Unity.VisualScripting.IonicZip.dll
Symbol file LoadedFromMemory doesn't match image E:\UNIAT\Unity\MotoresGraficosIII\Parcial_1\TheLastSurvivor\Library\PackageCache\com.unity.visualscripting@1.7.6\Editor\VisualScripting.Core\Dependencies\YamlDotNet\Unity.VisualScripting.YamlDotNet.dll
Native extension for WindowsStandalone target not found
Native extension for iOS target not found
Native extension for Android target not found
Native extension for WebGL target not found
Refreshing native plugins compatible for Editor in 0.95 ms, found 4 plugins.
Preloading 0 native plugins for Editor in 0.00 ms.
Mono: successfully reloaded assembly
- Completed reload, in  1.337 seconds
Domain Reload Profiling:
	ReloadAssembly (1337ms)
		BeginReloadAssembly (165ms)
			ExecutionOrderSort (0ms)
			DisableScriptedObjects (8ms)
			BackupInstance (0ms)
			ReleaseScriptingObjects (0ms)
			CreateAndSetChildDomain (36ms)
		EndReloadAssembly (1047ms)
			LoadAssemblies (135ms)
			RebuildTransferFunctionScriptingTraits (0ms)
			SetupTypeCache (314ms)
			ReleaseScriptCaches (4ms)
			RebuildScriptCaches (51ms)
			SetupLoadedEditorAssemblies (492ms)
				LogAssemblyErrors (0ms)
				InitializePlatformSupportModulesInManaged (51ms)
				SetLoadedEditorAssemblies (1ms)
				RefreshPlugins (1ms)
				BeforeProcessingInitializeOnLoad (107ms)
				ProcessInitializeOnLoadAttributes (270ms)
				ProcessInitializeOnLoadMethodAttributes (45ms)
				AfterProcessingInitializeOnLoad (18ms)
				EditorAssembliesLoaded (0ms)
			ExecutionOrderSort2 (0ms)
			AwakeInstancesAfterBackupRestoration (11ms)
Platform modules already initialized, skipping
Refreshing native plugins compatible for Editor in 2.37 ms, found 4 plugins.
Preloading 0 native plugins for Editor in 0.00 ms.
Unloading 4701 Unused Serialized files (Serialized files now loaded: 0)
Unloading 61 unused Assets / (193.8 KB). Loaded Objects now: 5218.
Memory consumption went from 178.9 MB to 178.7 MB.
Total: 3.415100 ms (FindLiveObjects: 0.392900 ms CreateObjectMapping: 0.071900 ms MarkObjects: 2.846600 ms  DeleteObjects: 0.102600 ms)

AssetImportParameters requested are different than current active one (requested -> active):
  custom:video-decoder-ogg-theora: a1e56fd34408186e4bbccfd4996cb3dc -> 
  custom:container-muxer-webm: aa71ff27fc2769a1b78a27578f13a17b -> 
  custom:container-demuxer-webm: 4f35f7cbe854078d1ac9338744f61a02 -> 
  custom:video-encoder-webm-vp8: eb34c28f22e8b96e1ab97ce403110664 -> 
  custom:audio-encoder-webm-vorbis: bf7c407c2cedff20999df2af8eb42d56 -> 
  custom:framework-win-MediaFoundation: 216162199b28c13a410421893ffa2e32 -> 
  custom:container-demuxer-ogg: 62fdf1f143b41e24485cea50d1cbac27 -> 
  custom:video-decoder-webm-vp8: 9c59270c3fd7afecdb556c50c9e8de78 -> 
  custom:audio-decoder-ogg-vorbis: bf7c407c2cedff20999df2af8eb42d56 -> 
========================================================================
Received Prepare
Registering precompiled user dll's ...
Registered in 0.005340 seconds.
Begin MonoManager ReloadAssembly
Symbol file LoadedFromMemory doesn't match image E:\UNIAT\Unity\MotoresGraficosIII\Parcial_1\TheLastSurvivor\Library\PackageCache\com.unity.visualscripting@1.7.6\Editor\VisualScripting.Core\Dependencies\DotNetZip\Unity.VisualScripting.IonicZip.dll
Symbol file LoadedFromMemory doesn't match image E:\UNIAT\Unity\MotoresGraficosIII\Parcial_1\TheLastSurvivor\Library\PackageCache\com.unity.visualscripting@1.7.6\Editor\VisualScripting.Core\Dependencies\YamlDotNet\Unity.VisualScripting.YamlDotNet.dll
Native extension for WindowsStandalone target not found
Native extension for iOS target not found
Native extension for Android target not found
Native extension for WebGL target not found
Refreshing native plugins compatible for Editor in 0.93 ms, found 4 plugins.
Preloading 0 native plugins for Editor in 0.00 ms.
Mono: successfully reloaded assembly
- Completed reload, in  0.944 seconds
Domain Reload Profiling:
	ReloadAssembly (944ms)
		BeginReloadAssembly (105ms)
			ExecutionOrderSort (0ms)
			DisableScriptedObjects (8ms)
			BackupInstance (0ms)
			ReleaseScriptingObjects (0ms)
			CreateAndSetChildDomain (27ms)
		EndReloadAssembly (760ms)
			LoadAssemblies (64ms)
			RebuildTransferFunctionScriptingTraits (0ms)
			SetupTypeCache (199ms)
			ReleaseScriptCaches (1ms)
			RebuildScriptCaches (45ms)
			SetupLoadedEditorAssemblies (405ms)
				LogAssemblyErrors (0ms)
				InitializePlatformSupportModulesInManaged (33ms)
				SetLoadedEditorAssemblies (0ms)
				RefreshPlugins (1ms)
				BeforeProcessingInitializeOnLoad (111ms)
				ProcessInitializeOnLoadAttributes (216ms)
				ProcessInitializeOnLoadMethodAttributes (34ms)
				AfterProcessingInitializeOnLoad (8ms)
				EditorAssembliesLoaded (0ms)
			ExecutionOrderSort2 (0ms)
			AwakeInstancesAfterBackupRestoration (7ms)
Platform modules already initialized, skipping
Refreshing native plugins compatible for Editor in 2.53 ms, found 4 plugins.
Preloading 0 native plugins for Editor in 0.00 ms.
Unloading 4701 Unused Serialized files (Serialized files now loaded: 0)
Unloading 61 unused Assets / (195.8 KB). Loaded Objects now: 5221.
Memory consumption went from 178.8 MB to 178.7 MB.
Total: 3.695200 ms (FindLiveObjects: 0.350000 ms CreateObjectMapping: 0.076900 ms MarkObjects: 3.068800 ms  DeleteObjects: 0.198200 ms)

AssetImportParameters requested are different than current active one (requested -> active):
  custom:video-decoder-ogg-theora: a1e56fd34408186e4bbccfd4996cb3dc -> 
  custom:container-muxer-webm: aa71ff27fc2769a1b78a27578f13a17b -> 
  custom:container-demuxer-webm: 4f35f7cbe854078d1ac9338744f61a02 -> 
  custom:video-encoder-webm-vp8: eb34c28f22e8b96e1ab97ce403110664 -> 
  custom:audio-encoder-webm-vorbis: bf7c407c2cedff20999df2af8eb42d56 -> 
  custom:framework-win-MediaFoundation: 216162199b28c13a410421893ffa2e32 -> 
  custom:container-demuxer-ogg: 62fdf1f143b41e24485cea50d1cbac27 -> 
  custom:video-decoder-webm-vp8: 9c59270c3fd7afecdb556c50c9e8de78 -> 
  custom:audio-decoder-ogg-vorbis: bf7c407c2cedff20999df2af8eb42d56 -> 
========================================================================
Received Import Request.
  Time since last request: 211.151672 seconds.
  path: Assets/_Prefabs/zombie_1.prefab
  artifactKey: Guid(3c37725744f0e5244992b5fbe7ca5e0f) Importer(815301076,1909f56bfc062723c751e8b465ee728b)
Start importing Assets/_Prefabs/zombie_1.prefab using Guid(3c37725744f0e5244992b5fbe7ca5e0f) Importer(815301076,1909f56bfc062723c751e8b465ee728b)  -> (artifact id: '7b36ca082f660165c43aea78bdab7dba') in 0.063416 seconds 
========================================================================
Received Prepare
Registering precompiled user dll's ...
Registered in 0.004357 seconds.
Begin MonoManager ReloadAssembly
Symbol file LoadedFromMemory doesn't match image E:\UNIAT\Unity\MotoresGraficosIII\Parcial_1\TheLastSurvivor\Library\PackageCache\com.unity.visualscripting@1.7.6\Editor\VisualScripting.Core\Dependencies\DotNetZip\Unity.VisualScripting.IonicZip.dll
Symbol file LoadedFromMemory doesn't match image E:\UNIAT\Unity\MotoresGraficosIII\Parcial_1\TheLastSurvivor\Library\PackageCache\com.unity.visualscripting@1.7.6\Editor\VisualScripting.Core\Dependencies\YamlDotNet\Unity.VisualScripting.YamlDotNet.dll
Native extension for WindowsStandalone target not found
Native extension for iOS target not found
Native extension for Android target not found
Native extension for WebGL target not found
Refreshing native plugins compatible for Editor in 0.60 ms, found 4 plugins.
Preloading 0 native plugins for Editor in 0.00 ms.
Mono: successfully reloaded assembly
- Completed reload, in  0.698 seconds
Domain Reload Profiling:
	ReloadAssembly (699ms)
		BeginReloadAssembly (91ms)
			ExecutionOrderSort (0ms)
			DisableScriptedObjects (3ms)
			BackupInstance (0ms)
			ReleaseScriptingObjects (0ms)
			CreateAndSetChildDomain (25ms)
		EndReloadAssembly (549ms)
			LoadAssemblies (61ms)
			RebuildTransferFunctionScriptingTraits (0ms)
			SetupTypeCache (137ms)
			ReleaseScriptCaches (1ms)
			RebuildScriptCaches (25ms)
			SetupLoadedEditorAssemblies (299ms)
				LogAssemblyErrors (0ms)
				InitializePlatformSupportModulesInManaged (22ms)
				SetLoadedEditorAssemblies (0ms)
				RefreshPlugins (1ms)
				BeforeProcessingInitializeOnLoad (94ms)
				ProcessInitializeOnLoadAttributes (152ms)
				ProcessInitializeOnLoadMethodAttributes (22ms)
				AfterProcessingInitializeOnLoad (8ms)
				EditorAssembliesLoaded (0ms)
			ExecutionOrderSort2 (0ms)
			AwakeInstancesAfterBackupRestoration (6ms)
Platform modules already initialized, skipping
Refreshing native plugins compatible for Editor in 3.34 ms, found 4 plugins.
Preloading 0 native plugins for Editor in 0.00 ms.
Unloading 4701 Unused Serialized files (Serialized files now loaded: 0)
Unloading 61 unused Assets / (193.7 KB). Loaded Objects now: 5224.
Memory consumption went from 178.9 MB to 178.7 MB.
Total: 2.559000 ms (FindLiveObjects: 0.221400 ms CreateObjectMapping: 0.110600 ms MarkObjects: 2.108900 ms  DeleteObjects: 0.116900 ms)

AssetImportParameters requested are different than current active one (requested -> active):
  custom:video-decoder-ogg-theora: a1e56fd34408186e4bbccfd4996cb3dc -> 
  custom:container-muxer-webm: aa71ff27fc2769a1b78a27578f13a17b -> 
  custom:container-demuxer-webm: 4f35f7cbe854078d1ac9338744f61a02 -> 
  custom:video-encoder-webm-vp8: eb34c28f22e8b96e1ab97ce403110664 -> 
  custom:audio-encoder-webm-vorbis: bf7c407c2cedff20999df2af8eb42d56 -> 
  custom:framework-win-MediaFoundation: 216162199b28c13a410421893ffa2e32 -> 
  custom:container-demuxer-ogg: 62fdf1f143b41e24485cea50d1cbac27 -> 
  custom:video-decoder-webm-vp8: 9c59270c3fd7afecdb556c50c9e8de78 -> 
  custom:audio-decoder-ogg-vorbis: bf7c407c2cedff20999df2af8eb42d56 -> 
========================================================================
Received Prepare
Registering precompiled user dll's ...
Registered in 0.004073 seconds.
Begin MonoManager ReloadAssembly
Symbol file LoadedFromMemory doesn't match image E:\UNIAT\Unity\MotoresGraficosIII\Parcial_1\TheLastSurvivor\Library\PackageCache\com.unity.visualscripting@1.7.6\Editor\VisualScripting.Core\Dependencies\DotNetZip\Unity.VisualScripting.IonicZip.dll
Symbol file LoadedFromMemory doesn't match image E:\UNIAT\Unity\MotoresGraficosIII\Parcial_1\TheLastSurvivor\Library\PackageCache\com.unity.visualscripting@1.7.6\Editor\VisualScripting.Core\Dependencies\YamlDotNet\Unity.VisualScripting.YamlDotNet.dll
Native extension for WindowsStandalone target not found
Native extension for iOS target not found
Native extension for Android target not found
Native extension for WebGL target not found
Refreshing native plugins compatible for Editor in 0.66 ms, found 4 plugins.
Preloading 0 native plugins for Editor in 0.00 ms.
Mono: successfully reloaded assembly
- Completed reload, in  0.716 seconds
Domain Reload Profiling:
	ReloadAssembly (716ms)
		BeginReloadAssembly (86ms)
			ExecutionOrderSort (0ms)
			DisableScriptedObjects (4ms)
			BackupInstance (0ms)
			ReleaseScriptingObjects (0ms)
			CreateAndSetChildDomain (22ms)
		EndReloadAssembly (571ms)
			LoadAssemblies (60ms)
			RebuildTransferFunctionScriptingTraits (0ms)
			SetupTypeCache (154ms)
			ReleaseScriptCaches (1ms)
			RebuildScriptCaches (27ms)
			SetupLoadedEditorAssemblies (301ms)
				LogAssemblyErrors (0ms)
				InitializePlatformSupportModulesInManaged (24ms)
				SetLoadedEditorAssemblies (0ms)
				RefreshPlugins (1ms)
				BeforeProcessingInitializeOnLoad (98ms)
				ProcessInitializeOnLoadAttributes (149ms)
				ProcessInitializeOnLoadMethodAttributes (21ms)
				AfterProcessingInitializeOnLoad (7ms)
				EditorAssembliesLoaded (0ms)
			ExecutionOrderSort2 (0ms)
			AwakeInstancesAfterBackupRestoration (5ms)
Platform modules already initialized, skipping
Refreshing native plugins compatible for Editor in 2.72 ms, found 4 plugins.
Preloading 0 native plugins for Editor in 0.00 ms.
Unloading 4701 Unused Serialized files (Serialized files now loaded: 0)
Unloading 61 unused Assets / (193.8 KB). Loaded Objects now: 5227.
Memory consumption went from 178.9 MB to 178.7 MB.
Total: 2.496900 ms (FindLiveObjects: 0.196900 ms CreateObjectMapping: 0.104900 ms MarkObjects: 2.081700 ms  DeleteObjects: 0.112600 ms)

AssetImportParameters requested are different than current active one (requested -> active):
  custom:video-decoder-ogg-theora: a1e56fd34408186e4bbccfd4996cb3dc -> 
  custom:container-muxer-webm: aa71ff27fc2769a1b78a27578f13a17b -> 
  custom:container-demuxer-webm: 4f35f7cbe854078d1ac9338744f61a02 -> 
  custom:video-encoder-webm-vp8: eb34c28f22e8b96e1ab97ce403110664 -> 
  custom:audio-encoder-webm-vorbis: bf7c407c2cedff20999df2af8eb42d56 -> 
  custom:framework-win-MediaFoundation: 216162199b28c13a410421893ffa2e32 -> 
  custom:container-demuxer-ogg: 62fdf1f143b41e24485cea50d1cbac27 -> 
  custom:video-decoder-webm-vp8: 9c59270c3fd7afecdb556c50c9e8de78 -> 
  custom:audio-decoder-ogg-vorbis: bf7c407c2cedff20999df2af8eb42d56 -> 
========================================================================
Received Prepare
Registering precompiled user dll's ...
Registered in 0.004902 seconds.
Begin MonoManager ReloadAssembly
Symbol file LoadedFromMemory doesn't match image E:\UNIAT\Unity\MotoresGraficosIII\Parcial_1\TheLastSurvivor\Library\PackageCache\com.unity.visualscripting@1.7.6\Editor\VisualScripting.Core\Dependencies\DotNetZip\Unity.VisualScripting.IonicZip.dll
Symbol file LoadedFromMemory doesn't match image E:\UNIAT\Unity\MotoresGraficosIII\Parcial_1\TheLastSurvivor\Library\PackageCache\com.unity.visualscripting@1.7.6\Editor\VisualScripting.Core\Dependencies\YamlDotNet\Unity.VisualScripting.YamlDotNet.dll
Native extension for WindowsStandalone target not found
Native extension for iOS target not found
Native extension for Android target not found
Native extension for WebGL target not found
Refreshing native plugins compatible for Editor in 0.61 ms, found 4 plugins.
Preloading 0 native plugins for Editor in 0.00 ms.
Mono: successfully reloaded assembly
- Completed reload, in  0.685 seconds
Domain Reload Profiling:
	ReloadAssembly (686ms)
		BeginReloadAssembly (84ms)
			ExecutionOrderSort (0ms)
			DisableScriptedObjects (4ms)
			BackupInstance (0ms)
			ReleaseScriptingObjects (0ms)
			CreateAndSetChildDomain (21ms)
		EndReloadAssembly (544ms)
			LoadAssemblies (55ms)
			RebuildTransferFunctionScriptingTraits (0ms)
			SetupTypeCache (133ms)
			ReleaseScriptCaches (1ms)
			RebuildScriptCaches (25ms)
			SetupLoadedEditorAssemblies (302ms)
				LogAssemblyErrors (0ms)
				InitializePlatformSupportModulesInManaged (21ms)
				SetLoadedEditorAssemblies (0ms)
				RefreshPlugins (1ms)
				BeforeProcessingInitializeOnLoad (91ms)
				ProcessInitializeOnLoadAttributes (159ms)
				ProcessInitializeOnLoadMethodAttributes (21ms)
				AfterProcessingInitializeOnLoad (9ms)
				EditorAssembliesLoaded (0ms)
			ExecutionOrderSort2 (0ms)
			AwakeInstancesAfterBackupRestoration (5ms)
Platform modules already initialized, skipping
Refreshing native plugins compatible for Editor in 2.32 ms, found 4 plugins.
Preloading 0 native plugins for Editor in 0.00 ms.
Unloading 4701 Unused Serialized files (Serialized files now loaded: 0)
Unloading 61 unused Assets / (193.8 KB). Loaded Objects now: 5230.
Memory consumption went from 178.9 MB to 178.7 MB.
Total: 2.732300 ms (FindLiveObjects: 0.184600 ms CreateObjectMapping: 0.098500 ms MarkObjects: 2.343200 ms  DeleteObjects: 0.105400 ms)

AssetImportParameters requested are different than current active one (requested -> active):
  custom:video-decoder-ogg-theora: a1e56fd34408186e4bbccfd4996cb3dc -> 
  custom:container-muxer-webm: aa71ff27fc2769a1b78a27578f13a17b -> 
  custom:container-demuxer-webm: 4f35f7cbe854078d1ac9338744f61a02 -> 
  custom:video-encoder-webm-vp8: eb34c28f22e8b96e1ab97ce403110664 -> 
  custom:audio-encoder-webm-vorbis: bf7c407c2cedff20999df2af8eb42d56 -> 
  custom:framework-win-MediaFoundation: 216162199b28c13a410421893ffa2e32 -> 
  custom:container-demuxer-ogg: 62fdf1f143b41e24485cea50d1cbac27 -> 
  custom:video-decoder-webm-vp8: 9c59270c3fd7afecdb556c50c9e8de78 -> 
  custom:audio-decoder-ogg-vorbis: bf7c407c2cedff20999df2af8eb42d56 -> 
========================================================================
Received Prepare
Registering precompiled user dll's ...
Registered in 0.004010 seconds.
Begin MonoManager ReloadAssembly
Symbol file LoadedFromMemory doesn't match image E:\UNIAT\Unity\MotoresGraficosIII\Parcial_1\TheLastSurvivor\Library\PackageCache\com.unity.visualscripting@1.7.6\Editor\VisualScripting.Core\Dependencies\DotNetZip\Unity.VisualScripting.IonicZip.dll
Symbol file LoadedFromMemory doesn't match image E:\UNIAT\Unity\MotoresGraficosIII\Parcial_1\TheLastSurvivor\Library\PackageCache\com.unity.visualscripting@1.7.6\Editor\VisualScripting.Core\Dependencies\YamlDotNet\Unity.VisualScripting.YamlDotNet.dll
Native extension for WindowsStandalone target not found
Native extension for iOS target not found
Native extension for Android target not found
Native extension for WebGL target not found
Refreshing native plugins compatible for Editor in 0.61 ms, found 4 plugins.
Preloading 0 native plugins for Editor in 0.00 ms.
Mono: successfully reloaded assembly
- Completed reload, in  0.682 seconds
Domain Reload Profiling:
	ReloadAssembly (682ms)
		BeginReloadAssembly (84ms)
			ExecutionOrderSort (0ms)
			DisableScriptedObjects (4ms)
			BackupInstance (0ms)
			ReleaseScriptingObjects (0ms)
			CreateAndSetChildDomain (20ms)
		EndReloadAssembly (540ms)
			LoadAssemblies (59ms)
			RebuildTransferFunctionScriptingTraits (0ms)
			SetupTypeCache (134ms)
			ReleaseScriptCaches (1ms)
			RebuildScriptCaches (24ms)
			SetupLoadedEditorAssemblies (294ms)
				LogAssemblyErrors (0ms)
				InitializePlatformSupportModulesInManaged (21ms)
				SetLoadedEditorAssemblies (0ms)
				RefreshPlugins (1ms)
				BeforeProcessingInitializeOnLoad (92ms)
				ProcessInitializeOnLoadAttributes (148ms)
				ProcessInitializeOnLoadMethodAttributes (24ms)
				AfterProcessingInitializeOnLoad (8ms)
				EditorAssembliesLoaded (0ms)
			ExecutionOrderSort2 (0ms)
			AwakeInstancesAfterBackupRestoration (6ms)
Platform modules already initialized, skipping
Refreshing native plugins compatible for Editor in 2.56 ms, found 4 plugins.
Preloading 0 native plugins for Editor in 0.00 ms.
Unloading 4701 Unused Serialized files (Serialized files now loaded: 0)
Unloading 61 unused Assets / (193.7 KB). Loaded Objects now: 5233.
Memory consumption went from 178.9 MB to 178.7 MB.
Total: 2.516300 ms (FindLiveObjects: 0.190400 ms CreateObjectMapping: 0.099400 ms MarkObjects: 2.108600 ms  DeleteObjects: 0.116900 ms)

AssetImportParameters requested are different than current active one (requested -> active):
  custom:video-decoder-ogg-theora: a1e56fd34408186e4bbccfd4996cb3dc -> 
  custom:container-muxer-webm: aa71ff27fc2769a1b78a27578f13a17b -> 
  custom:container-demuxer-webm: 4f35f7cbe854078d1ac9338744f61a02 -> 
  custom:video-encoder-webm-vp8: eb34c28f22e8b96e1ab97ce403110664 -> 
  custom:audio-encoder-webm-vorbis: bf7c407c2cedff20999df2af8eb42d56 -> 
  custom:framework-win-MediaFoundation: 216162199b28c13a410421893ffa2e32 -> 
  custom:container-demuxer-ogg: 62fdf1f143b41e24485cea50d1cbac27 -> 
  custom:video-decoder-webm-vp8: 9c59270c3fd7afecdb556c50c9e8de78 -> 
  custom:audio-decoder-ogg-vorbis: bf7c407c2cedff20999df2af8eb42d56 -> 
========================================================================
Received Prepare
Registering precompiled user dll's ...
Registered in 0.004510 seconds.
Begin MonoManager ReloadAssembly
Symbol file LoadedFromMemory doesn't match image E:\UNIAT\Unity\MotoresGraficosIII\Parcial_1\TheLastSurvivor\Library\PackageCache\com.unity.visualscripting@1.7.6\Editor\VisualScripting.Core\Dependencies\DotNetZip\Unity.VisualScripting.IonicZip.dll
Symbol file LoadedFromMemory doesn't match image E:\UNIAT\Unity\MotoresGraficosIII\Parcial_1\TheLastSurvivor\Library\PackageCache\com.unity.visualscripting@1.7.6\Editor\VisualScripting.Core\Dependencies\YamlDotNet\Unity.VisualScripting.YamlDotNet.dll
Native extension for WindowsStandalone target not found
Native extension for iOS target not found
Native extension for Android target not found
Native extension for WebGL target not found
Refreshing native plugins compatible for Editor in 0.61 ms, found 4 plugins.
Preloading 0 native plugins for Editor in 0.00 ms.
Mono: successfully reloaded assembly
- Completed reload, in  0.702 seconds
Domain Reload Profiling:
	ReloadAssembly (703ms)
		BeginReloadAssembly (86ms)
			ExecutionOrderSort (0ms)
			DisableScriptedObjects (4ms)
			BackupInstance (0ms)
			ReleaseScriptingObjects (0ms)
			CreateAndSetChildDomain (21ms)
		EndReloadAssembly (559ms)
			LoadAssemblies (55ms)
			RebuildTransferFunctionScriptingTraits (0ms)
			SetupTypeCache (136ms)
			ReleaseScriptCaches (1ms)
			RebuildScriptCaches (26ms)
			SetupLoadedEditorAssemblies (310ms)
				LogAssemblyErrors (0ms)
				InitializePlatformSupportModulesInManaged (22ms)
				SetLoadedEditorAssemblies (0ms)
				RefreshPlugins (1ms)
				BeforeProcessingInitializeOnLoad (95ms)
				ProcessInitializeOnLoadAttributes (164ms)
				ProcessInitializeOnLoadMethodAttributes (22ms)
				AfterProcessingInitializeOnLoad (7ms)
				EditorAssembliesLoaded (0ms)
			ExecutionOrderSort2 (0ms)
			AwakeInstancesAfterBackupRestoration (6ms)
Platform modules already initialized, skipping
Refreshing native plugins compatible for Editor in 2.62 ms, found 4 plugins.
Preloading 0 native plugins for Editor in 0.00 ms.
Unloading 4701 Unused Serialized files (Serialized files now loaded: 0)
Unloading 61 unused Assets / (193.9 KB). Loaded Objects now: 5236.
Memory consumption went from 178.9 MB to 178.7 MB.
Total: 2.520000 ms (FindLiveObjects: 0.190200 ms CreateObjectMapping: 0.097000 ms MarkObjects: 2.124300 ms  DeleteObjects: 0.107600 ms)

AssetImportParameters requested are different than current active one (requested -> active):
  custom:video-decoder-ogg-theora: a1e56fd34408186e4bbccfd4996cb3dc -> 
  custom:container-muxer-webm: aa71ff27fc2769a1b78a27578f13a17b -> 
  custom:container-demuxer-webm: 4f35f7cbe854078d1ac9338744f61a02 -> 
  custom:video-encoder-webm-vp8: eb34c28f22e8b96e1ab97ce403110664 -> 
  custom:audio-encoder-webm-vorbis: bf7c407c2cedff20999df2af8eb42d56 -> 
  custom:framework-win-MediaFoundation: 216162199b28c13a410421893ffa2e32 -> 
  custom:container-demuxer-ogg: 62fdf1f143b41e24485cea50d1cbac27 -> 
  custom:video-decoder-webm-vp8: 9c59270c3fd7afecdb556c50c9e8de78 -> 
  custom:audio-decoder-ogg-vorbis: bf7c407c2cedff20999df2af8eb42d56 -> 
========================================================================
Received Prepare
Registering precompiled user dll's ...
Registered in 0.004104 seconds.
Begin MonoManager ReloadAssembly
Symbol file LoadedFromMemory doesn't match image E:\UNIAT\Unity\MotoresGraficosIII\Parcial_1\TheLastSurvivor\Library\PackageCache\com.unity.visualscripting@1.7.6\Editor\VisualScripting.Core\Dependencies\DotNetZip\Unity.VisualScripting.IonicZip.dll
Symbol file LoadedFromMemory doesn't match image E:\UNIAT\Unity\MotoresGraficosIII\Parcial_1\TheLastSurvivor\Library\PackageCache\com.unity.visualscripting@1.7.6\Editor\VisualScripting.Core\Dependencies\YamlDotNet\Unity.VisualScripting.YamlDotNet.dll
Native extension for WindowsStandalone target not found
Native extension for iOS target not found
Native extension for Android target not found
Native extension for WebGL target not found
Refreshing native plugins compatible for Editor in 0.63 ms, found 4 plugins.
Preloading 0 native plugins for Editor in 0.00 ms.
Mono: successfully reloaded assembly
- Completed reload, in  0.681 seconds
Domain Reload Profiling:
	ReloadAssembly (681ms)
		BeginReloadAssembly (88ms)
			ExecutionOrderSort (0ms)
			DisableScriptedObjects (4ms)
			BackupInstance (0ms)
			ReleaseScriptingObjects (0ms)
			CreateAndSetChildDomain (22ms)
		EndReloadAssembly (533ms)
			LoadAssemblies (60ms)
			RebuildTransferFunctionScriptingTraits (0ms)
			SetupTypeCache (133ms)
			ReleaseScriptCaches (1ms)
			RebuildScriptCaches (24ms)
			SetupLoadedEditorAssemblies (291ms)
				LogAssemblyErrors (0ms)
				InitializePlatformSupportModulesInManaged (21ms)
				SetLoadedEditorAssemblies (0ms)
				RefreshPlugins (1ms)
				BeforeProcessingInitializeOnLoad (103ms)
				ProcessInitializeOnLoadAttributes (139ms)
				ProcessInitializeOnLoadMethodAttributes (20ms)
				AfterProcessingInitializeOnLoad (7ms)
				EditorAssembliesLoaded (0ms)
			ExecutionOrderSort2 (0ms)
			AwakeInstancesAfterBackupRestoration (5ms)
Platform modules already initialized, skipping
Refreshing native plugins compatible for Editor in 2.60 ms, found 4 plugins.
Preloading 0 native plugins for Editor in 0.00 ms.
Unloading 4701 Unused Serialized files (Serialized files now loaded: 0)
Unloading 61 unused Assets / (193.9 KB). Loaded Objects now: 5239.
Memory consumption went from 178.9 MB to 178.7 MB.
Total: 2.435900 ms (FindLiveObjects: 0.212500 ms CreateObjectMapping: 0.104500 ms MarkObjects: 2.011600 ms  DeleteObjects: 0.106800 ms)

AssetImportParameters requested are different than current active one (requested -> active):
  custom:video-decoder-ogg-theora: a1e56fd34408186e4bbccfd4996cb3dc -> 
  custom:container-muxer-webm: aa71ff27fc2769a1b78a27578f13a17b -> 
  custom:container-demuxer-webm: 4f35f7cbe854078d1ac9338744f61a02 -> 
  custom:video-encoder-webm-vp8: eb34c28f22e8b96e1ab97ce403110664 -> 
  custom:audio-encoder-webm-vorbis: bf7c407c2cedff20999df2af8eb42d56 -> 
  custom:framework-win-MediaFoundation: 216162199b28c13a410421893ffa2e32 -> 
  custom:container-demuxer-ogg: 62fdf1f143b41e24485cea50d1cbac27 -> 
  custom:video-decoder-webm-vp8: 9c59270c3fd7afecdb556c50c9e8de78 -> 
  custom:audio-decoder-ogg-vorbis: bf7c407c2cedff20999df2af8eb42d56 -> 
========================================================================
Received Import Request.
  Time since last request: 1930.505948 seconds.
  path: Assets/_Prefabs/Bullet.prefab
  artifactKey: Guid(4d17c9777a381794b8700efd277ee55b) Importer(815301076,1909f56bfc062723c751e8b465ee728b)
Start importing Assets/_Prefabs/Bullet.prefab using Guid(4d17c9777a381794b8700efd277ee55b) Importer(815301076,1909f56bfc062723c751e8b465ee728b)  -> (artifact id: '9e4816c7d8caa703e83047e7be621440') in 0.043792 seconds 
========================================================================
Received Prepare
Registering precompiled user dll's ...
Registered in 0.004407 seconds.
Begin MonoManager ReloadAssembly
Symbol file LoadedFromMemory doesn't match image E:\UNIAT\Unity\MotoresGraficosIII\Parcial_1\TheLastSurvivor\Library\PackageCache\com.unity.visualscripting@1.7.6\Editor\VisualScripting.Core\Dependencies\DotNetZip\Unity.VisualScripting.IonicZip.dll
Symbol file LoadedFromMemory doesn't match image E:\UNIAT\Unity\MotoresGraficosIII\Parcial_1\TheLastSurvivor\Library\PackageCache\com.unity.visualscripting@1.7.6\Editor\VisualScripting.Core\Dependencies\YamlDotNet\Unity.VisualScripting.YamlDotNet.dll
Native extension for WindowsStandalone target not found
Native extension for iOS target not found
Native extension for Android target not found
Native extension for WebGL target not found
Refreshing native plugins compatible for Editor in 0.65 ms, found 4 plugins.
Preloading 0 native plugins for Editor in 0.00 ms.
Mono: successfully reloaded assembly
- Completed reload, in  0.736 seconds
Domain Reload Profiling:
	ReloadAssembly (737ms)
		BeginReloadAssembly (88ms)
			ExecutionOrderSort (0ms)
			DisableScriptedObjects (3ms)
			BackupInstance (0ms)
			ReleaseScriptingObjects (0ms)
			CreateAndSetChildDomain (22ms)
		EndReloadAssembly (589ms)
			LoadAssemblies (62ms)
			RebuildTransferFunctionScriptingTraits (0ms)
			SetupTypeCache (155ms)
			ReleaseScriptCaches (1ms)
			RebuildScriptCaches (26ms)
			SetupLoadedEditorAssemblies (316ms)
				LogAssemblyErrors (0ms)
				InitializePlatformSupportModulesInManaged (23ms)
				SetLoadedEditorAssemblies (0ms)
				RefreshPlugins (1ms)
				BeforeProcessingInitializeOnLoad (105ms)
				ProcessInitializeOnLoadAttributes (154ms)
				ProcessInitializeOnLoadMethodAttributes (25ms)
				AfterProcessingInitializeOnLoad (7ms)
				EditorAssembliesLoaded (0ms)
			ExecutionOrderSort2 (0ms)
			AwakeInstancesAfterBackupRestoration (5ms)
Platform modules already initialized, skipping
Refreshing native plugins compatible for Editor in 2.68 ms, found 4 plugins.
Preloading 0 native plugins for Editor in 0.00 ms.
Unloading 4701 Unused Serialized files (Serialized files now loaded: 0)
Unloading 61 unused Assets / (193.9 KB). Loaded Objects now: 5242.
Memory consumption went from 179.0 MB to 178.8 MB.
Total: 2.680500 ms (FindLiveObjects: 0.237000 ms CreateObjectMapping: 0.111700 ms MarkObjects: 2.200800 ms  DeleteObjects: 0.129600 ms)

AssetImportParameters requested are different than current active one (requested -> active):
  custom:video-decoder-ogg-theora: a1e56fd34408186e4bbccfd4996cb3dc -> 
  custom:container-muxer-webm: aa71ff27fc2769a1b78a27578f13a17b -> 
  custom:container-demuxer-webm: 4f35f7cbe854078d1ac9338744f61a02 -> 
  custom:video-encoder-webm-vp8: eb34c28f22e8b96e1ab97ce403110664 -> 
  custom:audio-encoder-webm-vorbis: bf7c407c2cedff20999df2af8eb42d56 -> 
  custom:framework-win-MediaFoundation: 216162199b28c13a410421893ffa2e32 -> 
  custom:container-demuxer-ogg: 62fdf1f143b41e24485cea50d1cbac27 -> 
  custom:video-decoder-webm-vp8: 9c59270c3fd7afecdb556c50c9e8de78 -> 
  custom:audio-decoder-ogg-vorbis: bf7c407c2cedff20999df2af8eb42d56 -> 
========================================================================
Received Prepare
Registering precompiled user dll's ...
Registered in 0.004150 seconds.
Begin MonoManager ReloadAssembly
Symbol file LoadedFromMemory doesn't match image E:\UNIAT\Unity\MotoresGraficosIII\Parcial_1\TheLastSurvivor\Library\PackageCache\com.unity.visualscripting@1.7.6\Editor\VisualScripting.Core\Dependencies\DotNetZip\Unity.VisualScripting.IonicZip.dll
Symbol file LoadedFromMemory doesn't match image E:\UNIAT\Unity\MotoresGraficosIII\Parcial_1\TheLastSurvivor\Library\PackageCache\com.unity.visualscripting@1.7.6\Editor\VisualScripting.Core\Dependencies\YamlDotNet\Unity.VisualScripting.YamlDotNet.dll
Native extension for WindowsStandalone target not found
Native extension for iOS target not found
Native extension for Android target not found
Native extension for WebGL target not found
Refreshing native plugins compatible for Editor in 0.78 ms, found 4 plugins.
Preloading 0 native plugins for Editor in 0.00 ms.
Mono: successfully reloaded assembly
- Completed reload, in  0.719 seconds
Domain Reload Profiling:
	ReloadAssembly (719ms)
		BeginReloadAssembly (89ms)
			ExecutionOrderSort (0ms)
			DisableScriptedObjects (4ms)
			BackupInstance (0ms)
			ReleaseScriptingObjects (0ms)
			CreateAndSetChildDomain (24ms)
		EndReloadAssembly (571ms)
			LoadAssemblies (61ms)
			RebuildTransferFunctionScriptingTraits (0ms)
			SetupTypeCache (147ms)
			ReleaseScriptCaches (1ms)
			RebuildScriptCaches (27ms)
			SetupLoadedEditorAssemblies (306ms)
				LogAssemblyErrors (0ms)
				InitializePlatformSupportModulesInManaged (25ms)
				SetLoadedEditorAssemblies (0ms)
				RefreshPlugins (1ms)
				BeforeProcessingInitializeOnLoad (102ms)
				ProcessInitializeOnLoadAttributes (147ms)
				ProcessInitializeOnLoadMethodAttributes (23ms)
				AfterProcessingInitializeOnLoad (7ms)
				EditorAssembliesLoaded (0ms)
			ExecutionOrderSort2 (0ms)
			AwakeInstancesAfterBackupRestoration (6ms)
Platform modules already initialized, skipping
Refreshing native plugins compatible for Editor in 2.58 ms, found 4 plugins.
Preloading 0 native plugins for Editor in 0.00 ms.
Unloading 4701 Unused Serialized files (Serialized files now loaded: 0)
Unloading 61 unused Assets / (193.7 KB). Loaded Objects now: 5245.
Memory consumption went from 179.0 MB to 178.8 MB.
Total: 2.451700 ms (FindLiveObjects: 0.201400 ms CreateObjectMapping: 0.098500 ms MarkObjects: 2.043200 ms  DeleteObjects: 0.107700 ms)

AssetImportParameters requested are different than current active one (requested -> active):
  custom:video-decoder-ogg-theora: a1e56fd34408186e4bbccfd4996cb3dc -> 
  custom:container-muxer-webm: aa71ff27fc2769a1b78a27578f13a17b -> 
  custom:container-demuxer-webm: 4f35f7cbe854078d1ac9338744f61a02 -> 
  custom:video-encoder-webm-vp8: eb34c28f22e8b96e1ab97ce403110664 -> 
  custom:audio-encoder-webm-vorbis: bf7c407c2cedff20999df2af8eb42d56 -> 
  custom:framework-win-MediaFoundation: 216162199b28c13a410421893ffa2e32 -> 
  custom:container-demuxer-ogg: 62fdf1f143b41e24485cea50d1cbac27 -> 
  custom:video-decoder-webm-vp8: 9c59270c3fd7afecdb556c50c9e8de78 -> 
  custom:audio-decoder-ogg-vorbis: bf7c407c2cedff20999df2af8eb42d56 -> 
========================================================================
Received Prepare
Registering precompiled user dll's ...
Registered in 0.004037 seconds.
Begin MonoManager ReloadAssembly
Symbol file LoadedFromMemory doesn't match image E:\UNIAT\Unity\MotoresGraficosIII\Parcial_1\TheLastSurvivor\Library\PackageCache\com.unity.visualscripting@1.7.6\Editor\VisualScripting.Core\Dependencies\DotNetZip\Unity.VisualScripting.IonicZip.dll
Symbol file LoadedFromMemory doesn't match image E:\UNIAT\Unity\MotoresGraficosIII\Parcial_1\TheLastSurvivor\Library\PackageCache\com.unity.visualscripting@1.7.6\Editor\VisualScripting.Core\Dependencies\YamlDotNet\Unity.VisualScripting.YamlDotNet.dll
Native extension for WindowsStandalone target not found
Native extension for iOS target not found
Native extension for Android target not found
Native extension for WebGL target not found
Refreshing native plugins compatible for Editor in 0.72 ms, found 4 plugins.
Preloading 0 native plugins for Editor in 0.00 ms.
Mono: successfully reloaded assembly
- Completed reload, in  0.713 seconds
Domain Reload Profiling:
	ReloadAssembly (713ms)
		BeginReloadAssembly (86ms)
			ExecutionOrderSort (0ms)
			DisableScriptedObjects (4ms)
			BackupInstance (0ms)
			ReleaseScriptingObjects (0ms)
			CreateAndSetChildDomain (21ms)
		EndReloadAssembly (569ms)
			LoadAssemblies (58ms)
			RebuildTransferFunctionScriptingTraits (0ms)
			SetupTypeCache (140ms)
			ReleaseScriptCaches (2ms)
			RebuildScriptCaches (34ms)
			SetupLoadedEditorAssemblies (302ms)
				LogAssemblyErrors (0ms)
				InitializePlatformSupportModulesInManaged (27ms)
				SetLoadedEditorAssemblies (0ms)
				RefreshPlugins (1ms)
				BeforeProcessingInitializeOnLoad (94ms)
				ProcessInitializeOnLoadAttributes (151ms)
				ProcessInitializeOnLoadMethodAttributes (21ms)
				AfterProcessingInitializeOnLoad (7ms)
				EditorAssembliesLoaded (0ms)
			ExecutionOrderSort2 (0ms)
			AwakeInstancesAfterBackupRestoration (5ms)
Platform modules already initialized, skipping
Refreshing native plugins compatible for Editor in 2.44 ms, found 4 plugins.
Preloading 0 native plugins for Editor in 0.00 ms.
Unloading 4701 Unused Serialized files (Serialized files now loaded: 0)
Unloading 61 unused Assets / (193.7 KB). Loaded Objects now: 5248.
Memory consumption went from 179.0 MB to 178.8 MB.
Total: 2.612900 ms (FindLiveObjects: 0.223900 ms CreateObjectMapping: 0.112100 ms MarkObjects: 2.147700 ms  DeleteObjects: 0.127900 ms)

AssetImportParameters requested are different than current active one (requested -> active):
  custom:video-decoder-ogg-theora: a1e56fd34408186e4bbccfd4996cb3dc -> 
  custom:container-muxer-webm: aa71ff27fc2769a1b78a27578f13a17b -> 
  custom:container-demuxer-webm: 4f35f7cbe854078d1ac9338744f61a02 -> 
  custom:video-encoder-webm-vp8: eb34c28f22e8b96e1ab97ce403110664 -> 
  custom:audio-encoder-webm-vorbis: bf7c407c2cedff20999df2af8eb42d56 -> 
  custom:framework-win-MediaFoundation: 216162199b28c13a410421893ffa2e32 -> 
  custom:container-demuxer-ogg: 62fdf1f143b41e24485cea50d1cbac27 -> 
  custom:video-decoder-webm-vp8: 9c59270c3fd7afecdb556c50c9e8de78 -> 
  custom:audio-decoder-ogg-vorbis: bf7c407c2cedff20999df2af8eb42d56 -> 
========================================================================
Received Prepare
Registering precompiled user dll's ...
Registered in 0.005192 seconds.
Begin MonoManager ReloadAssembly
Symbol file LoadedFromMemory doesn't match image E:\UNIAT\Unity\MotoresGraficosIII\Parcial_1\TheLastSurvivor\Library\PackageCache\com.unity.visualscripting@1.7.6\Editor\VisualScripting.Core\Dependencies\DotNetZip\Unity.VisualScripting.IonicZip.dll
Symbol file LoadedFromMemory doesn't match image E:\UNIAT\Unity\MotoresGraficosIII\Parcial_1\TheLastSurvivor\Library\PackageCache\com.unity.visualscripting@1.7.6\Editor\VisualScripting.Core\Dependencies\YamlDotNet\Unity.VisualScripting.YamlDotNet.dll
Native extension for WindowsStandalone target not found
Native extension for iOS target not found
Native extension for Android target not found
Native extension for WebGL target not found
Refreshing native plugins compatible for Editor in 0.73 ms, found 4 plugins.
Preloading 0 native plugins for Editor in 0.00 ms.
Mono: successfully reloaded assembly
- Completed reload, in  0.699 seconds
Domain Reload Profiling:
	ReloadAssembly (700ms)
		BeginReloadAssembly (90ms)
			ExecutionOrderSort (0ms)
			DisableScriptedObjects (4ms)
			BackupInstance (0ms)
			ReleaseScriptingObjects (0ms)
			CreateAndSetChildDomain (22ms)
		EndReloadAssembly (550ms)
			LoadAssemblies (61ms)
			RebuildTransferFunctionScriptingTraits (0ms)
			SetupTypeCache (138ms)
			ReleaseScriptCaches (1ms)
			RebuildScriptCaches (26ms)
			SetupLoadedEditorAssemblies (297ms)
				LogAssemblyErrors (0ms)
				InitializePlatformSupportModulesInManaged (22ms)
				SetLoadedEditorAssemblies (0ms)
				RefreshPlugins (1ms)
				BeforeProcessingInitializeOnLoad (95ms)
				ProcessInitializeOnLoadAttributes (149ms)
				ProcessInitializeOnLoadMethodAttributes (23ms)
				AfterProcessingInitializeOnLoad (7ms)
				EditorAssembliesLoaded (0ms)
			ExecutionOrderSort2 (0ms)
			AwakeInstancesAfterBackupRestoration (6ms)
Platform modules already initialized, skipping
Refreshing native plugins compatible for Editor in 2.62 ms, found 4 plugins.
Preloading 0 native plugins for Editor in 0.00 ms.
Unloading 4701 Unused Serialized files (Serialized files now loaded: 0)
Unloading 61 unused Assets / (193.8 KB). Loaded Objects now: 5251.
Memory consumption went from 179.0 MB to 178.8 MB.
Total: 2.465800 ms (FindLiveObjects: 0.221200 ms CreateObjectMapping: 0.110300 ms MarkObjects: 2.021900 ms  DeleteObjects: 0.111700 ms)

AssetImportParameters requested are different than current active one (requested -> active):
  custom:video-decoder-ogg-theora: a1e56fd34408186e4bbccfd4996cb3dc -> 
  custom:container-muxer-webm: aa71ff27fc2769a1b78a27578f13a17b -> 
  custom:container-demuxer-webm: 4f35f7cbe854078d1ac9338744f61a02 -> 
  custom:video-encoder-webm-vp8: eb34c28f22e8b96e1ab97ce403110664 -> 
  custom:audio-encoder-webm-vorbis: bf7c407c2cedff20999df2af8eb42d56 -> 
  custom:framework-win-MediaFoundation: 216162199b28c13a410421893ffa2e32 -> 
  custom:container-demuxer-ogg: 62fdf1f143b41e24485cea50d1cbac27 -> 
  custom:video-decoder-webm-vp8: 9c59270c3fd7afecdb556c50c9e8de78 -> 
  custom:audio-decoder-ogg-vorbis: bf7c407c2cedff20999df2af8eb42d56 -> 
========================================================================
Received Prepare
Registering precompiled user dll's ...
Registered in 0.004026 seconds.
Begin MonoManager ReloadAssembly
Symbol file LoadedFromMemory doesn't match image E:\UNIAT\Unity\MotoresGraficosIII\Parcial_1\TheLastSurvivor\Library\PackageCache\com.unity.visualscripting@1.7.6\Editor\VisualScripting.Core\Dependencies\DotNetZip\Unity.VisualScripting.IonicZip.dll
Symbol file LoadedFromMemory doesn't match image E:\UNIAT\Unity\MotoresGraficosIII\Parcial_1\TheLastSurvivor\Library\PackageCache\com.unity.visualscripting@1.7.6\Editor\VisualScripting.Core\Dependencies\YamlDotNet\Unity.VisualScripting.YamlDotNet.dll
Native extension for WindowsStandalone target not found
Native extension for iOS target not found
Native extension for Android target not found
Native extension for WebGL target not found
Refreshing native plugins compatible for Editor in 0.76 ms, found 4 plugins.
Preloading 0 native plugins for Editor in 0.00 ms.
Mono: successfully reloaded assembly
- Completed reload, in  0.741 seconds
Domain Reload Profiling:
	ReloadAssembly (742ms)
		BeginReloadAssembly (91ms)
			ExecutionOrderSort (0ms)
			DisableScriptedObjects (4ms)
			BackupInstance (0ms)
			ReleaseScriptingObjects (0ms)
			CreateAndSetChildDomain (24ms)
		EndReloadAssembly (591ms)
			LoadAssemblies (62ms)
			RebuildTransferFunctionScriptingTraits (0ms)
			SetupTypeCache (145ms)
			ReleaseScriptCaches (2ms)
			RebuildScriptCaches (34ms)
			SetupLoadedEditorAssemblies (313ms)
				LogAssemblyErrors (0ms)
				InitializePlatformSupportModulesInManaged (24ms)
				SetLoadedEditorAssemblies (0ms)
				RefreshPlugins (1ms)
				BeforeProcessingInitializeOnLoad (101ms)
				ProcessInitializeOnLoadAttributes (158ms)
				ProcessInitializeOnLoadMethodAttributes (22ms)
				AfterProcessingInitializeOnLoad (7ms)
				EditorAssembliesLoaded (0ms)
			ExecutionOrderSort2 (0ms)
			AwakeInstancesAfterBackupRestoration (6ms)
Platform modules already initialized, skipping
Refreshing native plugins compatible for Editor in 2.74 ms, found 4 plugins.
Preloading 0 native plugins for Editor in 0.00 ms.
Unloading 4701 Unused Serialized files (Serialized files now loaded: 0)
Unloading 61 unused Assets / (193.8 KB). Loaded Objects now: 5254.
Memory consumption went from 179.0 MB to 178.8 MB.
Total: 2.542700 ms (FindLiveObjects: 0.207300 ms CreateObjectMapping: 0.110900 ms MarkObjects: 2.096300 ms  DeleteObjects: 0.127100 ms)

AssetImportParameters requested are different than current active one (requested -> active):
  custom:video-decoder-ogg-theora: a1e56fd34408186e4bbccfd4996cb3dc -> 
  custom:container-muxer-webm: aa71ff27fc2769a1b78a27578f13a17b -> 
  custom:container-demuxer-webm: 4f35f7cbe854078d1ac9338744f61a02 -> 
  custom:video-encoder-webm-vp8: eb34c28f22e8b96e1ab97ce403110664 -> 
  custom:audio-encoder-webm-vorbis: bf7c407c2cedff20999df2af8eb42d56 -> 
  custom:framework-win-MediaFoundation: 216162199b28c13a410421893ffa2e32 -> 
  custom:container-demuxer-ogg: 62fdf1f143b41e24485cea50d1cbac27 -> 
  custom:video-decoder-webm-vp8: 9c59270c3fd7afecdb556c50c9e8de78 -> 
  custom:audio-decoder-ogg-vorbis: bf7c407c2cedff20999df2af8eb42d56 -> 
========================================================================
Received Prepare
Registering precompiled user dll's ...
Registered in 0.003959 seconds.
Begin MonoManager ReloadAssembly
Symbol file LoadedFromMemory doesn't match image E:\UNIAT\Unity\MotoresGraficosIII\Parcial_1\TheLastSurvivor\Library\PackageCache\com.unity.visualscripting@1.7.6\Editor\VisualScripting.Core\Dependencies\DotNetZip\Unity.VisualScripting.IonicZip.dll
Symbol file LoadedFromMemory doesn't match image E:\UNIAT\Unity\MotoresGraficosIII\Parcial_1\TheLastSurvivor\Library\PackageCache\com.unity.visualscripting@1.7.6\Editor\VisualScripting.Core\Dependencies\YamlDotNet\Unity.VisualScripting.YamlDotNet.dll
Native extension for WindowsStandalone target not found
Native extension for iOS target not found
Native extension for Android target not found
Native extension for WebGL target not found
Refreshing native plugins compatible for Editor in 0.67 ms, found 4 plugins.
Preloading 0 native plugins for Editor in 0.00 ms.
Mono: successfully reloaded assembly
- Completed reload, in  0.677 seconds
Domain Reload Profiling:
	ReloadAssembly (677ms)
		BeginReloadAssembly (86ms)
			ExecutionOrderSort (0ms)
			DisableScriptedObjects (4ms)
			BackupInstance (0ms)
			ReleaseScriptingObjects (0ms)
			CreateAndSetChildDomain (21ms)
		EndReloadAssembly (532ms)
			LoadAssemblies (59ms)
			RebuildTransferFunctionScriptingTraits (0ms)
			SetupTypeCache (136ms)
			ReleaseScriptCaches (1ms)
			RebuildScriptCaches (24ms)
			SetupLoadedEditorAssemblies (287ms)
				LogAssemblyErrors (0ms)
				InitializePlatformSupportModulesInManaged (22ms)
				SetLoadedEditorAssemblies (0ms)
				RefreshPlugins (1ms)
				BeforeProcessingInitializeOnLoad (97ms)
				ProcessInitializeOnLoadAttributes (139ms)
				ProcessInitializeOnLoadMethodAttributes (20ms)
				AfterProcessingInitializeOnLoad (7ms)
				EditorAssembliesLoaded (0ms)
			ExecutionOrderSort2 (0ms)
			AwakeInstancesAfterBackupRestoration (5ms)
Platform modules already initialized, skipping
Refreshing native plugins compatible for Editor in 2.34 ms, found 4 plugins.
Preloading 0 native plugins for Editor in 0.00 ms.
Unloading 4701 Unused Serialized files (Serialized files now loaded: 0)
Unloading 61 unused Assets / (193.7 KB). Loaded Objects now: 5257.
Memory consumption went from 179.0 MB to 178.8 MB.
Total: 2.465700 ms (FindLiveObjects: 0.207900 ms CreateObjectMapping: 0.115100 ms MarkObjects: 2.030500 ms  DeleteObjects: 0.111500 ms)

AssetImportParameters requested are different than current active one (requested -> active):
  custom:video-decoder-ogg-theora: a1e56fd34408186e4bbccfd4996cb3dc -> 
  custom:container-muxer-webm: aa71ff27fc2769a1b78a27578f13a17b -> 
  custom:container-demuxer-webm: 4f35f7cbe854078d1ac9338744f61a02 -> 
  custom:video-encoder-webm-vp8: eb34c28f22e8b96e1ab97ce403110664 -> 
  custom:audio-encoder-webm-vorbis: bf7c407c2cedff20999df2af8eb42d56 -> 
  custom:framework-win-MediaFoundation: 216162199b28c13a410421893ffa2e32 -> 
  custom:container-demuxer-ogg: 62fdf1f143b41e24485cea50d1cbac27 -> 
  custom:video-decoder-webm-vp8: 9c59270c3fd7afecdb556c50c9e8de78 -> 
  custom:audio-decoder-ogg-vorbis: bf7c407c2cedff20999df2af8eb42d56 -> 
========================================================================
Received Prepare
Registering precompiled user dll's ...
Registered in 0.004048 seconds.
Begin MonoManager ReloadAssembly
Symbol file LoadedFromMemory doesn't match image E:\UNIAT\Unity\MotoresGraficosIII\Parcial_1\TheLastSurvivor\Library\PackageCache\com.unity.visualscripting@1.7.6\Editor\VisualScripting.Core\Dependencies\DotNetZip\Unity.VisualScripting.IonicZip.dll
Symbol file LoadedFromMemory doesn't match image E:\UNIAT\Unity\MotoresGraficosIII\Parcial_1\TheLastSurvivor\Library\PackageCache\com.unity.visualscripting@1.7.6\Editor\VisualScripting.Core\Dependencies\YamlDotNet\Unity.VisualScripting.YamlDotNet.dll
Native extension for WindowsStandalone target not found
Native extension for iOS target not found
Native extension for Android target not found
Native extension for WebGL target not found
Refreshing native plugins compatible for Editor in 0.66 ms, found 4 plugins.
Preloading 0 native plugins for Editor in 0.00 ms.
Mono: successfully reloaded assembly
- Completed reload, in  0.698 seconds
Domain Reload Profiling:
	ReloadAssembly (699ms)
		BeginReloadAssembly (87ms)
			ExecutionOrderSort (0ms)
			DisableScriptedObjects (4ms)
			BackupInstance (0ms)
			ReleaseScriptingObjects (0ms)
			CreateAndSetChildDomain (21ms)
		EndReloadAssembly (553ms)
			LoadAssemblies (59ms)
			RebuildTransferFunctionScriptingTraits (0ms)
			SetupTypeCache (137ms)
			ReleaseScriptCaches (1ms)
			RebuildScriptCaches (26ms)
			SetupLoadedEditorAssemblies (304ms)
				LogAssemblyErrors (0ms)
				InitializePlatformSupportModulesInManaged (23ms)
				SetLoadedEditorAssemblies (0ms)
				RefreshPlugins (1ms)
				BeforeProcessingInitializeOnLoad (87ms)
				ProcessInitializeOnLoadAttributes (164ms)
				ProcessInitializeOnLoadMethodAttributes (22ms)
				AfterProcessingInitializeOnLoad (7ms)
				EditorAssembliesLoaded (0ms)
			ExecutionOrderSort2 (0ms)
			AwakeInstancesAfterBackupRestoration (6ms)
Platform modules already initialized, skipping
Refreshing native plugins compatible for Editor in 2.55 ms, found 4 plugins.
Preloading 0 native plugins for Editor in 0.00 ms.
Unloading 4701 Unused Serialized files (Serialized files now loaded: 0)
Unloading 61 unused Assets / (193.9 KB). Loaded Objects now: 5260.
Memory consumption went from 179.0 MB to 178.8 MB.
Total: 2.415700 ms (FindLiveObjects: 0.234100 ms CreateObjectMapping: 0.097600 ms MarkObjects: 1.974300 ms  DeleteObjects: 0.108900 ms)

AssetImportParameters requested are different than current active one (requested -> active):
  custom:video-decoder-ogg-theora: a1e56fd34408186e4bbccfd4996cb3dc -> 
  custom:container-muxer-webm: aa71ff27fc2769a1b78a27578f13a17b -> 
  custom:container-demuxer-webm: 4f35f7cbe854078d1ac9338744f61a02 -> 
  custom:video-encoder-webm-vp8: eb34c28f22e8b96e1ab97ce403110664 -> 
  custom:audio-encoder-webm-vorbis: bf7c407c2cedff20999df2af8eb42d56 -> 
  custom:framework-win-MediaFoundation: 216162199b28c13a410421893ffa2e32 -> 
  custom:container-demuxer-ogg: 62fdf1f143b41e24485cea50d1cbac27 -> 
  custom:video-decoder-webm-vp8: 9c59270c3fd7afecdb556c50c9e8de78 -> 
  custom:audio-decoder-ogg-vorbis: bf7c407c2cedff20999df2af8eb42d56 -> 
========================================================================
Received Prepare
Registering precompiled user dll's ...
Registered in 0.010048 seconds.
Begin MonoManager ReloadAssembly
Symbol file LoadedFromMemory doesn't match image E:\UNIAT\Unity\MotoresGraficosIII\Parcial_1\TheLastSurvivor\Library\PackageCache\com.unity.visualscripting@1.7.6\Editor\VisualScripting.Core\Dependencies\DotNetZip\Unity.VisualScripting.IonicZip.dll
Symbol file LoadedFromMemory doesn't match image E:\UNIAT\Unity\MotoresGraficosIII\Parcial_1\TheLastSurvivor\Library\PackageCache\com.unity.visualscripting@1.7.6\Editor\VisualScripting.Core\Dependencies\YamlDotNet\Unity.VisualScripting.YamlDotNet.dll
Native extension for WindowsStandalone target not found
Native extension for iOS target not found
Native extension for Android target not found
Native extension for WebGL target not found
Refreshing native plugins compatible for Editor in 1.14 ms, found 4 plugins.
Preloading 0 native plugins for Editor in 0.00 ms.
Mono: successfully reloaded assembly
- Completed reload, in  1.257 seconds
Domain Reload Profiling:
	ReloadAssembly (1257ms)
		BeginReloadAssembly (160ms)
			ExecutionOrderSort (0ms)
			DisableScriptedObjects (7ms)
			BackupInstance (0ms)
			ReleaseScriptingObjects (0ms)
			CreateAndSetChildDomain (37ms)
		EndReloadAssembly (973ms)
			LoadAssemblies (124ms)
			RebuildTransferFunctionScriptingTraits (0ms)
			SetupTypeCache (253ms)
			ReleaseScriptCaches (1ms)
			RebuildScriptCaches (58ms)
			SetupLoadedEditorAssemblies (479ms)
				LogAssemblyErrors (0ms)
				InitializePlatformSupportModulesInManaged (50ms)
				SetLoadedEditorAssemblies (1ms)
				RefreshPlugins (1ms)
				BeforeProcessingInitializeOnLoad (108ms)
				ProcessInitializeOnLoadAttributes (261ms)
				ProcessInitializeOnLoadMethodAttributes (37ms)
				AfterProcessingInitializeOnLoad (19ms)
				EditorAssembliesLoaded (0ms)
			ExecutionOrderSort2 (0ms)
			AwakeInstancesAfterBackupRestoration (12ms)
Platform modules already initialized, skipping
Refreshing native plugins compatible for Editor in 2.19 ms, found 4 plugins.
Preloading 0 native plugins for Editor in 0.00 ms.
Unloading 4701 Unused Serialized files (Serialized files now loaded: 0)
Unloading 61 unused Assets / (193.7 KB). Loaded Objects now: 5263.
Memory consumption went from 179.0 MB to 178.8 MB.
Total: 2.332600 ms (FindLiveObjects: 0.196600 ms CreateObjectMapping: 0.096800 ms MarkObjects: 1.937300 ms  DeleteObjects: 0.100900 ms)

AssetImportParameters requested are different than current active one (requested -> active):
  custom:video-decoder-ogg-theora: a1e56fd34408186e4bbccfd4996cb3dc -> 
  custom:container-muxer-webm: aa71ff27fc2769a1b78a27578f13a17b -> 
  custom:container-demuxer-webm: 4f35f7cbe854078d1ac9338744f61a02 -> 
  custom:video-encoder-webm-vp8: eb34c28f22e8b96e1ab97ce403110664 -> 
  custom:audio-encoder-webm-vorbis: bf7c407c2cedff20999df2af8eb42d56 -> 
  custom:framework-win-MediaFoundation: 216162199b28c13a410421893ffa2e32 -> 
  custom:container-demuxer-ogg: 62fdf1f143b41e24485cea50d1cbac27 -> 
  custom:video-decoder-webm-vp8: 9c59270c3fd7afecdb556c50c9e8de78 -> 
  custom:audio-decoder-ogg-vorbis: bf7c407c2cedff20999df2af8eb42d56 -> 
========================================================================
Received Import Request.
  Time since last request: 1214.015695 seconds.
  path: Assets/_Prefabs/UICanvas.prefab
  artifactKey: Guid(bfbdae04f0e174143adf7b23ebecd94d) Importer(815301076,1909f56bfc062723c751e8b465ee728b)
Start importing Assets/_Prefabs/UICanvas.prefab using Guid(bfbdae04f0e174143adf7b23ebecd94d) Importer(815301076,1909f56bfc062723c751e8b465ee728b)  -> (artifact id: '90d42494b09a70f01e09632caef6763a') in 0.077134 seconds 
========================================================================
Received Import Request.
  Time since last request: 112.632295 seconds.
  path: Assets/Scenes/TutorialMobile.unity
  artifactKey: Guid(418efd214f618fb4aa051607d2be966b) Importer(815301076,1909f56bfc062723c751e8b465ee728b)
Start importing Assets/Scenes/TutorialMobile.unity using Guid(418efd214f618fb4aa051607d2be966b) Importer(815301076,1909f56bfc062723c751e8b465ee728b)  -> (artifact id: 'cfe7965ace042d499a2dea3d9ec153e9') in 0.003013 seconds 
========================================================================
Received Prepare
Registering precompiled user dll's ...
Registered in 0.004068 seconds.
Begin MonoManager ReloadAssembly
Symbol file LoadedFromMemory doesn't match image E:\UNIAT\Unity\MotoresGraficosIII\Parcial_1\TheLastSurvivor\Library\PackageCache\com.unity.visualscripting@1.7.6\Editor\VisualScripting.Core\Dependencies\DotNetZip\Unity.VisualScripting.IonicZip.dll
Symbol file LoadedFromMemory doesn't match image E:\UNIAT\Unity\MotoresGraficosIII\Parcial_1\TheLastSurvivor\Library\PackageCache\com.unity.visualscripting@1.7.6\Editor\VisualScripting.Core\Dependencies\YamlDotNet\Unity.VisualScripting.YamlDotNet.dll
Native extension for WindowsStandalone target not found
Native extension for iOS target not found
Native extension for Android target not found
Native extension for WebGL target not found
Refreshing native plugins compatible for Editor in 0.58 ms, found 4 plugins.
Preloading 0 native plugins for Editor in 0.00 ms.
Mono: successfully reloaded assembly
- Completed reload, in  0.672 seconds
Domain Reload Profiling:
	ReloadAssembly (672ms)
		BeginReloadAssembly (85ms)
			ExecutionOrderSort (0ms)
			DisableScriptedObjects (3ms)
			BackupInstance (0ms)
			ReleaseScriptingObjects (0ms)
			CreateAndSetChildDomain (23ms)
		EndReloadAssembly (529ms)
			LoadAssemblies (56ms)
			RebuildTransferFunctionScriptingTraits (0ms)
			SetupTypeCache (134ms)
			ReleaseScriptCaches (1ms)
			RebuildScriptCaches (25ms)
			SetupLoadedEditorAssemblies (287ms)
				LogAssemblyErrors (0ms)
				InitializePlatformSupportModulesInManaged (21ms)
				SetLoadedEditorAssemblies (0ms)
				RefreshPlugins (1ms)
				BeforeProcessingInitializeOnLoad (100ms)
				ProcessInitializeOnLoadAttributes (137ms)
				ProcessInitializeOnLoadMethodAttributes (21ms)
				AfterProcessingInitializeOnLoad (7ms)
				EditorAssembliesLoaded (0ms)
			ExecutionOrderSort2 (0ms)
			AwakeInstancesAfterBackupRestoration (5ms)
Platform modules already initialized, skipping
Refreshing native plugins compatible for Editor in 2.92 ms, found 4 plugins.
Preloading 0 native plugins for Editor in 0.00 ms.
Unloading 4701 Unused Serialized files (Serialized files now loaded: 0)
Unloading 61 unused Assets / (193.7 KB). Loaded Objects now: 5267.
Memory consumption went from 179.1 MB to 178.9 MB.
Total: 2.739000 ms (FindLiveObjects: 0.230300 ms CreateObjectMapping: 0.126100 ms MarkObjects: 2.258200 ms  DeleteObjects: 0.123300 ms)

AssetImportParameters requested are different than current active one (requested -> active):
  custom:video-decoder-ogg-theora: a1e56fd34408186e4bbccfd4996cb3dc -> 
  custom:container-muxer-webm: aa71ff27fc2769a1b78a27578f13a17b -> 
  custom:container-demuxer-webm: 4f35f7cbe854078d1ac9338744f61a02 -> 
  custom:video-encoder-webm-vp8: eb34c28f22e8b96e1ab97ce403110664 -> 
  custom:audio-encoder-webm-vorbis: bf7c407c2cedff20999df2af8eb42d56 -> 
  custom:framework-win-MediaFoundation: 216162199b28c13a410421893ffa2e32 -> 
  custom:container-demuxer-ogg: 62fdf1f143b41e24485cea50d1cbac27 -> 
  custom:video-decoder-webm-vp8: 9c59270c3fd7afecdb556c50c9e8de78 -> 
  custom:audio-decoder-ogg-vorbis: bf7c407c2cedff20999df2af8eb42d56 -> 
========================================================================
Received Import Request.
  Time since last request: 418.729762 seconds.
  path: Assets/_Prefabs/UICanvas.prefab
  artifactKey: Guid(bfbdae04f0e174143adf7b23ebecd94d) Importer(815301076,1909f56bfc062723c751e8b465ee728b)
Start importing Assets/_Prefabs/UICanvas.prefab using Guid(bfbdae04f0e174143adf7b23ebecd94d) Importer(815301076,1909f56bfc062723c751e8b465ee728b)  -> (artifact id: '3071085f11d5401ac2aa87e9e5373aea') in 0.076265 seconds 
========================================================================
Received Import Request.
  Time since last request: 5.113715 seconds.
  path: Assets/_Prefabs/MobileUICanvas.prefab
  artifactKey: Guid(bfbdae04f0e174143adf7b23ebecd94d) Importer(815301076,1909f56bfc062723c751e8b465ee728b)
Start importing Assets/_Prefabs/MobileUICanvas.prefab using Guid(bfbdae04f0e174143adf7b23ebecd94d) Importer(815301076,1909f56bfc062723c751e8b465ee728b)  -> (artifact id: '18d24fd36f992dae18b20bc82501acd1') in 0.027099 seconds 
========================================================================
Received Prepare
Registering precompiled user dll's ...
Registered in 0.003973 seconds.
Begin MonoManager ReloadAssembly
Symbol file LoadedFromMemory doesn't match image E:\UNIAT\Unity\MotoresGraficosIII\Parcial_1\TheLastSurvivor\Library\PackageCache\com.unity.visualscripting@1.7.6\Editor\VisualScripting.Core\Dependencies\DotNetZip\Unity.VisualScripting.IonicZip.dll
Symbol file LoadedFromMemory doesn't match image E:\UNIAT\Unity\MotoresGraficosIII\Parcial_1\TheLastSurvivor\Library\PackageCache\com.unity.visualscripting@1.7.6\Editor\VisualScripting.Core\Dependencies\YamlDotNet\Unity.VisualScripting.YamlDotNet.dll
Native extension for WindowsStandalone target not found
Native extension for iOS target not found
Native extension for Android target not found
Native extension for WebGL target not found
Refreshing native plugins compatible for Editor in 0.68 ms, found 4 plugins.
Preloading 0 native plugins for Editor in 0.00 ms.
Mono: successfully reloaded assembly
- Completed reload, in  0.678 seconds
Domain Reload Profiling:
	ReloadAssembly (679ms)
		BeginReloadAssembly (87ms)
			ExecutionOrderSort (0ms)
			DisableScriptedObjects (3ms)
			BackupInstance (0ms)
			ReleaseScriptingObjects (0ms)
			CreateAndSetChildDomain (23ms)
		EndReloadAssembly (531ms)
			LoadAssemblies (57ms)
			RebuildTransferFunctionScriptingTraits (0ms)
			SetupTypeCache (135ms)
			ReleaseScriptCaches (1ms)
			RebuildScriptCaches (25ms)
			SetupLoadedEditorAssemblies (287ms)
				LogAssemblyErrors (0ms)
				InitializePlatformSupportModulesInManaged (22ms)
				SetLoadedEditorAssemblies (0ms)
				RefreshPlugins (1ms)
				BeforeProcessingInitializeOnLoad (96ms)
				ProcessInitializeOnLoadAttributes (140ms)
				ProcessInitializeOnLoadMethodAttributes (21ms)
				AfterProcessingInitializeOnLoad (6ms)
				EditorAssembliesLoaded (0ms)
			ExecutionOrderSort2 (0ms)
			AwakeInstancesAfterBackupRestoration (5ms)
Platform modules already initialized, skipping
Refreshing native plugins compatible for Editor in 2.74 ms, found 4 plugins.
Preloading 0 native plugins for Editor in 0.00 ms.
Unloading 4701 Unused Serialized files (Serialized files now loaded: 0)
Unloading 61 unused Assets / (193.9 KB). Loaded Objects now: 5270.
Memory consumption went from 179.1 MB to 179.0 MB.
Total: 2.706000 ms (FindLiveObjects: 0.225700 ms CreateObjectMapping: 0.109200 ms MarkObjects: 2.254500 ms  DeleteObjects: 0.115600 ms)

AssetImportParameters requested are different than current active one (requested -> active):
  custom:video-decoder-ogg-theora: a1e56fd34408186e4bbccfd4996cb3dc -> 
  custom:container-muxer-webm: aa71ff27fc2769a1b78a27578f13a17b -> 
  custom:container-demuxer-webm: 4f35f7cbe854078d1ac9338744f61a02 -> 
  custom:video-encoder-webm-vp8: eb34c28f22e8b96e1ab97ce403110664 -> 
  custom:audio-encoder-webm-vorbis: bf7c407c2cedff20999df2af8eb42d56 -> 
  custom:framework-win-MediaFoundation: 216162199b28c13a410421893ffa2e32 -> 
  custom:container-demuxer-ogg: 62fdf1f143b41e24485cea50d1cbac27 -> 
  custom:video-decoder-webm-vp8: 9c59270c3fd7afecdb556c50c9e8de78 -> 
  custom:audio-decoder-ogg-vorbis: bf7c407c2cedff20999df2af8eb42d56 -> 
========================================================================
Received Prepare
Registering precompiled user dll's ...
Registered in 0.003982 seconds.
Begin MonoManager ReloadAssembly
Symbol file LoadedFromMemory doesn't match image E:\UNIAT\Unity\MotoresGraficosIII\Parcial_1\TheLastSurvivor\Library\PackageCache\com.unity.visualscripting@1.7.6\Editor\VisualScripting.Core\Dependencies\DotNetZip\Unity.VisualScripting.IonicZip.dll
Symbol file LoadedFromMemory doesn't match image E:\UNIAT\Unity\MotoresGraficosIII\Parcial_1\TheLastSurvivor\Library\PackageCache\com.unity.visualscripting@1.7.6\Editor\VisualScripting.Core\Dependencies\YamlDotNet\Unity.VisualScripting.YamlDotNet.dll
Native extension for WindowsStandalone target not found
Native extension for iOS target not found
Native extension for Android target not found
Native extension for WebGL target not found
Refreshing native plugins compatible for Editor in 0.85 ms, found 4 plugins.
Preloading 0 native plugins for Editor in 0.00 ms.
Mono: successfully reloaded assembly
- Completed reload, in  0.702 seconds
Domain Reload Profiling:
	ReloadAssembly (702ms)
		BeginReloadAssembly (86ms)
			ExecutionOrderSort (0ms)
			DisableScriptedObjects (4ms)
			BackupInstance (0ms)
			ReleaseScriptingObjects (0ms)
			CreateAndSetChildDomain (21ms)
		EndReloadAssembly (557ms)
			LoadAssemblies (59ms)
			RebuildTransferFunctionScriptingTraits (0ms)
			SetupTypeCache (134ms)
			ReleaseScriptCaches (1ms)
			RebuildScriptCaches (25ms)
			SetupLoadedEditorAssemblies (303ms)
				LogAssemblyErrors (0ms)
				InitializePlatformSupportModulesInManaged (26ms)
				SetLoadedEditorAssemblies (0ms)
				RefreshPlugins (1ms)
				BeforeProcessingInitializeOnLoad (96ms)
				ProcessInitializeOnLoadAttributes (151ms)
				ProcessInitializeOnLoadMethodAttributes (22ms)
				AfterProcessingInitializeOnLoad (7ms)
				EditorAssembliesLoaded (0ms)
			ExecutionOrderSort2 (0ms)
			AwakeInstancesAfterBackupRestoration (6ms)
Platform modules already initialized, skipping
Refreshing native plugins compatible for Editor in 3.00 ms, found 4 plugins.
Preloading 0 native plugins for Editor in 0.00 ms.
Unloading 4701 Unused Serialized files (Serialized files now loaded: 0)
Unloading 61 unused Assets / (193.8 KB). Loaded Objects now: 5273.
Memory consumption went from 179.2 MB to 179.0 MB.
Total: 2.669400 ms (FindLiveObjects: 0.189600 ms CreateObjectMapping: 0.100900 ms MarkObjects: 2.268800 ms  DeleteObjects: 0.109300 ms)

AssetImportParameters requested are different than current active one (requested -> active):
  custom:video-decoder-ogg-theora: a1e56fd34408186e4bbccfd4996cb3dc -> 
  custom:container-muxer-webm: aa71ff27fc2769a1b78a27578f13a17b -> 
  custom:container-demuxer-webm: 4f35f7cbe854078d1ac9338744f61a02 -> 
  custom:video-encoder-webm-vp8: eb34c28f22e8b96e1ab97ce403110664 -> 
  custom:audio-encoder-webm-vorbis: bf7c407c2cedff20999df2af8eb42d56 -> 
  custom:framework-win-MediaFoundation: 216162199b28c13a410421893ffa2e32 -> 
  custom:container-demuxer-ogg: 62fdf1f143b41e24485cea50d1cbac27 -> 
  custom:video-decoder-webm-vp8: 9c59270c3fd7afecdb556c50c9e8de78 -> 
  custom:audio-decoder-ogg-vorbis: bf7c407c2cedff20999df2af8eb42d56 -> 
========================================================================
Received Prepare
Registering precompiled user dll's ...
Registered in 0.004078 seconds.
Begin MonoManager ReloadAssembly
Symbol file LoadedFromMemory doesn't match image E:\UNIAT\Unity\MotoresGraficosIII\Parcial_1\TheLastSurvivor\Library\PackageCache\com.unity.visualscripting@1.7.6\Editor\VisualScripting.Core\Dependencies\DotNetZip\Unity.VisualScripting.IonicZip.dll
Symbol file LoadedFromMemory doesn't match image E:\UNIAT\Unity\MotoresGraficosIII\Parcial_1\TheLastSurvivor\Library\PackageCache\com.unity.visualscripting@1.7.6\Editor\VisualScripting.Core\Dependencies\YamlDotNet\Unity.VisualScripting.YamlDotNet.dll
Native extension for WindowsStandalone target not found
Native extension for iOS target not found
Native extension for Android target not found
Native extension for WebGL target not found
Refreshing native plugins compatible for Editor in 0.61 ms, found 4 plugins.
Preloading 0 native plugins for Editor in 0.00 ms.
Mono: successfully reloaded assembly
- Completed reload, in  0.679 seconds
Domain Reload Profiling:
	ReloadAssembly (680ms)
		BeginReloadAssembly (84ms)
			ExecutionOrderSort (0ms)
			DisableScriptedObjects (4ms)
			BackupInstance (0ms)
			ReleaseScriptingObjects (0ms)
			CreateAndSetChildDomain (20ms)
		EndReloadAssembly (536ms)
			LoadAssemblies (56ms)
			RebuildTransferFunctionScriptingTraits (0ms)
			SetupTypeCache (132ms)
			ReleaseScriptCaches (1ms)
			RebuildScriptCaches (24ms)
			SetupLoadedEditorAssemblies (297ms)
				LogAssemblyErrors (0ms)
				InitializePlatformSupportModulesInManaged (22ms)
				SetLoadedEditorAssemblies (0ms)
				RefreshPlugins (1ms)
				BeforeProcessingInitializeOnLoad (100ms)
				ProcessInitializeOnLoadAttributes (144ms)
				ProcessInitializeOnLoadMethodAttributes (22ms)
				AfterProcessingInitializeOnLoad (7ms)
				EditorAssembliesLoaded (0ms)
			ExecutionOrderSort2 (0ms)
			AwakeInstancesAfterBackupRestoration (6ms)
Platform modules already initialized, skipping
Refreshing native plugins compatible for Editor in 2.37 ms, found 4 plugins.
Preloading 0 native plugins for Editor in 0.00 ms.
Unloading 4701 Unused Serialized files (Serialized files now loaded: 0)
Unloading 61 unused Assets / (193.9 KB). Loaded Objects now: 5276.
Memory consumption went from 179.2 MB to 179.0 MB.
Total: 2.392200 ms (FindLiveObjects: 0.189300 ms CreateObjectMapping: 0.091500 ms MarkObjects: 2.000100 ms  DeleteObjects: 0.110300 ms)

AssetImportParameters requested are different than current active one (requested -> active):
  custom:video-decoder-ogg-theora: a1e56fd34408186e4bbccfd4996cb3dc -> 
  custom:container-muxer-webm: aa71ff27fc2769a1b78a27578f13a17b -> 
  custom:container-demuxer-webm: 4f35f7cbe854078d1ac9338744f61a02 -> 
  custom:video-encoder-webm-vp8: eb34c28f22e8b96e1ab97ce403110664 -> 
  custom:audio-encoder-webm-vorbis: bf7c407c2cedff20999df2af8eb42d56 -> 
  custom:framework-win-MediaFoundation: 216162199b28c13a410421893ffa2e32 -> 
  custom:container-demuxer-ogg: 62fdf1f143b41e24485cea50d1cbac27 -> 
  custom:video-decoder-webm-vp8: 9c59270c3fd7afecdb556c50c9e8de78 -> 
  custom:audio-decoder-ogg-vorbis: bf7c407c2cedff20999df2af8eb42d56 -> 
========================================================================
Received Prepare
Registering precompiled user dll's ...
Registered in 0.003975 seconds.
Begin MonoManager ReloadAssembly
Symbol file LoadedFromMemory doesn't match image E:\UNIAT\Unity\MotoresGraficosIII\Parcial_1\TheLastSurvivor\Library\PackageCache\com.unity.visualscripting@1.7.6\Editor\VisualScripting.Core\Dependencies\DotNetZip\Unity.VisualScripting.IonicZip.dll
Symbol file LoadedFromMemory doesn't match image E:\UNIAT\Unity\MotoresGraficosIII\Parcial_1\TheLastSurvivor\Library\PackageCache\com.unity.visualscripting@1.7.6\Editor\VisualScripting.Core\Dependencies\YamlDotNet\Unity.VisualScripting.YamlDotNet.dll
Native extension for WindowsStandalone target not found
Native extension for iOS target not found
Native extension for Android target not found
Native extension for WebGL target not found
Refreshing native plugins compatible for Editor in 0.62 ms, found 4 plugins.
Preloading 0 native plugins for Editor in 0.00 ms.
Mono: successfully reloaded assembly
- Completed reload, in  0.705 seconds
Domain Reload Profiling:
	ReloadAssembly (706ms)
		BeginReloadAssembly (85ms)
			ExecutionOrderSort (0ms)
			DisableScriptedObjects (4ms)
			BackupInstance (0ms)
			ReleaseScriptingObjects (0ms)
			CreateAndSetChildDomain (21ms)
		EndReloadAssembly (561ms)
			LoadAssemblies (59ms)
			RebuildTransferFunctionScriptingTraits (0ms)
			SetupTypeCache (135ms)
			ReleaseScriptCaches (1ms)
			RebuildScriptCaches (25ms)
			SetupLoadedEditorAssemblies (313ms)
				LogAssemblyErrors (0ms)
				InitializePlatformSupportModulesInManaged (23ms)
				SetLoadedEditorAssemblies (0ms)
				RefreshPlugins (1ms)
				BeforeProcessingInitializeOnLoad (100ms)
				ProcessInitializeOnLoadAttributes (157ms)
				ProcessInitializeOnLoadMethodAttributes (24ms)
				AfterProcessingInitializeOnLoad (7ms)
				EditorAssembliesLoaded (0ms)
			ExecutionOrderSort2 (0ms)
			AwakeInstancesAfterBackupRestoration (6ms)
Platform modules already initialized, skipping
Refreshing native plugins compatible for Editor in 2.41 ms, found 4 plugins.
Preloading 0 native plugins for Editor in 0.00 ms.
Unloading 4701 Unused Serialized files (Serialized files now loaded: 0)
Unloading 61 unused Assets / (193.9 KB). Loaded Objects now: 5279.
Memory consumption went from 179.2 MB to 179.0 MB.
Total: 2.573600 ms (FindLiveObjects: 0.221900 ms CreateObjectMapping: 0.122800 ms MarkObjects: 2.126800 ms  DeleteObjects: 0.101300 ms)

AssetImportParameters requested are different than current active one (requested -> active):
  custom:video-decoder-ogg-theora: a1e56fd34408186e4bbccfd4996cb3dc -> 
  custom:container-muxer-webm: aa71ff27fc2769a1b78a27578f13a17b -> 
  custom:container-demuxer-webm: 4f35f7cbe854078d1ac9338744f61a02 -> 
  custom:video-encoder-webm-vp8: eb34c28f22e8b96e1ab97ce403110664 -> 
  custom:audio-encoder-webm-vorbis: bf7c407c2cedff20999df2af8eb42d56 -> 
  custom:framework-win-MediaFoundation: 216162199b28c13a410421893ffa2e32 -> 
  custom:container-demuxer-ogg: 62fdf1f143b41e24485cea50d1cbac27 -> 
  custom:video-decoder-webm-vp8: 9c59270c3fd7afecdb556c50c9e8de78 -> 
  custom:audio-decoder-ogg-vorbis: bf7c407c2cedff20999df2af8eb42d56 -> 
========================================================================
Received Prepare
Registering precompiled user dll's ...
Registered in 0.004258 seconds.
Begin MonoManager ReloadAssembly
Symbol file LoadedFromMemory doesn't match image E:\UNIAT\Unity\MotoresGraficosIII\Parcial_1\TheLastSurvivor\Library\PackageCache\com.unity.visualscripting@1.7.6\Editor\VisualScripting.Core\Dependencies\DotNetZip\Unity.VisualScripting.IonicZip.dll
Symbol file LoadedFromMemory doesn't match image E:\UNIAT\Unity\MotoresGraficosIII\Parcial_1\TheLastSurvivor\Library\PackageCache\com.unity.visualscripting@1.7.6\Editor\VisualScripting.Core\Dependencies\YamlDotNet\Unity.VisualScripting.YamlDotNet.dll
Native extension for WindowsStandalone target not found
Native extension for iOS target not found
Native extension for Android target not found
Native extension for WebGL target not found
Refreshing native plugins compatible for Editor in 0.58 ms, found 4 plugins.
Preloading 0 native plugins for Editor in 0.00 ms.
Mono: successfully reloaded assembly
- Completed reload, in  0.683 seconds
Domain Reload Profiling:
	ReloadAssembly (683ms)
		BeginReloadAssembly (86ms)
			ExecutionOrderSort (0ms)
			DisableScriptedObjects (4ms)
			BackupInstance (0ms)
			ReleaseScriptingObjects (0ms)
			CreateAndSetChildDomain (21ms)
		EndReloadAssembly (538ms)
			LoadAssemblies (60ms)
			RebuildTransferFunctionScriptingTraits (0ms)
			SetupTypeCache (134ms)
			ReleaseScriptCaches (1ms)
			RebuildScriptCaches (25ms)
			SetupLoadedEditorAssemblies (293ms)
				LogAssemblyErrors (0ms)
				InitializePlatformSupportModulesInManaged (21ms)
				SetLoadedEditorAssemblies (0ms)
				RefreshPlugins (1ms)
				BeforeProcessingInitializeOnLoad (93ms)
				ProcessInitializeOnLoadAttributes (149ms)
				ProcessInitializeOnLoadMethodAttributes (22ms)
				AfterProcessingInitializeOnLoad (7ms)
				EditorAssembliesLoaded (0ms)
			ExecutionOrderSort2 (0ms)
			AwakeInstancesAfterBackupRestoration (5ms)
Platform modules already initialized, skipping
Refreshing native plugins compatible for Editor in 2.49 ms, found 4 plugins.
Preloading 0 native plugins for Editor in 0.00 ms.
Unloading 4701 Unused Serialized files (Serialized files now loaded: 0)
Unloading 61 unused Assets / (193.6 KB). Loaded Objects now: 5282.
Memory consumption went from 179.2 MB to 179.0 MB.
Total: 2.611200 ms (FindLiveObjects: 0.230600 ms CreateObjectMapping: 0.104000 ms MarkObjects: 2.166900 ms  DeleteObjects: 0.108800 ms)

AssetImportParameters requested are different than current active one (requested -> active):
  custom:video-decoder-ogg-theora: a1e56fd34408186e4bbccfd4996cb3dc -> 
  custom:container-muxer-webm: aa71ff27fc2769a1b78a27578f13a17b -> 
  custom:container-demuxer-webm: 4f35f7cbe854078d1ac9338744f61a02 -> 
  custom:video-encoder-webm-vp8: eb34c28f22e8b96e1ab97ce403110664 -> 
  custom:audio-encoder-webm-vorbis: bf7c407c2cedff20999df2af8eb42d56 -> 
  custom:framework-win-MediaFoundation: 216162199b28c13a410421893ffa2e32 -> 
  custom:container-demuxer-ogg: 62fdf1f143b41e24485cea50d1cbac27 -> 
  custom:video-decoder-webm-vp8: 9c59270c3fd7afecdb556c50c9e8de78 -> 
  custom:audio-decoder-ogg-vorbis: bf7c407c2cedff20999df2af8eb42d56 -> 
========================================================================
Received Prepare
Registering precompiled user dll's ...
Registered in 0.004575 seconds.
Begin MonoManager ReloadAssembly
Symbol file LoadedFromMemory doesn't match image E:\UNIAT\Unity\MotoresGraficosIII\Parcial_1\TheLastSurvivor\Library\PackageCache\com.unity.visualscripting@1.7.6\Editor\VisualScripting.Core\Dependencies\DotNetZip\Unity.VisualScripting.IonicZip.dll
Symbol file LoadedFromMemory doesn't match image E:\UNIAT\Unity\MotoresGraficosIII\Parcial_1\TheLastSurvivor\Library\PackageCache\com.unity.visualscripting@1.7.6\Editor\VisualScripting.Core\Dependencies\YamlDotNet\Unity.VisualScripting.YamlDotNet.dll
Native extension for WindowsStandalone target not found
Native extension for iOS target not found
Native extension for Android target not found
Native extension for WebGL target not found
Refreshing native plugins compatible for Editor in 0.65 ms, found 4 plugins.
Preloading 0 native plugins for Editor in 0.00 ms.
Mono: successfully reloaded assembly
- Completed reload, in  0.703 seconds
Domain Reload Profiling:
	ReloadAssembly (704ms)
		BeginReloadAssembly (84ms)
			ExecutionOrderSort (0ms)
			DisableScriptedObjects (4ms)
			BackupInstance (0ms)
			ReleaseScriptingObjects (0ms)
			CreateAndSetChildDomain (20ms)
		EndReloadAssembly (560ms)
			LoadAssemblies (59ms)
			RebuildTransferFunctionScriptingTraits (0ms)
			SetupTypeCache (133ms)
			ReleaseScriptCaches (1ms)
			RebuildScriptCaches (24ms)
			SetupLoadedEditorAssemblies (312ms)
				LogAssemblyErrors (0ms)
				InitializePlatformSupportModulesInManaged (28ms)
				SetLoadedEditorAssemblies (0ms)
				RefreshPlugins (1ms)
				BeforeProcessingInitializeOnLoad (100ms)
				ProcessInitializeOnLoadAttributes (154ms)
				ProcessInitializeOnLoadMethodAttributes (22ms)
				AfterProcessingInitializeOnLoad (7ms)
				EditorAssembliesLoaded (0ms)
			ExecutionOrderSort2 (0ms)
			AwakeInstancesAfterBackupRestoration (5ms)
Platform modules already initialized, skipping
Refreshing native plugins compatible for Editor in 2.41 ms, found 4 plugins.
Preloading 0 native plugins for Editor in 0.00 ms.
Unloading 4701 Unused Serialized files (Serialized files now loaded: 0)
Unloading 61 unused Assets / (193.8 KB). Loaded Objects now: 5285.
Memory consumption went from 179.2 MB to 179.0 MB.
Total: 2.498500 ms (FindLiveObjects: 0.192500 ms CreateObjectMapping: 0.098200 ms MarkObjects: 2.090600 ms  DeleteObjects: 0.116200 ms)

AssetImportParameters requested are different than current active one (requested -> active):
  custom:video-decoder-ogg-theora: a1e56fd34408186e4bbccfd4996cb3dc -> 
  custom:container-muxer-webm: aa71ff27fc2769a1b78a27578f13a17b -> 
  custom:container-demuxer-webm: 4f35f7cbe854078d1ac9338744f61a02 -> 
  custom:video-encoder-webm-vp8: eb34c28f22e8b96e1ab97ce403110664 -> 
  custom:audio-encoder-webm-vorbis: bf7c407c2cedff20999df2af8eb42d56 -> 
  custom:framework-win-MediaFoundation: 216162199b28c13a410421893ffa2e32 -> 
  custom:container-demuxer-ogg: 62fdf1f143b41e24485cea50d1cbac27 -> 
  custom:video-decoder-webm-vp8: 9c59270c3fd7afecdb556c50c9e8de78 -> 
  custom:audio-decoder-ogg-vorbis: bf7c407c2cedff20999df2af8eb42d56 -> 
========================================================================
Received Prepare
Registering precompiled user dll's ...
Registered in 0.004098 seconds.
Begin MonoManager ReloadAssembly
Symbol file LoadedFromMemory doesn't match image E:\UNIAT\Unity\MotoresGraficosIII\Parcial_1\TheLastSurvivor\Library\PackageCache\com.unity.visualscripting@1.7.6\Editor\VisualScripting.Core\Dependencies\DotNetZip\Unity.VisualScripting.IonicZip.dll
Symbol file LoadedFromMemory doesn't match image E:\UNIAT\Unity\MotoresGraficosIII\Parcial_1\TheLastSurvivor\Library\PackageCache\com.unity.visualscripting@1.7.6\Editor\VisualScripting.Core\Dependencies\YamlDotNet\Unity.VisualScripting.YamlDotNet.dll
Native extension for WindowsStandalone target not found
Native extension for iOS target not found
Native extension for Android target not found
Native extension for WebGL target not found
Refreshing native plugins compatible for Editor in 0.69 ms, found 4 plugins.
Preloading 0 native plugins for Editor in 0.00 ms.
Mono: successfully reloaded assembly
- Completed reload, in  0.719 seconds
Domain Reload Profiling:
	ReloadAssembly (719ms)
		BeginReloadAssembly (88ms)
			ExecutionOrderSort (0ms)
			DisableScriptedObjects (4ms)
			BackupInstance (0ms)
			ReleaseScriptingObjects (0ms)
			CreateAndSetChildDomain (22ms)
		EndReloadAssembly (572ms)
			LoadAssemblies (62ms)
			RebuildTransferFunctionScriptingTraits (0ms)
			SetupTypeCache (137ms)
			ReleaseScriptCaches (1ms)
			RebuildScriptCaches (33ms)
			SetupLoadedEditorAssemblies (307ms)
				LogAssemblyErrors (0ms)
				InitializePlatformSupportModulesInManaged (28ms)
				SetLoadedEditorAssemblies (0ms)
				RefreshPlugins (1ms)
				BeforeProcessingInitializeOnLoad (95ms)
				ProcessInitializeOnLoadAttributes (154ms)
				ProcessInitializeOnLoadMethodAttributes (21ms)
				AfterProcessingInitializeOnLoad (8ms)
				EditorAssembliesLoaded (0ms)
			ExecutionOrderSort2 (0ms)
			AwakeInstancesAfterBackupRestoration (6ms)
Platform modules already initialized, skipping
Refreshing native plugins compatible for Editor in 3.02 ms, found 4 plugins.
Preloading 0 native plugins for Editor in 0.00 ms.
Unloading 4701 Unused Serialized files (Serialized files now loaded: 0)
Unloading 61 unused Assets / (193.8 KB). Loaded Objects now: 5288.
Memory consumption went from 179.2 MB to 179.0 MB.
Total: 2.829600 ms (FindLiveObjects: 0.224100 ms CreateObjectMapping: 0.108800 ms MarkObjects: 2.377300 ms  DeleteObjects: 0.118500 ms)

AssetImportParameters requested are different than current active one (requested -> active):
  custom:video-decoder-ogg-theora: a1e56fd34408186e4bbccfd4996cb3dc -> 
  custom:container-muxer-webm: aa71ff27fc2769a1b78a27578f13a17b -> 
  custom:container-demuxer-webm: 4f35f7cbe854078d1ac9338744f61a02 -> 
  custom:video-encoder-webm-vp8: eb34c28f22e8b96e1ab97ce403110664 -> 
  custom:audio-encoder-webm-vorbis: bf7c407c2cedff20999df2af8eb42d56 -> 
  custom:framework-win-MediaFoundation: 216162199b28c13a410421893ffa2e32 -> 
  custom:container-demuxer-ogg: 62fdf1f143b41e24485cea50d1cbac27 -> 
  custom:video-decoder-webm-vp8: 9c59270c3fd7afecdb556c50c9e8de78 -> 
  custom:audio-decoder-ogg-vorbis: bf7c407c2cedff20999df2af8eb42d56 -> 
========================================================================
Received Import Request.
  Time since last request: 1308.197285 seconds.
  path: Assets/_Prefabs/MobileUICanvas.prefab
  artifactKey: Guid(bfbdae04f0e174143adf7b23ebecd94d) Importer(815301076,1909f56bfc062723c751e8b465ee728b)
Start importing Assets/_Prefabs/MobileUICanvas.prefab using Guid(bfbdae04f0e174143adf7b23ebecd94d) Importer(815301076,1909f56bfc062723c751e8b465ee728b)  -> (artifact id: '66d1a194f053a79c0cf2534c3f57fb32') in 0.069058 seconds 
========================================================================
Received Import Request.
  Time since last request: 2.478370 seconds.
  path: Assets/_Prefabs/MobileUICanvas.prefab
  artifactKey: Guid(bfbdae04f0e174143adf7b23ebecd94d) Importer(815301076,1909f56bfc062723c751e8b465ee728b)
Start importing Assets/_Prefabs/MobileUICanvas.prefab using Guid(bfbdae04f0e174143adf7b23ebecd94d) Importer(815301076,1909f56bfc062723c751e8b465ee728b)  -> (artifact id: '88417885f67870205a60800569062739') in 0.021816 seconds 
========================================================================
Received Import Request.
  Time since last request: 2.400310 seconds.
  path: Assets/_Prefabs/MobileUICanvas.prefab
  artifactKey: Guid(bfbdae04f0e174143adf7b23ebecd94d) Importer(815301076,1909f56bfc062723c751e8b465ee728b)
Start importing Assets/_Prefabs/MobileUICanvas.prefab using Guid(bfbdae04f0e174143adf7b23ebecd94d) Importer(815301076,1909f56bfc062723c751e8b465ee728b)  -> (artifact id: '5c1843f72cabe2d765de7b8d9b94001c') in 0.021621 seconds 
========================================================================
Received Prepare
Registering precompiled user dll's ...
Registered in 0.004142 seconds.
Begin MonoManager ReloadAssembly
Symbol file LoadedFromMemory doesn't match image E:\UNIAT\Unity\MotoresGraficosIII\Parcial_1\TheLastSurvivor\Library\PackageCache\com.unity.visualscripting@1.7.6\Editor\VisualScripting.Core\Dependencies\DotNetZip\Unity.VisualScripting.IonicZip.dll
Symbol file LoadedFromMemory doesn't match image E:\UNIAT\Unity\MotoresGraficosIII\Parcial_1\TheLastSurvivor\Library\PackageCache\com.unity.visualscripting@1.7.6\Editor\VisualScripting.Core\Dependencies\YamlDotNet\Unity.VisualScripting.YamlDotNet.dll
Native extension for WindowsStandalone target not found
Native extension for iOS target not found
Native extension for Android target not found
Native extension for WebGL target not found
Refreshing native plugins compatible for Editor in 0.62 ms, found 4 plugins.
Preloading 0 native plugins for Editor in 0.00 ms.
Mono: successfully reloaded assembly
- Completed reload, in  0.688 seconds
Domain Reload Profiling:
	ReloadAssembly (689ms)
		BeginReloadAssembly (88ms)
			ExecutionOrderSort (0ms)
			DisableScriptedObjects (3ms)
			BackupInstance (0ms)
			ReleaseScriptingObjects (0ms)
			CreateAndSetChildDomain (24ms)
		EndReloadAssembly (542ms)
			LoadAssemblies (60ms)
			RebuildTransferFunctionScriptingTraits (0ms)
			SetupTypeCache (134ms)
			ReleaseScriptCaches (1ms)
			RebuildScriptCaches (25ms)
			SetupLoadedEditorAssemblies (294ms)
				LogAssemblyErrors (0ms)
				InitializePlatformSupportModulesInManaged (23ms)
				SetLoadedEditorAssemblies (0ms)
				RefreshPlugins (1ms)
				BeforeProcessingInitializeOnLoad (103ms)
				ProcessInitializeOnLoadAttributes (139ms)
				ProcessInitializeOnLoadMethodAttributes (21ms)
				AfterProcessingInitializeOnLoad (7ms)
				EditorAssembliesLoaded (0ms)
			ExecutionOrderSort2 (0ms)
			AwakeInstancesAfterBackupRestoration (5ms)
Platform modules already initialized, skipping
Refreshing native plugins compatible for Editor in 2.43 ms, found 4 plugins.
Preloading 0 native plugins for Editor in 0.00 ms.
Unloading 4701 Unused Serialized files (Serialized files now loaded: 0)
Unloading 61 unused Assets / (196.0 KB). Loaded Objects now: 5291.
Memory consumption went from 179.2 MB to 179.0 MB.
Total: 2.431000 ms (FindLiveObjects: 0.201600 ms CreateObjectMapping: 0.099700 ms MarkObjects: 2.018200 ms  DeleteObjects: 0.110700 ms)

AssetImportParameters requested are different than current active one (requested -> active):
  custom:video-decoder-ogg-theora: a1e56fd34408186e4bbccfd4996cb3dc -> 
  custom:container-muxer-webm: aa71ff27fc2769a1b78a27578f13a17b -> 
  custom:container-demuxer-webm: 4f35f7cbe854078d1ac9338744f61a02 -> 
  custom:video-encoder-webm-vp8: eb34c28f22e8b96e1ab97ce403110664 -> 
  custom:audio-encoder-webm-vorbis: bf7c407c2cedff20999df2af8eb42d56 -> 
  custom:framework-win-MediaFoundation: 216162199b28c13a410421893ffa2e32 -> 
  custom:container-demuxer-ogg: 62fdf1f143b41e24485cea50d1cbac27 -> 
  custom:video-decoder-webm-vp8: 9c59270c3fd7afecdb556c50c9e8de78 -> 
  custom:audio-decoder-ogg-vorbis: bf7c407c2cedff20999df2af8eb42d56 -> 
========================================================================
Received Prepare
Registering precompiled user dll's ...
Registered in 0.003969 seconds.
Begin MonoManager ReloadAssembly
Symbol file LoadedFromMemory doesn't match image E:\UNIAT\Unity\MotoresGraficosIII\Parcial_1\TheLastSurvivor\Library\PackageCache\com.unity.visualscripting@1.7.6\Editor\VisualScripting.Core\Dependencies\DotNetZip\Unity.VisualScripting.IonicZip.dll
Symbol file LoadedFromMemory doesn't match image E:\UNIAT\Unity\MotoresGraficosIII\Parcial_1\TheLastSurvivor\Library\PackageCache\com.unity.visualscripting@1.7.6\Editor\VisualScripting.Core\Dependencies\YamlDotNet\Unity.VisualScripting.YamlDotNet.dll
Native extension for WindowsStandalone target not found
Native extension for iOS target not found
Native extension for Android target not found
Native extension for WebGL target not found
Refreshing native plugins compatible for Editor in 0.66 ms, found 4 plugins.
Preloading 0 native plugins for Editor in 0.00 ms.
Mono: successfully reloaded assembly
- Completed reload, in  0.684 seconds
Domain Reload Profiling:
	ReloadAssembly (684ms)
		BeginReloadAssembly (85ms)
			ExecutionOrderSort (0ms)
			DisableScriptedObjects (4ms)
			BackupInstance (0ms)
			ReleaseScriptingObjects (0ms)
			CreateAndSetChildDomain (21ms)
		EndReloadAssembly (541ms)
			LoadAssemblies (56ms)
			RebuildTransferFunctionScriptingTraits (0ms)
			SetupTypeCache (132ms)
			ReleaseScriptCaches (1ms)
			RebuildScriptCaches (25ms)
			SetupLoadedEditorAssemblies (299ms)
				LogAssemblyErrors (0ms)
				InitializePlatformSupportModulesInManaged (22ms)
				SetLoadedEditorAssemblies (0ms)
				RefreshPlugins (1ms)
				BeforeProcessingInitializeOnLoad (97ms)
				ProcessInitializeOnLoadAttributes (148ms)
				ProcessInitializeOnLoadMethodAttributes (23ms)
				AfterProcessingInitializeOnLoad (8ms)
				EditorAssembliesLoaded (0ms)
			ExecutionOrderSort2 (0ms)
			AwakeInstancesAfterBackupRestoration (6ms)
Platform modules already initialized, skipping
Refreshing native plugins compatible for Editor in 2.28 ms, found 4 plugins.
Preloading 0 native plugins for Editor in 0.00 ms.
Unloading 4701 Unused Serialized files (Serialized files now loaded: 0)
Unloading 61 unused Assets / (193.7 KB). Loaded Objects now: 5294.
Memory consumption went from 179.3 MB to 179.1 MB.
Total: 2.449200 ms (FindLiveObjects: 0.195900 ms CreateObjectMapping: 0.096300 ms MarkObjects: 2.052600 ms  DeleteObjects: 0.103600 ms)

AssetImportParameters requested are different than current active one (requested -> active):
  custom:video-decoder-ogg-theora: a1e56fd34408186e4bbccfd4996cb3dc -> 
  custom:container-muxer-webm: aa71ff27fc2769a1b78a27578f13a17b -> 
  custom:container-demuxer-webm: 4f35f7cbe854078d1ac9338744f61a02 -> 
  custom:video-encoder-webm-vp8: eb34c28f22e8b96e1ab97ce403110664 -> 
  custom:audio-encoder-webm-vorbis: bf7c407c2cedff20999df2af8eb42d56 -> 
  custom:framework-win-MediaFoundation: 216162199b28c13a410421893ffa2e32 -> 
  custom:container-demuxer-ogg: 62fdf1f143b41e24485cea50d1cbac27 -> 
  custom:video-decoder-webm-vp8: 9c59270c3fd7afecdb556c50c9e8de78 -> 
  custom:audio-decoder-ogg-vorbis: bf7c407c2cedff20999df2af8eb42d56 -> 
========================================================================
Received Prepare
Registering precompiled user dll's ...
Registered in 0.004348 seconds.
Begin MonoManager ReloadAssembly
Symbol file LoadedFromMemory doesn't match image E:\UNIAT\Unity\MotoresGraficosIII\Parcial_1\TheLastSurvivor\Library\PackageCache\com.unity.visualscripting@1.7.6\Editor\VisualScripting.Core\Dependencies\DotNetZip\Unity.VisualScripting.IonicZip.dll
Symbol file LoadedFromMemory doesn't match image E:\UNIAT\Unity\MotoresGraficosIII\Parcial_1\TheLastSurvivor\Library\PackageCache\com.unity.visualscripting@1.7.6\Editor\VisualScripting.Core\Dependencies\YamlDotNet\Unity.VisualScripting.YamlDotNet.dll
Native extension for WindowsStandalone target not found
Native extension for iOS target not found
Native extension for Android target not found
Native extension for WebGL target not found
Refreshing native plugins compatible for Editor in 0.63 ms, found 4 plugins.
Preloading 0 native plugins for Editor in 0.00 ms.
Mono: successfully reloaded assembly
- Completed reload, in  0.703 seconds
Domain Reload Profiling:
	ReloadAssembly (704ms)
		BeginReloadAssembly (85ms)
			ExecutionOrderSort (0ms)
			DisableScriptedObjects (4ms)
			BackupInstance (0ms)
			ReleaseScriptingObjects (0ms)
			CreateAndSetChildDomain (22ms)
		EndReloadAssembly (559ms)
			LoadAssemblies (58ms)
			RebuildTransferFunctionScriptingTraits (0ms)
			SetupTypeCache (137ms)
			ReleaseScriptCaches (1ms)
			RebuildScriptCaches (30ms)
			SetupLoadedEditorAssemblies (301ms)
				LogAssemblyErrors (0ms)
				InitializePlatformSupportModulesInManaged (22ms)
				SetLoadedEditorAssemblies (0ms)
				RefreshPlugins (1ms)
				BeforeProcessingInitializeOnLoad (96ms)
				ProcessInitializeOnLoadAttributes (150ms)
				ProcessInitializeOnLoadMethodAttributes (23ms)
				AfterProcessingInitializeOnLoad (8ms)
				EditorAssembliesLoaded (0ms)
			ExecutionOrderSort2 (0ms)
			AwakeInstancesAfterBackupRestoration (6ms)
Platform modules already initialized, skipping
Refreshing native plugins compatible for Editor in 2.41 ms, found 4 plugins.
Preloading 0 native plugins for Editor in 0.00 ms.
Unloading 4701 Unused Serialized files (Serialized files now loaded: 0)
Unloading 61 unused Assets / (193.9 KB). Loaded Objects now: 5297.
Memory consumption went from 179.3 MB to 179.1 MB.
Total: 2.432400 ms (FindLiveObjects: 0.199300 ms CreateObjectMapping: 0.097500 ms MarkObjects: 2.020000 ms  DeleteObjects: 0.114400 ms)

AssetImportParameters requested are different than current active one (requested -> active):
  custom:video-decoder-ogg-theora: a1e56fd34408186e4bbccfd4996cb3dc -> 
  custom:container-muxer-webm: aa71ff27fc2769a1b78a27578f13a17b -> 
  custom:container-demuxer-webm: 4f35f7cbe854078d1ac9338744f61a02 -> 
  custom:video-encoder-webm-vp8: eb34c28f22e8b96e1ab97ce403110664 -> 
  custom:audio-encoder-webm-vorbis: bf7c407c2cedff20999df2af8eb42d56 -> 
  custom:framework-win-MediaFoundation: 216162199b28c13a410421893ffa2e32 -> 
  custom:container-demuxer-ogg: 62fdf1f143b41e24485cea50d1cbac27 -> 
  custom:video-decoder-webm-vp8: 9c59270c3fd7afecdb556c50c9e8de78 -> 
  custom:audio-decoder-ogg-vorbis: bf7c407c2cedff20999df2af8eb42d56 -> 
========================================================================
Received Import Request.
  Time since last request: 412.913218 seconds.
  path: Assets/_Resources/Audio/Grumble Labs/Music Tracks/Chiptune Rock Pack 1/Chaos In The Bubblebath - Medium Layer - 0ms.ogg
  artifactKey: Guid(6d7f02a5fecb55b46a62afba23a27314) Importer(815301076,1909f56bfc062723c751e8b465ee728b)
Start importing Assets/_Resources/Audio/Grumble Labs/Music Tracks/Chiptune Rock Pack 1/Chaos In The Bubblebath - Medium Layer - 0ms.ogg using Guid(6d7f02a5fecb55b46a62afba23a27314) Importer(815301076,1909f56bfc062723c751e8b465ee728b)  -> (artifact id: '7c38807fc26c8428d8aef5d6d47761b0') in 0.065416 seconds 
========================================================================
Received Import Request.
  Time since last request: 20.565868 seconds.
  path: Assets/_Resources/Audio/Grumble Labs/Music Tracks/Chiptune Rock Pack 1/Factory Birth - Light Layer - 60ms.ogg
  artifactKey: Guid(cc0e5a63bc256304e81dc80013ab20ee) Importer(815301076,1909f56bfc062723c751e8b465ee728b)
Start importing Assets/_Resources/Audio/Grumble Labs/Music Tracks/Chiptune Rock Pack 1/Factory Birth - Light Layer - 60ms.ogg using Guid(cc0e5a63bc256304e81dc80013ab20ee) Importer(815301076,1909f56bfc062723c751e8b465ee728b)  -> (artifact id: '1107201226d81d71a90658b908c57348') in 0.023737 seconds 
========================================================================
Received Import Request.
  Time since last request: 0.664276 seconds.
  path: Assets/_Resources/Audio/Grumble Labs/Music Tracks/Chiptune Rock Pack 1/Factory Birth - Medium Layer - 0ms.ogg
  artifactKey: Guid(8bb1573a5014201409d7e443ef68080c) Importer(815301076,1909f56bfc062723c751e8b465ee728b)
Start importing Assets/_Resources/Audio/Grumble Labs/Music Tracks/Chiptune Rock Pack 1/Factory Birth - Medium Layer - 0ms.ogg using Guid(8bb1573a5014201409d7e443ef68080c) Importer(815301076,1909f56bfc062723c751e8b465ee728b)  -> (artifact id: 'e3a8042623f7b0a82f7073b371a4a970') in 0.013580 seconds 
========================================================================
Received Import Request.
  Time since last request: 20.248900 seconds.
  path: Assets/_Resources/Audio/Grumble Labs/Music Tracks/Chiptune Rock Pack 1/Puzzle Box - Light Layer - 140ms.ogg
  artifactKey: Guid(f05e0c7a0901cad418abffcb74fd1765) Importer(815301076,1909f56bfc062723c751e8b465ee728b)
Start importing Assets/_Resources/Audio/Grumble Labs/Music Tracks/Chiptune Rock Pack 1/Puzzle Box - Light Layer - 140ms.ogg using Guid(f05e0c7a0901cad418abffcb74fd1765) Importer(815301076,1909f56bfc062723c751e8b465ee728b)  -> (artifact id: 'd38d54849924b0abcc3889ceb6859d9b') in 0.021793 seconds 
========================================================================
Received Import Request.
  Time since last request: 27.989009 seconds.
  path: Assets/_Resources/Audio/Grumble Labs/Music Tracks/Chiptune Rock Pack 1/Puzzle Cube - Light Layer - 0ms.ogg
  artifactKey: Guid(24532ebbef86e6f45a6b196a8cba98ac) Importer(815301076,1909f56bfc062723c751e8b465ee728b)
Start importing Assets/_Resources/Audio/Grumble Labs/Music Tracks/Chiptune Rock Pack 1/Puzzle Cube - Light Layer - 0ms.ogg using Guid(24532ebbef86e6f45a6b196a8cba98ac) Importer(815301076,1909f56bfc062723c751e8b465ee728b)  -> (artifact id: 'dba7101e8f6c4b3cf5a776db2790e3d2') in 0.022797 seconds 
========================================================================
Received Import Request.
  Time since last request: 3.830823 seconds.
  path: Assets/_Resources/Audio/Grumble Labs/Music Tracks/Chiptune Rock Pack 1/Puzzle Cube - Light Layer - 60ms.ogg
  artifactKey: Guid(bb58870b7427d2542b68bf605d309b4a) Importer(815301076,1909f56bfc062723c751e8b465ee728b)
Start importing Assets/_Resources/Audio/Grumble Labs/Music Tracks/Chiptune Rock Pack 1/Puzzle Cube - Light Layer - 60ms.ogg using Guid(bb58870b7427d2542b68bf605d309b4a) Importer(815301076,1909f56bfc062723c751e8b465ee728b)  -> (artifact id: '3b9d8bce4a1d748e6289f8246a9ab443') in 0.009351 seconds 
========================================================================
Received Import Request.
  Time since last request: 1.485928 seconds.
  path: Assets/_Resources/Audio/Grumble Labs/Music Tracks/Chiptune Rock Pack 1/Puzzle Cube - Medium Layer - 0ms.ogg
  artifactKey: Guid(e36bd8f8d645e0545b3dca92cffe35a3) Importer(815301076,1909f56bfc062723c751e8b465ee728b)
Start importing Assets/_Resources/Audio/Grumble Labs/Music Tracks/Chiptune Rock Pack 1/Puzzle Cube - Medium Layer - 0ms.ogg using Guid(e36bd8f8d645e0545b3dca92cffe35a3) Importer(815301076,1909f56bfc062723c751e8b465ee728b)  -> (artifact id: 'b118a0cf46b41f45ce5d14b98cd22823') in 0.010141 seconds 
========================================================================
Received Import Request.
  Time since last request: 29.285044 seconds.
  path: Assets/_Resources/Audio/Grumble Labs/Music Tracks/Chiptune Rock Pack 1/Puzzle Cube - Medium Layer - 60ms.ogg
  artifactKey: Guid(3198d28f5e42327448cedc6e92b2f7b4) Importer(815301076,1909f56bfc062723c751e8b465ee728b)
Start importing Assets/_Resources/Audio/Grumble Labs/Music Tracks/Chiptune Rock Pack 1/Puzzle Cube - Medium Layer - 60ms.ogg using Guid(3198d28f5e42327448cedc6e92b2f7b4) Importer(815301076,1909f56bfc062723c751e8b465ee728b)  -> (artifact id: 'c7bd353287127b5c9689c9ba0e05fd17') in 0.016566 seconds 
========================================================================
Received Import Request.
  Time since last request: 9.238520 seconds.
  path: Assets/_Resources/Audio/Grumble Labs/Music Tracks/Chiptune Rock Pack 1/Puzzle Cube - Heavy Layer - 60ms.ogg
  artifactKey: Guid(87fc22d05f1c51546940d4e363c4c8d7) Importer(815301076,1909f56bfc062723c751e8b465ee728b)
Start importing Assets/_Resources/Audio/Grumble Labs/Music Tracks/Chiptune Rock Pack 1/Puzzle Cube - Heavy Layer - 60ms.ogg using Guid(87fc22d05f1c51546940d4e363c4c8d7) Importer(815301076,1909f56bfc062723c751e8b465ee728b)  -> (artifact id: '56c27f203d25d9c8b000b9f7f7c2e39b') in 0.009224 seconds 
========================================================================
Received Import Request.
  Time since last request: 21.946105 seconds.
  path: Assets/_Resources/Audio/Grumble Labs/Music Tracks/Chiptune Rock Pack 1/Puzzle Box - Medium Layer - 0ms.ogg
  artifactKey: Guid(fd7a5b98af7fa85419763182219dfc96) Importer(815301076,1909f56bfc062723c751e8b465ee728b)
Start importing Assets/_Resources/Audio/Grumble Labs/Music Tracks/Chiptune Rock Pack 1/Puzzle Box - Medium Layer - 0ms.ogg using Guid(fd7a5b98af7fa85419763182219dfc96) Importer(815301076,1909f56bfc062723c751e8b465ee728b)  -> (artifact id: 'b656541923656ae6d87ee7cc844f5248') in 0.018060 seconds 
========================================================================
Received Import Request.
  Time since last request: 4.483366 seconds.
  path: Assets/_Resources/Audio/Grumble Labs/Music Tracks/Chiptune Rock Pack 1/Puzzle Box - Light Layer - 0ms.ogg
  artifactKey: Guid(c79b1ff8d613b73419924ca9e1eed252) Importer(815301076,1909f56bfc062723c751e8b465ee728b)
Start importing Assets/_Resources/Audio/Grumble Labs/Music Tracks/Chiptune Rock Pack 1/Puzzle Box - Light Layer - 0ms.ogg using Guid(c79b1ff8d613b73419924ca9e1eed252) Importer(815301076,1909f56bfc062723c751e8b465ee728b)  -> (artifact id: '972c6b067c6c06d3b3e3125c435377bf') in 0.009950 seconds 
========================================================================
Received Prepare
Registering precompiled user dll's ...
Registered in 0.003957 seconds.
Begin MonoManager ReloadAssembly
Symbol file LoadedFromMemory doesn't match image E:\UNIAT\Unity\MotoresGraficosIII\Parcial_1\TheLastSurvivor\Library\PackageCache\com.unity.visualscripting@1.7.6\Editor\VisualScripting.Core\Dependencies\DotNetZip\Unity.VisualScripting.IonicZip.dll
Symbol file LoadedFromMemory doesn't match image E:\UNIAT\Unity\MotoresGraficosIII\Parcial_1\TheLastSurvivor\Library\PackageCache\com.unity.visualscripting@1.7.6\Editor\VisualScripting.Core\Dependencies\YamlDotNet\Unity.VisualScripting.YamlDotNet.dll
Native extension for WindowsStandalone target not found
Native extension for iOS target not found
Native extension for Android target not found
Native extension for WebGL target not found
Refreshing native plugins compatible for Editor in 0.81 ms, found 4 plugins.
Preloading 0 native plugins for Editor in 0.00 ms.
Mono: successfully reloaded assembly
- Completed reload, in  0.699 seconds
Domain Reload Profiling:
	ReloadAssembly (700ms)
		BeginReloadAssembly (88ms)
			ExecutionOrderSort (0ms)
			DisableScriptedObjects (4ms)
			BackupInstance (0ms)
			ReleaseScriptingObjects (0ms)
			CreateAndSetChildDomain (22ms)
		EndReloadAssembly (551ms)
			LoadAssemblies (60ms)
			RebuildTransferFunctionScriptingTraits (0ms)
			SetupTypeCache (136ms)
			ReleaseScriptCaches (1ms)
			RebuildScriptCaches (25ms)
			SetupLoadedEditorAssemblies (303ms)
				LogAssemblyErrors (0ms)
				InitializePlatformSupportModulesInManaged (22ms)
				SetLoadedEditorAssemblies (0ms)
				RefreshPlugins (1ms)
				BeforeProcessingInitializeOnLoad (100ms)
				ProcessInitializeOnLoadAttributes (152ms)
				ProcessInitializeOnLoadMethodAttributes (21ms)
				AfterProcessingInitializeOnLoad (7ms)
				EditorAssembliesLoaded (0ms)
			ExecutionOrderSort2 (0ms)
			AwakeInstancesAfterBackupRestoration (6ms)
Platform modules already initialized, skipping
Refreshing native plugins compatible for Editor in 2.48 ms, found 4 plugins.
Preloading 0 native plugins for Editor in 0.00 ms.
Unloading 4701 Unused Serialized files (Serialized files now loaded: 0)
Unloading 61 unused Assets / (193.8 KB). Loaded Objects now: 5302.
Memory consumption went from 179.3 MB to 179.1 MB.
Total: 2.664800 ms (FindLiveObjects: 0.220000 ms CreateObjectMapping: 0.101600 ms MarkObjects: 2.222000 ms  DeleteObjects: 0.120100 ms)

AssetImportParameters requested are different than current active one (requested -> active):
  custom:video-decoder-ogg-theora: a1e56fd34408186e4bbccfd4996cb3dc -> 
  custom:container-muxer-webm: aa71ff27fc2769a1b78a27578f13a17b -> 
  custom:container-demuxer-webm: 4f35f7cbe854078d1ac9338744f61a02 -> 
  custom:video-encoder-webm-vp8: eb34c28f22e8b96e1ab97ce403110664 -> 
  custom:audio-encoder-webm-vorbis: bf7c407c2cedff20999df2af8eb42d56 -> 
  custom:framework-win-MediaFoundation: 216162199b28c13a410421893ffa2e32 -> 
  custom:container-demuxer-ogg: 62fdf1f143b41e24485cea50d1cbac27 -> 
  custom:video-decoder-webm-vp8: 9c59270c3fd7afecdb556c50c9e8de78 -> 
  custom:audio-decoder-ogg-vorbis: bf7c407c2cedff20999df2af8eb42d56 -> 
========================================================================
Received Prepare
Registering precompiled user dll's ...
Registered in 0.003990 seconds.
Begin MonoManager ReloadAssembly
Symbol file LoadedFromMemory doesn't match image E:\UNIAT\Unity\MotoresGraficosIII\Parcial_1\TheLastSurvivor\Library\PackageCache\com.unity.visualscripting@1.7.6\Editor\VisualScripting.Core\Dependencies\DotNetZip\Unity.VisualScripting.IonicZip.dll
Symbol file LoadedFromMemory doesn't match image E:\UNIAT\Unity\MotoresGraficosIII\Parcial_1\TheLastSurvivor\Library\PackageCache\com.unity.visualscripting@1.7.6\Editor\VisualScripting.Core\Dependencies\YamlDotNet\Unity.VisualScripting.YamlDotNet.dll
Native extension for WindowsStandalone target not found
Native extension for iOS target not found
Native extension for Android target not found
Native extension for WebGL target not found
Refreshing native plugins compatible for Editor in 0.63 ms, found 4 plugins.
Preloading 0 native plugins for Editor in 0.00 ms.
Mono: successfully reloaded assembly
- Completed reload, in  0.726 seconds
Domain Reload Profiling:
	ReloadAssembly (727ms)
		BeginReloadAssembly (87ms)
			ExecutionOrderSort (0ms)
			DisableScriptedObjects (4ms)
			BackupInstance (0ms)
			ReleaseScriptingObjects (0ms)
			CreateAndSetChildDomain (22ms)
		EndReloadAssembly (580ms)
			LoadAssemblies (59ms)
			RebuildTransferFunctionScriptingTraits (0ms)
			SetupTypeCache (142ms)
			ReleaseScriptCaches (1ms)
			RebuildScriptCaches (32ms)
			SetupLoadedEditorAssemblies (311ms)
				LogAssemblyErrors (0ms)
				InitializePlatformSupportModulesInManaged (28ms)
				SetLoadedEditorAssemblies (0ms)
				RefreshPlugins (1ms)
				BeforeProcessingInitializeOnLoad (97ms)
				ProcessInitializeOnLoadAttributes (156ms)
				ProcessInitializeOnLoadMethodAttributes (22ms)
				AfterProcessingInitializeOnLoad (7ms)
				EditorAssembliesLoaded (0ms)
			ExecutionOrderSort2 (0ms)
			AwakeInstancesAfterBackupRestoration (6ms)
Platform modules already initialized, skipping
Refreshing native plugins compatible for Editor in 2.42 ms, found 4 plugins.
Preloading 0 native plugins for Editor in 0.00 ms.
Unloading 4701 Unused Serialized files (Serialized files now loaded: 0)
Unloading 61 unused Assets / (193.7 KB). Loaded Objects now: 5305.
Memory consumption went from 179.3 MB to 179.1 MB.
Total: 2.433600 ms (FindLiveObjects: 0.207700 ms CreateObjectMapping: 0.098700 ms MarkObjects: 2.016400 ms  DeleteObjects: 0.110100 ms)

AssetImportParameters requested are different than current active one (requested -> active):
  custom:video-decoder-ogg-theora: a1e56fd34408186e4bbccfd4996cb3dc -> 
  custom:container-muxer-webm: aa71ff27fc2769a1b78a27578f13a17b -> 
  custom:container-demuxer-webm: 4f35f7cbe854078d1ac9338744f61a02 -> 
  custom:video-encoder-webm-vp8: eb34c28f22e8b96e1ab97ce403110664 -> 
  custom:audio-encoder-webm-vorbis: bf7c407c2cedff20999df2af8eb42d56 -> 
  custom:framework-win-MediaFoundation: 216162199b28c13a410421893ffa2e32 -> 
  custom:container-demuxer-ogg: 62fdf1f143b41e24485cea50d1cbac27 -> 
  custom:video-decoder-webm-vp8: 9c59270c3fd7afecdb556c50c9e8de78 -> 
  custom:audio-decoder-ogg-vorbis: bf7c407c2cedff20999df2af8eb42d56 -> 
========================================================================
Received Prepare
Registering precompiled user dll's ...
Registered in 0.004120 seconds.
Begin MonoManager ReloadAssembly
Symbol file LoadedFromMemory doesn't match image E:\UNIAT\Unity\MotoresGraficosIII\Parcial_1\TheLastSurvivor\Library\PackageCache\com.unity.visualscripting@1.7.6\Editor\VisualScripting.Core\Dependencies\DotNetZip\Unity.VisualScripting.IonicZip.dll
Symbol file LoadedFromMemory doesn't match image E:\UNIAT\Unity\MotoresGraficosIII\Parcial_1\TheLastSurvivor\Library\PackageCache\com.unity.visualscripting@1.7.6\Editor\VisualScripting.Core\Dependencies\YamlDotNet\Unity.VisualScripting.YamlDotNet.dll
Native extension for WindowsStandalone target not found
Native extension for iOS target not found
Native extension for Android target not found
Native extension for WebGL target not found
Refreshing native plugins compatible for Editor in 0.64 ms, found 4 plugins.
Preloading 0 native plugins for Editor in 0.00 ms.
Mono: successfully reloaded assembly
- Completed reload, in  0.674 seconds
Domain Reload Profiling:
	ReloadAssembly (675ms)
		BeginReloadAssembly (85ms)
			ExecutionOrderSort (0ms)
			DisableScriptedObjects (4ms)
			BackupInstance (0ms)
			ReleaseScriptingObjects (0ms)
			CreateAndSetChildDomain (19ms)
		EndReloadAssembly (530ms)
			LoadAssemblies (58ms)
			RebuildTransferFunctionScriptingTraits (0ms)
			SetupTypeCache (133ms)
			ReleaseScriptCaches (1ms)
			RebuildScriptCaches (25ms)
			SetupLoadedEditorAssemblies (288ms)
				LogAssemblyErrors (0ms)
				InitializePlatformSupportModulesInManaged (21ms)
				SetLoadedEditorAssemblies (0ms)
				RefreshPlugins (1ms)
				BeforeProcessingInitializeOnLoad (95ms)
				ProcessInitializeOnLoadAttributes (141ms)
				ProcessInitializeOnLoadMethodAttributes (22ms)
				AfterProcessingInitializeOnLoad (7ms)
				EditorAssembliesLoaded (0ms)
			ExecutionOrderSort2 (0ms)
			AwakeInstancesAfterBackupRestoration (6ms)
Platform modules already initialized, skipping
Refreshing native plugins compatible for Editor in 2.51 ms, found 4 plugins.
Preloading 0 native plugins for Editor in 0.00 ms.
Unloading 4701 Unused Serialized files (Serialized files now loaded: 0)
Unloading 61 unused Assets / (194.0 KB). Loaded Objects now: 5308.
Memory consumption went from 179.3 MB to 179.1 MB.
Total: 2.345500 ms (FindLiveObjects: 0.207700 ms CreateObjectMapping: 0.102000 ms MarkObjects: 1.936700 ms  DeleteObjects: 0.098200 ms)

AssetImportParameters requested are different than current active one (requested -> active):
  custom:video-decoder-ogg-theora: a1e56fd34408186e4bbccfd4996cb3dc -> 
  custom:container-muxer-webm: aa71ff27fc2769a1b78a27578f13a17b -> 
  custom:container-demuxer-webm: 4f35f7cbe854078d1ac9338744f61a02 -> 
  custom:video-encoder-webm-vp8: eb34c28f22e8b96e1ab97ce403110664 -> 
  custom:audio-encoder-webm-vorbis: bf7c407c2cedff20999df2af8eb42d56 -> 
  custom:framework-win-MediaFoundation: 216162199b28c13a410421893ffa2e32 -> 
  custom:container-demuxer-ogg: 62fdf1f143b41e24485cea50d1cbac27 -> 
  custom:video-decoder-webm-vp8: 9c59270c3fd7afecdb556c50c9e8de78 -> 
  custom:audio-decoder-ogg-vorbis: bf7c407c2cedff20999df2af8eb42d56 -> 
========================================================================
Received Prepare
Registering precompiled user dll's ...
Registered in 0.004117 seconds.
Begin MonoManager ReloadAssembly
Symbol file LoadedFromMemory doesn't match image E:\UNIAT\Unity\MotoresGraficosIII\Parcial_1\TheLastSurvivor\Library\PackageCache\com.unity.visualscripting@1.7.6\Editor\VisualScripting.Core\Dependencies\DotNetZip\Unity.VisualScripting.IonicZip.dll
Symbol file LoadedFromMemory doesn't match image E:\UNIAT\Unity\MotoresGraficosIII\Parcial_1\TheLastSurvivor\Library\PackageCache\com.unity.visualscripting@1.7.6\Editor\VisualScripting.Core\Dependencies\YamlDotNet\Unity.VisualScripting.YamlDotNet.dll
Native extension for WindowsStandalone target not found
Native extension for iOS target not found
Native extension for Android target not found
Native extension for WebGL target not found
Refreshing native plugins compatible for Editor in 0.63 ms, found 4 plugins.
Preloading 0 native plugins for Editor in 0.00 ms.
Mono: successfully reloaded assembly
- Completed reload, in  0.666 seconds
Domain Reload Profiling:
	ReloadAssembly (666ms)
		BeginReloadAssembly (86ms)
			ExecutionOrderSort (0ms)
			DisableScriptedObjects (4ms)
			BackupInstance (0ms)
			ReleaseScriptingObjects (0ms)
			CreateAndSetChildDomain (21ms)
		EndReloadAssembly (522ms)
			LoadAssemblies (58ms)
			RebuildTransferFunctionScriptingTraits (0ms)
			SetupTypeCache (131ms)
			ReleaseScriptCaches (1ms)
			RebuildScriptCaches (24ms)
			SetupLoadedEditorAssemblies (283ms)
				LogAssemblyErrors (0ms)
				InitializePlatformSupportModulesInManaged (21ms)
				SetLoadedEditorAssemblies (0ms)
				RefreshPlugins (1ms)
				BeforeProcessingInitializeOnLoad (97ms)
				ProcessInitializeOnLoadAttributes (137ms)
				ProcessInitializeOnLoadMethodAttributes (20ms)
				AfterProcessingInitializeOnLoad (7ms)
				EditorAssembliesLoaded (0ms)
			ExecutionOrderSort2 (0ms)
			AwakeInstancesAfterBackupRestoration (5ms)
Platform modules already initialized, skipping
Refreshing native plugins compatible for Editor in 3.33 ms, found 4 plugins.
Preloading 0 native plugins for Editor in 0.00 ms.
Unloading 4701 Unused Serialized files (Serialized files now loaded: 0)
Unloading 61 unused Assets / (193.9 KB). Loaded Objects now: 5311.
Memory consumption went from 179.4 MB to 179.2 MB.
Total: 2.951400 ms (FindLiveObjects: 0.257800 ms CreateObjectMapping: 0.115800 ms MarkObjects: 2.411200 ms  DeleteObjects: 0.165000 ms)

AssetImportParameters requested are different than current active one (requested -> active):
  custom:video-decoder-ogg-theora: a1e56fd34408186e4bbccfd4996cb3dc -> 
  custom:container-muxer-webm: aa71ff27fc2769a1b78a27578f13a17b -> 
  custom:container-demuxer-webm: 4f35f7cbe854078d1ac9338744f61a02 -> 
  custom:video-encoder-webm-vp8: eb34c28f22e8b96e1ab97ce403110664 -> 
  custom:audio-encoder-webm-vorbis: bf7c407c2cedff20999df2af8eb42d56 -> 
  custom:framework-win-MediaFoundation: 216162199b28c13a410421893ffa2e32 -> 
  custom:container-demuxer-ogg: 62fdf1f143b41e24485cea50d1cbac27 -> 
  custom:video-decoder-webm-vp8: 9c59270c3fd7afecdb556c50c9e8de78 -> 
  custom:audio-decoder-ogg-vorbis: bf7c407c2cedff20999df2af8eb42d56 -> 
========================================================================
Received Prepare
Registering precompiled user dll's ...
Registered in 0.004003 seconds.
Begin MonoManager ReloadAssembly
Symbol file LoadedFromMemory doesn't match image E:\UNIAT\Unity\MotoresGraficosIII\Parcial_1\TheLastSurvivor\Library\PackageCache\com.unity.visualscripting@1.7.6\Editor\VisualScripting.Core\Dependencies\DotNetZip\Unity.VisualScripting.IonicZip.dll
Symbol file LoadedFromMemory doesn't match image E:\UNIAT\Unity\MotoresGraficosIII\Parcial_1\TheLastSurvivor\Library\PackageCache\com.unity.visualscripting@1.7.6\Editor\VisualScripting.Core\Dependencies\YamlDotNet\Unity.VisualScripting.YamlDotNet.dll
Native extension for WindowsStandalone target not found
Native extension for iOS target not found
Native extension for Android target not found
Native extension for WebGL target not found
Refreshing native plugins compatible for Editor in 0.64 ms, found 4 plugins.
Preloading 0 native plugins for Editor in 0.00 ms.
Mono: successfully reloaded assembly
- Completed reload, in  0.682 seconds
Domain Reload Profiling:
	ReloadAssembly (683ms)
		BeginReloadAssembly (85ms)
			ExecutionOrderSort (0ms)
			DisableScriptedObjects (4ms)
			BackupInstance (0ms)
			ReleaseScriptingObjects (0ms)
			CreateAndSetChildDomain (20ms)
		EndReloadAssembly (537ms)
			LoadAssemblies (58ms)
			RebuildTransferFunctionScriptingTraits (0ms)
			SetupTypeCache (135ms)
			ReleaseScriptCaches (1ms)
			RebuildScriptCaches (24ms)
			SetupLoadedEditorAssemblies (295ms)
				LogAssemblyErrors (0ms)
				InitializePlatformSupportModulesInManaged (22ms)
				SetLoadedEditorAssemblies (0ms)
				RefreshPlugins (1ms)
				BeforeProcessingInitializeOnLoad (106ms)
				ProcessInitializeOnLoadAttributes (139ms)
				ProcessInitializeOnLoadMethodAttributes (20ms)
				AfterProcessingInitializeOnLoad (7ms)
				EditorAssembliesLoaded (0ms)
			ExecutionOrderSort2 (0ms)
			AwakeInstancesAfterBackupRestoration (5ms)
Platform modules already initialized, skipping
Refreshing native plugins compatible for Editor in 2.45 ms, found 4 plugins.
Preloading 0 native plugins for Editor in 0.00 ms.
Unloading 4701 Unused Serialized files (Serialized files now loaded: 0)
Unloading 61 unused Assets / (193.8 KB). Loaded Objects now: 5314.
Memory consumption went from 179.4 MB to 179.2 MB.
Total: 2.442600 ms (FindLiveObjects: 0.206600 ms CreateObjectMapping: 0.100600 ms MarkObjects: 2.026700 ms  DeleteObjects: 0.107900 ms)

AssetImportParameters requested are different than current active one (requested -> active):
  custom:video-decoder-ogg-theora: a1e56fd34408186e4bbccfd4996cb3dc -> 
  custom:container-muxer-webm: aa71ff27fc2769a1b78a27578f13a17b -> 
  custom:container-demuxer-webm: 4f35f7cbe854078d1ac9338744f61a02 -> 
  custom:video-encoder-webm-vp8: eb34c28f22e8b96e1ab97ce403110664 -> 
  custom:audio-encoder-webm-vorbis: bf7c407c2cedff20999df2af8eb42d56 -> 
  custom:framework-win-MediaFoundation: 216162199b28c13a410421893ffa2e32 -> 
  custom:container-demuxer-ogg: 62fdf1f143b41e24485cea50d1cbac27 -> 
  custom:video-decoder-webm-vp8: 9c59270c3fd7afecdb556c50c9e8de78 -> 
  custom:audio-decoder-ogg-vorbis: bf7c407c2cedff20999df2af8eb42d56 -> 
========================================================================
Received Prepare
Refreshing native plugins compatible for Editor in 5.82 ms, found 4 plugins.
Preloading 0 native plugins for Editor in 0.00 ms.
Unloading 61 Unused Serialized files (Serialized files now loaded: 0)
Unloading 61 unused Assets / (191.2 KB). Loaded Objects now: 5314.
Memory consumption went from 86.5 MB to 86.3 MB.
Total: 2.784000 ms (FindLiveObjects: 0.184500 ms CreateObjectMapping: 0.093400 ms MarkObjects: 2.416000 ms  DeleteObjects: 0.089500 ms)

AssetImportParameters requested are different than current active one (requested -> active):
  custom:video-decoder-ogg-theora: a1e56fd34408186e4bbccfd4996cb3dc -> 
  custom:container-muxer-webm: aa71ff27fc2769a1b78a27578f13a17b -> 
  custom:container-demuxer-webm: 4f35f7cbe854078d1ac9338744f61a02 -> 
  custom:video-encoder-webm-vp8: eb34c28f22e8b96e1ab97ce403110664 -> 
  custom:audio-encoder-webm-vorbis: bf7c407c2cedff20999df2af8eb42d56 -> 
  custom:framework-win-MediaFoundation: 216162199b28c13a410421893ffa2e32 -> 
  custom:container-demuxer-ogg: 62fdf1f143b41e24485cea50d1cbac27 -> 
  custom:video-decoder-webm-vp8: 9c59270c3fd7afecdb556c50c9e8de78 -> 
  custom:audio-decoder-ogg-vorbis: bf7c407c2cedff20999df2af8eb42d56 -> 
========================================================================
Received Prepare
Refreshing native plugins compatible for Editor in 5.99 ms, found 4 plugins.
Preloading 0 native plugins for Editor in 0.00 ms.
Unloading 61 Unused Serialized files (Serialized files now loaded: 0)
Unloading 61 unused Assets / (191.2 KB). Loaded Objects now: 5314.
Memory consumption went from 86.5 MB to 86.3 MB.
Total: 2.262600 ms (FindLiveObjects: 0.215500 ms CreateObjectMapping: 0.095400 ms MarkObjects: 1.861600 ms  DeleteObjects: 0.089300 ms)

AssetImportParameters requested are different than current active one (requested -> active):
  custom:video-decoder-ogg-theora: a1e56fd34408186e4bbccfd4996cb3dc -> 
  custom:container-muxer-webm: aa71ff27fc2769a1b78a27578f13a17b -> 
  custom:container-demuxer-webm: 4f35f7cbe854078d1ac9338744f61a02 -> 
  custom:video-encoder-webm-vp8: eb34c28f22e8b96e1ab97ce403110664 -> 
  custom:audio-encoder-webm-vorbis: bf7c407c2cedff20999df2af8eb42d56 -> 
  custom:framework-win-MediaFoundation: 216162199b28c13a410421893ffa2e32 -> 
  custom:container-demuxer-ogg: 62fdf1f143b41e24485cea50d1cbac27 -> 
  custom:video-decoder-webm-vp8: 9c59270c3fd7afecdb556c50c9e8de78 -> 
  custom:audio-decoder-ogg-vorbis: bf7c407c2cedff20999df2af8eb42d56 -> 
========================================================================
Received Prepare
Registering precompiled user dll's ...
Registered in 0.004114 seconds.
Begin MonoManager ReloadAssembly
Symbol file LoadedFromMemory doesn't match image E:\UNIAT\Unity\MotoresGraficosIII\Parcial_1\TheLastSurvivor\Library\PackageCache\com.unity.visualscripting@1.7.6\Editor\VisualScripting.Core\Dependencies\DotNetZip\Unity.VisualScripting.IonicZip.dll
Symbol file LoadedFromMemory doesn't match image E:\UNIAT\Unity\MotoresGraficosIII\Parcial_1\TheLastSurvivor\Library\PackageCache\com.unity.visualscripting@1.7.6\Editor\VisualScripting.Core\Dependencies\YamlDotNet\Unity.VisualScripting.YamlDotNet.dll
Native extension for WindowsStandalone target not found
Native extension for iOS target not found
Native extension for Android target not found
Native extension for WebGL target not found
Refreshing native plugins compatible for Editor in 0.65 ms, found 4 plugins.
Preloading 0 native plugins for Editor in 0.00 ms.
Mono: successfully reloaded assembly
- Completed reload, in  0.688 seconds
Domain Reload Profiling:
	ReloadAssembly (688ms)
		BeginReloadAssembly (84ms)
			ExecutionOrderSort (0ms)
			DisableScriptedObjects (4ms)
			BackupInstance (0ms)
			ReleaseScriptingObjects (0ms)
			CreateAndSetChildDomain (21ms)
		EndReloadAssembly (534ms)
			LoadAssemblies (57ms)
			RebuildTransferFunctionScriptingTraits (0ms)
			SetupTypeCache (139ms)
			ReleaseScriptCaches (1ms)
			RebuildScriptCaches (26ms)
			SetupLoadedEditorAssemblies (284ms)
				LogAssemblyErrors (0ms)
				InitializePlatformSupportModulesInManaged (18ms)
				SetLoadedEditorAssemblies (0ms)
				RefreshPlugins (1ms)
				BeforeProcessingInitializeOnLoad (95ms)
				ProcessInitializeOnLoadAttributes (142ms)
				ProcessInitializeOnLoadMethodAttributes (21ms)
				AfterProcessingInitializeOnLoad (7ms)
				EditorAssembliesLoaded (0ms)
			ExecutionOrderSort2 (0ms)
			AwakeInstancesAfterBackupRestoration (5ms)
Platform modules already initialized, skipping
Refreshing native plugins compatible for Editor in 2.15 ms, found 4 plugins.
Preloading 0 native plugins for Editor in 0.00 ms.
Unloading 4701 Unused Serialized files (Serialized files now loaded: 0)
Unloading 61 unused Assets / (193.7 KB). Loaded Objects now: 5317.
Memory consumption went from 179.3 MB to 179.1 MB.
Total: 2.361400 ms (FindLiveObjects: 0.204100 ms CreateObjectMapping: 0.118100 ms MarkObjects: 1.938500 ms  DeleteObjects: 0.099700 ms)

AssetImportParameters requested are different than current active one (requested -> active):
  custom:video-decoder-ogg-theora: a1e56fd34408186e4bbccfd4996cb3dc -> 
  custom:container-muxer-webm: aa71ff27fc2769a1b78a27578f13a17b -> 
  custom:container-demuxer-webm: 4f35f7cbe854078d1ac9338744f61a02 -> 
  custom:video-encoder-webm-vp8: eb34c28f22e8b96e1ab97ce403110664 -> 
  custom:audio-encoder-webm-vorbis: bf7c407c2cedff20999df2af8eb42d56 -> 
  custom:framework-win-MediaFoundation: 216162199b28c13a410421893ffa2e32 -> 
  custom:container-demuxer-ogg: 62fdf1f143b41e24485cea50d1cbac27 -> 
  custom:video-decoder-webm-vp8: 9c59270c3fd7afecdb556c50c9e8de78 -> 
  custom:audio-decoder-ogg-vorbis: bf7c407c2cedff20999df2af8eb42d56 -> 
========================================================================
Received Prepare
Refreshing native plugins compatible for Editor in 6.64 ms, found 4 plugins.
Preloading 0 native plugins for Editor in 0.00 ms.
Unloading 61 Unused Serialized files (Serialized files now loaded: 0)
Unloading 61 unused Assets / (191.1 KB). Loaded Objects now: 5317.
Memory consumption went from 86.5 MB to 86.4 MB.
Total: 2.333600 ms (FindLiveObjects: 0.182500 ms CreateObjectMapping: 0.090800 ms MarkObjects: 1.968700 ms  DeleteObjects: 0.091200 ms)

AssetImportParameters requested are different than current active one (requested -> active):
  custom:video-decoder-ogg-theora: a1e56fd34408186e4bbccfd4996cb3dc -> 
  custom:container-muxer-webm: aa71ff27fc2769a1b78a27578f13a17b -> 
  custom:container-demuxer-webm: 4f35f7cbe854078d1ac9338744f61a02 -> 
  custom:video-encoder-webm-vp8: eb34c28f22e8b96e1ab97ce403110664 -> 
  custom:audio-encoder-webm-vorbis: bf7c407c2cedff20999df2af8eb42d56 -> 
  custom:framework-win-MediaFoundation: 216162199b28c13a410421893ffa2e32 -> 
  custom:container-demuxer-ogg: 62fdf1f143b41e24485cea50d1cbac27 -> 
  custom:video-decoder-webm-vp8: 9c59270c3fd7afecdb556c50c9e8de78 -> 
  custom:audio-decoder-ogg-vorbis: bf7c407c2cedff20999df2af8eb42d56 -> 
========================================================================
Received Prepare
Registering precompiled user dll's ...
Registered in 0.004093 seconds.
Begin MonoManager ReloadAssembly
Symbol file LoadedFromMemory doesn't match image E:\UNIAT\Unity\MotoresGraficosIII\Parcial_1\TheLastSurvivor\Library\PackageCache\com.unity.visualscripting@1.7.6\Editor\VisualScripting.Core\Dependencies\DotNetZip\Unity.VisualScripting.IonicZip.dll
Symbol file LoadedFromMemory doesn't match image E:\UNIAT\Unity\MotoresGraficosIII\Parcial_1\TheLastSurvivor\Library\PackageCache\com.unity.visualscripting@1.7.6\Editor\VisualScripting.Core\Dependencies\YamlDotNet\Unity.VisualScripting.YamlDotNet.dll
Native extension for WindowsStandalone target not found
Native extension for iOS target not found
Native extension for Android target not found
Native extension for WebGL target not found
Refreshing native plugins compatible for Editor in 0.60 ms, found 4 plugins.
Preloading 0 native plugins for Editor in 0.00 ms.
Mono: successfully reloaded assembly
- Completed reload, in  0.681 seconds
Domain Reload Profiling:
	ReloadAssembly (681ms)
		BeginReloadAssembly (88ms)
			ExecutionOrderSort (0ms)
			DisableScriptedObjects (4ms)
			BackupInstance (0ms)
			ReleaseScriptingObjects (0ms)
			CreateAndSetChildDomain (23ms)
		EndReloadAssembly (535ms)
			LoadAssemblies (60ms)
			RebuildTransferFunctionScriptingTraits (0ms)
			SetupTypeCache (134ms)
			ReleaseScriptCaches (1ms)
			RebuildScriptCaches (25ms)
			SetupLoadedEditorAssemblies (291ms)
				LogAssemblyErrors (0ms)
				InitializePlatformSupportModulesInManaged (21ms)
				SetLoadedEditorAssemblies (0ms)
				RefreshPlugins (1ms)
				BeforeProcessingInitializeOnLoad (99ms)
				ProcessInitializeOnLoadAttributes (142ms)
				ProcessInitializeOnLoadMethodAttributes (21ms)
				AfterProcessingInitializeOnLoad (7ms)
				EditorAssembliesLoaded (0ms)
			ExecutionOrderSort2 (0ms)
			AwakeInstancesAfterBackupRestoration (5ms)
Platform modules already initialized, skipping
Refreshing native plugins compatible for Editor in 2.68 ms, found 4 plugins.
Preloading 0 native plugins for Editor in 0.00 ms.
Unloading 4701 Unused Serialized files (Serialized files now loaded: 0)
Unloading 61 unused Assets / (195.8 KB). Loaded Objects now: 5320.
Memory consumption went from 179.3 MB to 179.1 MB.
Total: 2.355200 ms (FindLiveObjects: 0.201900 ms CreateObjectMapping: 0.095800 ms MarkObjects: 1.956800 ms  DeleteObjects: 0.099800 ms)

AssetImportParameters requested are different than current active one (requested -> active):
  custom:video-decoder-ogg-theora: a1e56fd34408186e4bbccfd4996cb3dc -> 
  custom:container-muxer-webm: aa71ff27fc2769a1b78a27578f13a17b -> 
  custom:container-demuxer-webm: 4f35f7cbe854078d1ac9338744f61a02 -> 
  custom:video-encoder-webm-vp8: eb34c28f22e8b96e1ab97ce403110664 -> 
  custom:audio-encoder-webm-vorbis: bf7c407c2cedff20999df2af8eb42d56 -> 
  custom:framework-win-MediaFoundation: 216162199b28c13a410421893ffa2e32 -> 
  custom:container-demuxer-ogg: 62fdf1f143b41e24485cea50d1cbac27 -> 
  custom:video-decoder-webm-vp8: 9c59270c3fd7afecdb556c50c9e8de78 -> 
  custom:audio-decoder-ogg-vorbis: bf7c407c2cedff20999df2af8eb42d56 -> 
========================================================================
Received Prepare
Registering precompiled user dll's ...
Registered in 0.003967 seconds.
Begin MonoManager ReloadAssembly
Symbol file LoadedFromMemory doesn't match image E:\UNIAT\Unity\MotoresGraficosIII\Parcial_1\TheLastSurvivor\Library\PackageCache\com.unity.visualscripting@1.7.6\Editor\VisualScripting.Core\Dependencies\DotNetZip\Unity.VisualScripting.IonicZip.dll
Symbol file LoadedFromMemory doesn't match image E:\UNIAT\Unity\MotoresGraficosIII\Parcial_1\TheLastSurvivor\Library\PackageCache\com.unity.visualscripting@1.7.6\Editor\VisualScripting.Core\Dependencies\YamlDotNet\Unity.VisualScripting.YamlDotNet.dll
Native extension for WindowsStandalone target not found
Native extension for iOS target not found
Native extension for Android target not found
Native extension for WebGL target not found
Refreshing native plugins compatible for Editor in 0.62 ms, found 4 plugins.
Preloading 0 native plugins for Editor in 0.00 ms.
Mono: successfully reloaded assembly
- Completed reload, in  0.671 seconds
Domain Reload Profiling:
	ReloadAssembly (671ms)
		BeginReloadAssembly (85ms)
			ExecutionOrderSort (0ms)
			DisableScriptedObjects (4ms)
			BackupInstance (0ms)
			ReleaseScriptingObjects (0ms)
			CreateAndSetChildDomain (21ms)
		EndReloadAssembly (526ms)
			LoadAssemblies (58ms)
			RebuildTransferFunctionScriptingTraits (0ms)
			SetupTypeCache (135ms)
			ReleaseScriptCaches (1ms)
			RebuildScriptCaches (25ms)
			SetupLoadedEditorAssemblies (282ms)
				LogAssemblyErrors (0ms)
				InitializePlatformSupportModulesInManaged (21ms)
				SetLoadedEditorAssemblies (0ms)
				RefreshPlugins (1ms)
				BeforeProcessingInitializeOnLoad (91ms)
				ProcessInitializeOnLoadAttributes (142ms)
				ProcessInitializeOnLoadMethodAttributes (21ms)
				AfterProcessingInitializeOnLoad (6ms)
				EditorAssembliesLoaded (0ms)
			ExecutionOrderSort2 (0ms)
			AwakeInstancesAfterBackupRestoration (5ms)
Platform modules already initialized, skipping
Refreshing native plugins compatible for Editor in 2.34 ms, found 4 plugins.
Preloading 0 native plugins for Editor in 0.00 ms.
Unloading 4701 Unused Serialized files (Serialized files now loaded: 0)
Unloading 61 unused Assets / (194.0 KB). Loaded Objects now: 5323.
Memory consumption went from 179.3 MB to 179.2 MB.
Total: 2.328000 ms (FindLiveObjects: 0.187500 ms CreateObjectMapping: 0.094000 ms MarkObjects: 1.934900 ms  DeleteObjects: 0.110800 ms)

AssetImportParameters requested are different than current active one (requested -> active):
  custom:video-decoder-ogg-theora: a1e56fd34408186e4bbccfd4996cb3dc -> 
  custom:container-muxer-webm: aa71ff27fc2769a1b78a27578f13a17b -> 
  custom:container-demuxer-webm: 4f35f7cbe854078d1ac9338744f61a02 -> 
  custom:video-encoder-webm-vp8: eb34c28f22e8b96e1ab97ce403110664 -> 
  custom:audio-encoder-webm-vorbis: bf7c407c2cedff20999df2af8eb42d56 -> 
  custom:framework-win-MediaFoundation: 216162199b28c13a410421893ffa2e32 -> 
  custom:container-demuxer-ogg: 62fdf1f143b41e24485cea50d1cbac27 -> 
  custom:video-decoder-webm-vp8: 9c59270c3fd7afecdb556c50c9e8de78 -> 
  custom:audio-decoder-ogg-vorbis: bf7c407c2cedff20999df2af8eb42d56 -> 
========================================================================
Received Import Request.
  Time since last request: 1411.637039 seconds.
  path: Assets/_Sprites/Player/Player_2.png
  artifactKey: Guid(c7e010e12da018c499d65093efbffa14) Importer(815301076,1909f56bfc062723c751e8b465ee728b)
Start importing Assets/_Sprites/Player/Player_2.png using Guid(c7e010e12da018c499d65093efbffa14) Importer(815301076,1909f56bfc062723c751e8b465ee728b)  -> (artifact id: '441c86254dde2995835eb513f9acdfe0') in 0.043438 seconds 
========================================================================
Received Prepare
Registering precompiled user dll's ...
Registered in 0.003972 seconds.
Begin MonoManager ReloadAssembly
Symbol file LoadedFromMemory doesn't match image E:\UNIAT\Unity\MotoresGraficosIII\Parcial_1\TheLastSurvivor\Library\PackageCache\com.unity.visualscripting@1.7.6\Editor\VisualScripting.Core\Dependencies\DotNetZip\Unity.VisualScripting.IonicZip.dll
Symbol file LoadedFromMemory doesn't match image E:\UNIAT\Unity\MotoresGraficosIII\Parcial_1\TheLastSurvivor\Library\PackageCache\com.unity.visualscripting@1.7.6\Editor\VisualScripting.Core\Dependencies\YamlDotNet\Unity.VisualScripting.YamlDotNet.dll
Native extension for WindowsStandalone target not found
Native extension for iOS target not found
Native extension for Android target not found
Native extension for WebGL target not found
Refreshing native plugins compatible for Editor in 0.62 ms, found 4 plugins.
Preloading 0 native plugins for Editor in 0.00 ms.
Mono: successfully reloaded assembly
- Completed reload, in  0.692 seconds
Domain Reload Profiling:
	ReloadAssembly (693ms)
		BeginReloadAssembly (84ms)
			ExecutionOrderSort (0ms)
			DisableScriptedObjects (4ms)
			BackupInstance (0ms)
			ReleaseScriptingObjects (0ms)
			CreateAndSetChildDomain (21ms)
		EndReloadAssembly (550ms)
			LoadAssemblies (56ms)
			RebuildTransferFunctionScriptingTraits (0ms)
			SetupTypeCache (141ms)
			ReleaseScriptCaches (1ms)
			RebuildScriptCaches (25ms)
			SetupLoadedEditorAssemblies (299ms)
				LogAssemblyErrors (0ms)
				InitializePlatformSupportModulesInManaged (22ms)
				SetLoadedEditorAssemblies (0ms)
				RefreshPlugins (1ms)
				BeforeProcessingInitializeOnLoad (95ms)
				ProcessInitializeOnLoadAttributes (154ms)
				ProcessInitializeOnLoadMethodAttributes (21ms)
				AfterProcessingInitializeOnLoad (7ms)
				EditorAssembliesLoaded (0ms)
			ExecutionOrderSort2 (0ms)
			AwakeInstancesAfterBackupRestoration (5ms)
Platform modules already initialized, skipping
Refreshing native plugins compatible for Editor in 2.37 ms, found 4 plugins.
Preloading 0 native plugins for Editor in 0.00 ms.
Unloading 4701 Unused Serialized files (Serialized files now loaded: 0)
Unloading 61 unused Assets / (193.8 KB). Loaded Objects now: 5328.
Memory consumption went from 179.4 MB to 179.2 MB.
Total: 2.330700 ms (FindLiveObjects: 0.198900 ms CreateObjectMapping: 0.089600 ms MarkObjects: 1.941200 ms  DeleteObjects: 0.100400 ms)

AssetImportParameters requested are different than current active one (requested -> active):
  custom:video-decoder-ogg-theora: a1e56fd34408186e4bbccfd4996cb3dc -> 
  custom:container-muxer-webm: aa71ff27fc2769a1b78a27578f13a17b -> 
  custom:container-demuxer-webm: 4f35f7cbe854078d1ac9338744f61a02 -> 
  custom:video-encoder-webm-vp8: eb34c28f22e8b96e1ab97ce403110664 -> 
  custom:audio-encoder-webm-vorbis: bf7c407c2cedff20999df2af8eb42d56 -> 
  custom:framework-win-MediaFoundation: 216162199b28c13a410421893ffa2e32 -> 
  custom:container-demuxer-ogg: 62fdf1f143b41e24485cea50d1cbac27 -> 
  custom:video-decoder-webm-vp8: 9c59270c3fd7afecdb556c50c9e8de78 -> 
  custom:audio-decoder-ogg-vorbis: bf7c407c2cedff20999df2af8eb42d56 -> 
========================================================================
Received Prepare
Refreshing native plugins compatible for Editor in 5.99 ms, found 4 plugins.
Preloading 0 native plugins for Editor in 0.00 ms.
Unloading 61 Unused Serialized files (Serialized files now loaded: 0)
Unloading 61 unused Assets / (191.3 KB). Loaded Objects now: 5328.
Memory consumption went from 86.7 MB to 86.5 MB.
Total: 2.639400 ms (FindLiveObjects: 0.189200 ms CreateObjectMapping: 0.096900 ms MarkObjects: 2.262600 ms  DeleteObjects: 0.090100 ms)

AssetImportParameters requested are different than current active one (requested -> active):
  custom:video-decoder-ogg-theora: a1e56fd34408186e4bbccfd4996cb3dc -> 
  custom:container-muxer-webm: aa71ff27fc2769a1b78a27578f13a17b -> 
  custom:container-demuxer-webm: 4f35f7cbe854078d1ac9338744f61a02 -> 
  custom:video-encoder-webm-vp8: eb34c28f22e8b96e1ab97ce403110664 -> 
  custom:audio-encoder-webm-vorbis: bf7c407c2cedff20999df2af8eb42d56 -> 
  custom:framework-win-MediaFoundation: 216162199b28c13a410421893ffa2e32 -> 
  custom:container-demuxer-ogg: 62fdf1f143b41e24485cea50d1cbac27 -> 
  custom:video-decoder-webm-vp8: 9c59270c3fd7afecdb556c50c9e8de78 -> 
  custom:audio-decoder-ogg-vorbis: bf7c407c2cedff20999df2af8eb42d56 -> 
========================================================================
Received Prepare
Refreshing native plugins compatible for Editor in 6.30 ms, found 4 plugins.
Preloading 0 native plugins for Editor in 0.00 ms.
Unloading 61 Unused Serialized files (Serialized files now loaded: 0)
Unloading 61 unused Assets / (191.2 KB). Loaded Objects now: 5328.
Memory consumption went from 86.7 MB to 86.5 MB.
Total: 2.496100 ms (FindLiveObjects: 0.199000 ms CreateObjectMapping: 0.107100 ms MarkObjects: 2.084300 ms  DeleteObjects: 0.105000 ms)

AssetImportParameters requested are different than current active one (requested -> active):
  custom:video-decoder-ogg-theora: a1e56fd34408186e4bbccfd4996cb3dc -> 
  custom:container-muxer-webm: aa71ff27fc2769a1b78a27578f13a17b -> 
  custom:container-demuxer-webm: 4f35f7cbe854078d1ac9338744f61a02 -> 
  custom:video-encoder-webm-vp8: eb34c28f22e8b96e1ab97ce403110664 -> 
  custom:audio-encoder-webm-vorbis: bf7c407c2cedff20999df2af8eb42d56 -> 
  custom:framework-win-MediaFoundation: 216162199b28c13a410421893ffa2e32 -> 
  custom:container-demuxer-ogg: 62fdf1f143b41e24485cea50d1cbac27 -> 
  custom:video-decoder-webm-vp8: 9c59270c3fd7afecdb556c50c9e8de78 -> 
  custom:audio-decoder-ogg-vorbis: bf7c407c2cedff20999df2af8eb42d56 -> 
========================================================================
Received Prepare
Registering precompiled user dll's ...
Registered in 0.004150 seconds.
Begin MonoManager ReloadAssembly
Symbol file LoadedFromMemory doesn't match image E:\UNIAT\Unity\MotoresGraficosIII\Parcial_1\TheLastSurvivor\Library\PackageCache\com.unity.visualscripting@1.7.6\Editor\VisualScripting.Core\Dependencies\DotNetZip\Unity.VisualScripting.IonicZip.dll
Symbol file LoadedFromMemory doesn't match image E:\UNIAT\Unity\MotoresGraficosIII\Parcial_1\TheLastSurvivor\Library\PackageCache\com.unity.visualscripting@1.7.6\Editor\VisualScripting.Core\Dependencies\YamlDotNet\Unity.VisualScripting.YamlDotNet.dll
Native extension for WindowsStandalone target not found
Native extension for iOS target not found
Native extension for Android target not found
Native extension for WebGL target not found
Refreshing native plugins compatible for Editor in 0.64 ms, found 4 plugins.
Preloading 0 native plugins for Editor in 0.00 ms.
Mono: successfully reloaded assembly
- Completed reload, in  0.702 seconds
Domain Reload Profiling:
	ReloadAssembly (703ms)
		BeginReloadAssembly (92ms)
			ExecutionOrderSort (0ms)
			DisableScriptedObjects (4ms)
			BackupInstance (0ms)
			ReleaseScriptingObjects (0ms)
			CreateAndSetChildDomain (24ms)
		EndReloadAssembly (545ms)
			LoadAssemblies (65ms)
			RebuildTransferFunctionScriptingTraits (0ms)
			SetupTypeCache (140ms)
			ReleaseScriptCaches (1ms)
			RebuildScriptCaches (26ms)
			SetupLoadedEditorAssemblies (289ms)
				LogAssemblyErrors (0ms)
				InitializePlatformSupportModulesInManaged (22ms)
				SetLoadedEditorAssemblies (0ms)
				RefreshPlugins (1ms)
				BeforeProcessingInitializeOnLoad (100ms)
				ProcessInitializeOnLoadAttributes (139ms)
				ProcessInitializeOnLoadMethodAttributes (21ms)
				AfterProcessingInitializeOnLoad (7ms)
				EditorAssembliesLoaded (0ms)
			ExecutionOrderSort2 (0ms)
			AwakeInstancesAfterBackupRestoration (5ms)
Platform modules already initialized, skipping
Refreshing native plugins compatible for Editor in 2.34 ms, found 4 plugins.
Preloading 0 native plugins for Editor in 0.00 ms.
Unloading 4701 Unused Serialized files (Serialized files now loaded: 0)
Unloading 61 unused Assets / (194.0 KB). Loaded Objects now: 5331.
Memory consumption went from 179.4 MB to 179.2 MB.
Total: 2.371600 ms (FindLiveObjects: 0.191600 ms CreateObjectMapping: 0.102200 ms MarkObjects: 1.968900 ms  DeleteObjects: 0.108000 ms)

AssetImportParameters requested are different than current active one (requested -> active):
  custom:video-decoder-ogg-theora: a1e56fd34408186e4bbccfd4996cb3dc -> 
  custom:container-muxer-webm: aa71ff27fc2769a1b78a27578f13a17b -> 
  custom:container-demuxer-webm: 4f35f7cbe854078d1ac9338744f61a02 -> 
  custom:video-encoder-webm-vp8: eb34c28f22e8b96e1ab97ce403110664 -> 
  custom:audio-encoder-webm-vorbis: bf7c407c2cedff20999df2af8eb42d56 -> 
  custom:framework-win-MediaFoundation: 216162199b28c13a410421893ffa2e32 -> 
  custom:container-demuxer-ogg: 62fdf1f143b41e24485cea50d1cbac27 -> 
  custom:video-decoder-webm-vp8: 9c59270c3fd7afecdb556c50c9e8de78 -> 
  custom:audio-decoder-ogg-vorbis: bf7c407c2cedff20999df2af8eb42d56 -> 
========================================================================
Received Prepare
Registering precompiled user dll's ...
Registered in 0.004079 seconds.
Begin MonoManager ReloadAssembly
Symbol file LoadedFromMemory doesn't match image E:\UNIAT\Unity\MotoresGraficosIII\Parcial_1\TheLastSurvivor\Library\PackageCache\com.unity.visualscripting@1.7.6\Editor\VisualScripting.Core\Dependencies\DotNetZip\Unity.VisualScripting.IonicZip.dll
Symbol file LoadedFromMemory doesn't match image E:\UNIAT\Unity\MotoresGraficosIII\Parcial_1\TheLastSurvivor\Library\PackageCache\com.unity.visualscripting@1.7.6\Editor\VisualScripting.Core\Dependencies\YamlDotNet\Unity.VisualScripting.YamlDotNet.dll
Native extension for WindowsStandalone target not found
Native extension for iOS target not found
Native extension for Android target not found
Native extension for WebGL target not found
Refreshing native plugins compatible for Editor in 0.65 ms, found 4 plugins.
Preloading 0 native plugins for Editor in 0.00 ms.
Mono: successfully reloaded assembly
- Completed reload, in  0.698 seconds
Domain Reload Profiling:
	ReloadAssembly (698ms)
		BeginReloadAssembly (85ms)
			ExecutionOrderSort (0ms)
			DisableScriptedObjects (4ms)
			BackupInstance (0ms)
			ReleaseScriptingObjects (0ms)
			CreateAndSetChildDomain (22ms)
		EndReloadAssembly (554ms)
			LoadAssemblies (59ms)
			RebuildTransferFunctionScriptingTraits (0ms)
			SetupTypeCache (136ms)
			ReleaseScriptCaches (1ms)
			RebuildScriptCaches (24ms)
			SetupLoadedEditorAssemblies (307ms)
				LogAssemblyErrors (0ms)
				InitializePlatformSupportModulesInManaged (21ms)
				SetLoadedEditorAssemblies (0ms)
				RefreshPlugins (1ms)
				BeforeProcessingInitializeOnLoad (106ms)
				ProcessInitializeOnLoadAttributes (149ms)
				ProcessInitializeOnLoadMethodAttributes (22ms)
				AfterProcessingInitializeOnLoad (7ms)
				EditorAssembliesLoaded (0ms)
			ExecutionOrderSort2 (0ms)
			AwakeInstancesAfterBackupRestoration (5ms)
Platform modules already initialized, skipping
Refreshing native plugins compatible for Editor in 2.27 ms, found 4 plugins.
Preloading 0 native plugins for Editor in 0.00 ms.
Unloading 4701 Unused Serialized files (Serialized files now loaded: 0)
Unloading 61 unused Assets / (193.8 KB). Loaded Objects now: 5334.
Memory consumption went from 179.4 MB to 179.3 MB.
Total: 2.389500 ms (FindLiveObjects: 0.205300 ms CreateObjectMapping: 0.104100 ms MarkObjects: 1.968000 ms  DeleteObjects: 0.111400 ms)

AssetImportParameters requested are different than current active one (requested -> active):
  custom:video-decoder-ogg-theora: a1e56fd34408186e4bbccfd4996cb3dc -> 
  custom:container-muxer-webm: aa71ff27fc2769a1b78a27578f13a17b -> 
  custom:container-demuxer-webm: 4f35f7cbe854078d1ac9338744f61a02 -> 
  custom:video-encoder-webm-vp8: eb34c28f22e8b96e1ab97ce403110664 -> 
  custom:audio-encoder-webm-vorbis: bf7c407c2cedff20999df2af8eb42d56 -> 
  custom:framework-win-MediaFoundation: 216162199b28c13a410421893ffa2e32 -> 
  custom:container-demuxer-ogg: 62fdf1f143b41e24485cea50d1cbac27 -> 
  custom:video-decoder-webm-vp8: 9c59270c3fd7afecdb556c50c9e8de78 -> 
  custom:audio-decoder-ogg-vorbis: bf7c407c2cedff20999df2af8eb42d56 -> 
========================================================================
Received Prepare
Refreshing native plugins compatible for Editor in 6.27 ms, found 4 plugins.
Preloading 0 native plugins for Editor in 0.00 ms.
Unloading 61 Unused Serialized files (Serialized files now loaded: 0)
Unloading 61 unused Assets / (191.2 KB). Loaded Objects now: 5334.
Memory consumption went from 86.7 MB to 86.5 MB.
Total: 2.341400 ms (FindLiveObjects: 0.236200 ms CreateObjectMapping: 0.105700 ms MarkObjects: 1.905000 ms  DeleteObjects: 0.093700 ms)

AssetImportParameters requested are different than current active one (requested -> active):
  custom:video-decoder-ogg-theora: a1e56fd34408186e4bbccfd4996cb3dc -> 
  custom:container-muxer-webm: aa71ff27fc2769a1b78a27578f13a17b -> 
  custom:container-demuxer-webm: 4f35f7cbe854078d1ac9338744f61a02 -> 
  custom:video-encoder-webm-vp8: eb34c28f22e8b96e1ab97ce403110664 -> 
  custom:audio-encoder-webm-vorbis: bf7c407c2cedff20999df2af8eb42d56 -> 
  custom:framework-win-MediaFoundation: 216162199b28c13a410421893ffa2e32 -> 
  custom:container-demuxer-ogg: 62fdf1f143b41e24485cea50d1cbac27 -> 
  custom:video-decoder-webm-vp8: 9c59270c3fd7afecdb556c50c9e8de78 -> 
  custom:audio-decoder-ogg-vorbis: bf7c407c2cedff20999df2af8eb42d56 -> 
========================================================================
Received Import Request.
  Time since last request: 975.181716 seconds.
  path: Assets/Scenes/Menu.unity
  artifactKey: Guid(25f3ae40bed885b4f92ee48545fe3706) Importer(815301076,1909f56bfc062723c751e8b465ee728b)
Start importing Assets/Scenes/Menu.unity using Guid(25f3ae40bed885b4f92ee48545fe3706) Importer(815301076,1909f56bfc062723c751e8b465ee728b)  -> (artifact id: '107e35eb0a3deccda27a230d7edfd4c1') in 0.003933 seconds 
========================================================================
Received Prepare
Refreshing native plugins compatible for Editor in 7.12 ms, found 4 plugins.
Preloading 0 native plugins for Editor in 0.00 ms.
Unloading 61 Unused Serialized files (Serialized files now loaded: 0)
Unloading 61 unused Assets / (191.2 KB). Loaded Objects now: 5334.
Memory consumption went from 86.7 MB to 86.5 MB.
Total: 3.181900 ms (FindLiveObjects: 0.292000 ms CreateObjectMapping: 0.106700 ms MarkObjects: 2.673700 ms  DeleteObjects: 0.108600 ms)

AssetImportParameters requested are different than current active one (requested -> active):
  custom:video-decoder-ogg-theora: a1e56fd34408186e4bbccfd4996cb3dc -> 
  custom:container-muxer-webm: aa71ff27fc2769a1b78a27578f13a17b -> 
  custom:container-demuxer-webm: 4f35f7cbe854078d1ac9338744f61a02 -> 
  custom:video-encoder-webm-vp8: eb34c28f22e8b96e1ab97ce403110664 -> 
  custom:audio-encoder-webm-vorbis: bf7c407c2cedff20999df2af8eb42d56 -> 
  custom:framework-win-MediaFoundation: 216162199b28c13a410421893ffa2e32 -> 
  custom:container-demuxer-ogg: 62fdf1f143b41e24485cea50d1cbac27 -> 
  custom:video-decoder-webm-vp8: 9c59270c3fd7afecdb556c50c9e8de78 -> 
  custom:audio-decoder-ogg-vorbis: bf7c407c2cedff20999df2af8eb42d56 -> 
========================================================================
Received Prepare
Registering precompiled user dll's ...
Registered in 0.003992 seconds.
Begin MonoManager ReloadAssembly
Symbol file LoadedFromMemory doesn't match image E:\UNIAT\Unity\MotoresGraficosIII\Parcial_1\TheLastSurvivor\Library\PackageCache\com.unity.visualscripting@1.7.6\Editor\VisualScripting.Core\Dependencies\DotNetZip\Unity.VisualScripting.IonicZip.dll
Symbol file LoadedFromMemory doesn't match image E:\UNIAT\Unity\MotoresGraficosIII\Parcial_1\TheLastSurvivor\Library\PackageCache\com.unity.visualscripting@1.7.6\Editor\VisualScripting.Core\Dependencies\YamlDotNet\Unity.VisualScripting.YamlDotNet.dll
Native extension for WindowsStandalone target not found
Native extension for iOS target not found
Native extension for Android target not found
Native extension for WebGL target not found
Refreshing native plugins compatible for Editor in 0.67 ms, found 4 plugins.
Preloading 0 native plugins for Editor in 0.00 ms.
Mono: successfully reloaded assembly
- Completed reload, in  0.685 seconds
Domain Reload Profiling:
	ReloadAssembly (685ms)
		BeginReloadAssembly (87ms)
			ExecutionOrderSort (0ms)
			DisableScriptedObjects (4ms)
			BackupInstance (0ms)
			ReleaseScriptingObjects (0ms)
			CreateAndSetChildDomain (22ms)
		EndReloadAssembly (539ms)
			LoadAssemblies (61ms)
			RebuildTransferFunctionScriptingTraits (0ms)
			SetupTypeCache (137ms)
			ReleaseScriptCaches (1ms)
			RebuildScriptCaches (25ms)
			SetupLoadedEditorAssemblies (289ms)
				LogAssemblyErrors (0ms)
				InitializePlatformSupportModulesInManaged (22ms)
				SetLoadedEditorAssemblies (0ms)
				RefreshPlugins (1ms)
				BeforeProcessingInitializeOnLoad (98ms)
				ProcessInitializeOnLoadAttributes (142ms)
				ProcessInitializeOnLoadMethodAttributes (20ms)
				AfterProcessingInitializeOnLoad (7ms)
				EditorAssembliesLoaded (0ms)
			ExecutionOrderSort2 (0ms)
			AwakeInstancesAfterBackupRestoration (5ms)
Platform modules already initialized, skipping
Refreshing native plugins compatible for Editor in 2.26 ms, found 4 plugins.
Preloading 0 native plugins for Editor in 0.00 ms.
Unloading 4701 Unused Serialized files (Serialized files now loaded: 0)
Unloading 61 unused Assets / (193.7 KB). Loaded Objects now: 5337.
Memory consumption went from 179.5 MB to 179.3 MB.
Total: 2.660500 ms (FindLiveObjects: 0.209500 ms CreateObjectMapping: 0.103600 ms MarkObjects: 2.235900 ms  DeleteObjects: 0.110300 ms)

AssetImportParameters requested are different than current active one (requested -> active):
  custom:video-decoder-ogg-theora: a1e56fd34408186e4bbccfd4996cb3dc -> 
  custom:container-muxer-webm: aa71ff27fc2769a1b78a27578f13a17b -> 
  custom:container-demuxer-webm: 4f35f7cbe854078d1ac9338744f61a02 -> 
  custom:video-encoder-webm-vp8: eb34c28f22e8b96e1ab97ce403110664 -> 
  custom:audio-encoder-webm-vorbis: bf7c407c2cedff20999df2af8eb42d56 -> 
  custom:framework-win-MediaFoundation: 216162199b28c13a410421893ffa2e32 -> 
  custom:container-demuxer-ogg: 62fdf1f143b41e24485cea50d1cbac27 -> 
  custom:video-decoder-webm-vp8: 9c59270c3fd7afecdb556c50c9e8de78 -> 
  custom:audio-decoder-ogg-vorbis: bf7c407c2cedff20999df2af8eb42d56 -> 
========================================================================
Received Prepare
Registering precompiled user dll's ...
Registered in 0.004289 seconds.
Begin MonoManager ReloadAssembly
Symbol file LoadedFromMemory doesn't match image E:\UNIAT\Unity\MotoresGraficosIII\Parcial_1\TheLastSurvivor\Library\PackageCache\com.unity.visualscripting@1.7.6\Editor\VisualScripting.Core\Dependencies\DotNetZip\Unity.VisualScripting.IonicZip.dll
Symbol file LoadedFromMemory doesn't match image E:\UNIAT\Unity\MotoresGraficosIII\Parcial_1\TheLastSurvivor\Library\PackageCache\com.unity.visualscripting@1.7.6\Editor\VisualScripting.Core\Dependencies\YamlDotNet\Unity.VisualScripting.YamlDotNet.dll
Native extension for WindowsStandalone target not found
Native extension for iOS target not found
Native extension for Android target not found
Native extension for WebGL target not found
Refreshing native plugins compatible for Editor in 0.63 ms, found 4 plugins.
Preloading 0 native plugins for Editor in 0.00 ms.
Mono: successfully reloaded assembly
- Completed reload, in  0.672 seconds
Domain Reload Profiling:
	ReloadAssembly (673ms)
		BeginReloadAssembly (84ms)
			ExecutionOrderSort (0ms)
			DisableScriptedObjects (4ms)
			BackupInstance (0ms)
			ReleaseScriptingObjects (0ms)
			CreateAndSetChildDomain (21ms)
		EndReloadAssembly (530ms)
			LoadAssemblies (56ms)
			RebuildTransferFunctionScriptingTraits (0ms)
			SetupTypeCache (134ms)
			ReleaseScriptCaches (1ms)
			RebuildScriptCaches (24ms)
			SetupLoadedEditorAssemblies (290ms)
				LogAssemblyErrors (0ms)
				InitializePlatformSupportModulesInManaged (21ms)
				SetLoadedEditorAssemblies (0ms)
				RefreshPlugins (1ms)
				BeforeProcessingInitializeOnLoad (96ms)
				ProcessInitializeOnLoadAttributes (143ms)
				ProcessInitializeOnLoadMethodAttributes (21ms)
				AfterProcessingInitializeOnLoad (7ms)
				EditorAssembliesLoaded (0ms)
			ExecutionOrderSort2 (0ms)
			AwakeInstancesAfterBackupRestoration (5ms)
Platform modules already initialized, skipping
Refreshing native plugins compatible for Editor in 2.21 ms, found 4 plugins.
Preloading 0 native plugins for Editor in 0.00 ms.
Unloading 4701 Unused Serialized files (Serialized files now loaded: 0)
Unloading 61 unused Assets / (195.9 KB). Loaded Objects now: 5340.
Memory consumption went from 179.4 MB to 179.2 MB.
Total: 2.592000 ms (FindLiveObjects: 0.200900 ms CreateObjectMapping: 0.090100 ms MarkObjects: 2.195800 ms  DeleteObjects: 0.104400 ms)

AssetImportParameters requested are different than current active one (requested -> active):
  custom:video-decoder-ogg-theora: a1e56fd34408186e4bbccfd4996cb3dc -> 
  custom:container-muxer-webm: aa71ff27fc2769a1b78a27578f13a17b -> 
  custom:container-demuxer-webm: 4f35f7cbe854078d1ac9338744f61a02 -> 
  custom:video-encoder-webm-vp8: eb34c28f22e8b96e1ab97ce403110664 -> 
  custom:audio-encoder-webm-vorbis: bf7c407c2cedff20999df2af8eb42d56 -> 
  custom:framework-win-MediaFoundation: 216162199b28c13a410421893ffa2e32 -> 
  custom:container-demuxer-ogg: 62fdf1f143b41e24485cea50d1cbac27 -> 
  custom:video-decoder-webm-vp8: 9c59270c3fd7afecdb556c50c9e8de78 -> 
  custom:audio-decoder-ogg-vorbis: bf7c407c2cedff20999df2af8eb42d56 -> 
========================================================================
Received Prepare
Registering precompiled user dll's ...
Registered in 0.004173 seconds.
Begin MonoManager ReloadAssembly
Symbol file LoadedFromMemory doesn't match image E:\UNIAT\Unity\MotoresGraficosIII\Parcial_1\TheLastSurvivor\Library\PackageCache\com.unity.visualscripting@1.7.6\Editor\VisualScripting.Core\Dependencies\DotNetZip\Unity.VisualScripting.IonicZip.dll
Symbol file LoadedFromMemory doesn't match image E:\UNIAT\Unity\MotoresGraficosIII\Parcial_1\TheLastSurvivor\Library\PackageCache\com.unity.visualscripting@1.7.6\Editor\VisualScripting.Core\Dependencies\YamlDotNet\Unity.VisualScripting.YamlDotNet.dll
Native extension for WindowsStandalone target not found
Native extension for iOS target not found
Native extension for Android target not found
Native extension for WebGL target not found
Refreshing native plugins compatible for Editor in 0.64 ms, found 4 plugins.
Preloading 0 native plugins for Editor in 0.00 ms.
Mono: successfully reloaded assembly
- Completed reload, in  0.685 seconds
Domain Reload Profiling:
	ReloadAssembly (685ms)
		BeginReloadAssembly (85ms)
			ExecutionOrderSort (0ms)
			DisableScriptedObjects (4ms)
			BackupInstance (0ms)
			ReleaseScriptingObjects (0ms)
			CreateAndSetChildDomain (22ms)
		EndReloadAssembly (537ms)
			LoadAssemblies (56ms)
			RebuildTransferFunctionScriptingTraits (0ms)
			SetupTypeCache (136ms)
			ReleaseScriptCaches (1ms)
			RebuildScriptCaches (26ms)
			SetupLoadedEditorAssemblies (291ms)
				LogAssemblyErrors (0ms)
				InitializePlatformSupportModulesInManaged (21ms)
				SetLoadedEditorAssemblies (0ms)
				RefreshPlugins (1ms)
				BeforeProcessingInitializeOnLoad (93ms)
				ProcessInitializeOnLoadAttributes (147ms)
				ProcessInitializeOnLoadMethodAttributes (21ms)
				AfterProcessingInitializeOnLoad (7ms)
				EditorAssembliesLoaded (0ms)
			ExecutionOrderSort2 (0ms)
			AwakeInstancesAfterBackupRestoration (5ms)
Platform modules already initialized, skipping
Refreshing native plugins compatible for Editor in 2.28 ms, found 4 plugins.
Preloading 0 native plugins for Editor in 0.00 ms.
Unloading 4701 Unused Serialized files (Serialized files now loaded: 0)
Unloading 61 unused Assets / (193.8 KB). Loaded Objects now: 5343.
Memory consumption went from 179.5 MB to 179.3 MB.
Total: 2.302900 ms (FindLiveObjects: 0.205700 ms CreateObjectMapping: 0.092800 ms MarkObjects: 1.901600 ms  DeleteObjects: 0.101900 ms)

AssetImportParameters requested are different than current active one (requested -> active):
  custom:video-decoder-ogg-theora: a1e56fd34408186e4bbccfd4996cb3dc -> 
  custom:container-muxer-webm: aa71ff27fc2769a1b78a27578f13a17b -> 
  custom:container-demuxer-webm: 4f35f7cbe854078d1ac9338744f61a02 -> 
  custom:video-encoder-webm-vp8: eb34c28f22e8b96e1ab97ce403110664 -> 
  custom:audio-encoder-webm-vorbis: bf7c407c2cedff20999df2af8eb42d56 -> 
  custom:framework-win-MediaFoundation: 216162199b28c13a410421893ffa2e32 -> 
  custom:container-demuxer-ogg: 62fdf1f143b41e24485cea50d1cbac27 -> 
  custom:video-decoder-webm-vp8: 9c59270c3fd7afecdb556c50c9e8de78 -> 
  custom:audio-decoder-ogg-vorbis: bf7c407c2cedff20999df2af8eb42d56 -> 
========================================================================
Received Prepare
Registering precompiled user dll's ...
Registered in 0.004114 seconds.
Begin MonoManager ReloadAssembly
Symbol file LoadedFromMemory doesn't match image E:\UNIAT\Unity\MotoresGraficosIII\Parcial_1\TheLastSurvivor\Library\PackageCache\com.unity.visualscripting@1.7.6\Editor\VisualScripting.Core\Dependencies\DotNetZip\Unity.VisualScripting.IonicZip.dll
Symbol file LoadedFromMemory doesn't match image E:\UNIAT\Unity\MotoresGraficosIII\Parcial_1\TheLastSurvivor\Library\PackageCache\com.unity.visualscripting@1.7.6\Editor\VisualScripting.Core\Dependencies\YamlDotNet\Unity.VisualScripting.YamlDotNet.dll
Native extension for WindowsStandalone target not found
Native extension for iOS target not found
Native extension for Android target not found
Native extension for WebGL target not found
Refreshing native plugins compatible for Editor in 0.64 ms, found 4 plugins.
Preloading 0 native plugins for Editor in 0.00 ms.
Mono: successfully reloaded assembly
- Completed reload, in  0.692 seconds
Domain Reload Profiling:
	ReloadAssembly (693ms)
		BeginReloadAssembly (81ms)
			ExecutionOrderSort (0ms)
			DisableScriptedObjects (4ms)
			BackupInstance (0ms)
			ReleaseScriptingObjects (0ms)
			CreateAndSetChildDomain (19ms)
		EndReloadAssembly (553ms)
			LoadAssemblies (53ms)
			RebuildTransferFunctionScriptingTraits (0ms)
			SetupTypeCache (135ms)
			ReleaseScriptCaches (1ms)
			RebuildScriptCaches (25ms)
			SetupLoadedEditorAssemblies (307ms)
				LogAssemblyErrors (0ms)
				InitializePlatformSupportModulesInManaged (22ms)
				SetLoadedEditorAssemblies (0ms)
				RefreshPlugins (1ms)
				BeforeProcessingInitializeOnLoad (96ms)
				ProcessInitializeOnLoadAttributes (154ms)
				ProcessInitializeOnLoadMethodAttributes (27ms)
				AfterProcessingInitializeOnLoad (8ms)
				EditorAssembliesLoaded (0ms)
			ExecutionOrderSort2 (0ms)
			AwakeInstancesAfterBackupRestoration (6ms)
Platform modules already initialized, skipping
Refreshing native plugins compatible for Editor in 2.10 ms, found 4 plugins.
Preloading 0 native plugins for Editor in 0.00 ms.
Unloading 4701 Unused Serialized files (Serialized files now loaded: 0)
Unloading 61 unused Assets / (194.0 KB). Loaded Objects now: 5346.
Memory consumption went from 179.5 MB to 179.3 MB.
Total: 2.349000 ms (FindLiveObjects: 0.191300 ms CreateObjectMapping: 0.093800 ms MarkObjects: 1.963100 ms  DeleteObjects: 0.100000 ms)

AssetImportParameters requested are different than current active one (requested -> active):
  custom:video-decoder-ogg-theora: a1e56fd34408186e4bbccfd4996cb3dc -> 
  custom:container-muxer-webm: aa71ff27fc2769a1b78a27578f13a17b -> 
  custom:container-demuxer-webm: 4f35f7cbe854078d1ac9338744f61a02 -> 
  custom:video-encoder-webm-vp8: eb34c28f22e8b96e1ab97ce403110664 -> 
  custom:audio-encoder-webm-vorbis: bf7c407c2cedff20999df2af8eb42d56 -> 
  custom:framework-win-MediaFoundation: 216162199b28c13a410421893ffa2e32 -> 
  custom:container-demuxer-ogg: 62fdf1f143b41e24485cea50d1cbac27 -> 
  custom:video-decoder-webm-vp8: 9c59270c3fd7afecdb556c50c9e8de78 -> 
  custom:audio-decoder-ogg-vorbis: bf7c407c2cedff20999df2af8eb42d56 -> 
========================================================================
Received Prepare
Registering precompiled user dll's ...
Registered in 0.004022 seconds.
Begin MonoManager ReloadAssembly
Symbol file LoadedFromMemory doesn't match image E:\UNIAT\Unity\MotoresGraficosIII\Parcial_1\TheLastSurvivor\Library\PackageCache\com.unity.visualscripting@1.7.6\Editor\VisualScripting.Core\Dependencies\DotNetZip\Unity.VisualScripting.IonicZip.dll
Symbol file LoadedFromMemory doesn't match image E:\UNIAT\Unity\MotoresGraficosIII\Parcial_1\TheLastSurvivor\Library\PackageCache\com.unity.visualscripting@1.7.6\Editor\VisualScripting.Core\Dependencies\YamlDotNet\Unity.VisualScripting.YamlDotNet.dll
Native extension for WindowsStandalone target not found
Native extension for iOS target not found
Native extension for Android target not found
Native extension for WebGL target not found
Refreshing native plugins compatible for Editor in 0.63 ms, found 4 plugins.
Preloading 0 native plugins for Editor in 0.00 ms.
Mono: successfully reloaded assembly
- Completed reload, in  0.688 seconds
Domain Reload Profiling:
	ReloadAssembly (689ms)
		BeginReloadAssembly (84ms)
			ExecutionOrderSort (0ms)
			DisableScriptedObjects (4ms)
			BackupInstance (0ms)
			ReleaseScriptingObjects (0ms)
			CreateAndSetChildDomain (20ms)
		EndReloadAssembly (544ms)
			LoadAssemblies (59ms)
			RebuildTransferFunctionScriptingTraits (0ms)
			SetupTypeCache (139ms)
			ReleaseScriptCaches (1ms)
			RebuildScriptCaches (26ms)
			SetupLoadedEditorAssemblies (294ms)
				LogAssemblyErrors (0ms)
				InitializePlatformSupportModulesInManaged (22ms)
				SetLoadedEditorAssemblies (0ms)
				RefreshPlugins (1ms)
				BeforeProcessingInitializeOnLoad (93ms)
				ProcessInitializeOnLoadAttributes (145ms)
				ProcessInitializeOnLoadMethodAttributes (25ms)
				AfterProcessingInitializeOnLoad (7ms)
				EditorAssembliesLoaded (0ms)
			ExecutionOrderSort2 (0ms)
			AwakeInstancesAfterBackupRestoration (5ms)
Platform modules already initialized, skipping
Refreshing native plugins compatible for Editor in 2.37 ms, found 4 plugins.
Preloading 0 native plugins for Editor in 0.00 ms.
Unloading 4701 Unused Serialized files (Serialized files now loaded: 0)
Unloading 61 unused Assets / (194.0 KB). Loaded Objects now: 5349.
Memory consumption went from 179.5 MB to 179.3 MB.
Total: 2.395100 ms (FindLiveObjects: 0.196000 ms CreateObjectMapping: 0.098800 ms MarkObjects: 1.995500 ms  DeleteObjects: 0.103900 ms)

AssetImportParameters requested are different than current active one (requested -> active):
  custom:video-decoder-ogg-theora: a1e56fd34408186e4bbccfd4996cb3dc -> 
  custom:container-muxer-webm: aa71ff27fc2769a1b78a27578f13a17b -> 
  custom:container-demuxer-webm: 4f35f7cbe854078d1ac9338744f61a02 -> 
  custom:video-encoder-webm-vp8: eb34c28f22e8b96e1ab97ce403110664 -> 
  custom:audio-encoder-webm-vorbis: bf7c407c2cedff20999df2af8eb42d56 -> 
  custom:framework-win-MediaFoundation: 216162199b28c13a410421893ffa2e32 -> 
  custom:container-demuxer-ogg: 62fdf1f143b41e24485cea50d1cbac27 -> 
  custom:video-decoder-webm-vp8: 9c59270c3fd7afecdb556c50c9e8de78 -> 
  custom:audio-decoder-ogg-vorbis: bf7c407c2cedff20999df2af8eb42d56 -> 
========================================================================
Received Prepare
Registering precompiled user dll's ...
Registered in 0.004127 seconds.
Begin MonoManager ReloadAssembly
Symbol file LoadedFromMemory doesn't match image E:\UNIAT\Unity\MotoresGraficosIII\Parcial_1\TheLastSurvivor\Library\PackageCache\com.unity.visualscripting@1.7.6\Editor\VisualScripting.Core\Dependencies\DotNetZip\Unity.VisualScripting.IonicZip.dll
Symbol file LoadedFromMemory doesn't match image E:\UNIAT\Unity\MotoresGraficosIII\Parcial_1\TheLastSurvivor\Library\PackageCache\com.unity.visualscripting@1.7.6\Editor\VisualScripting.Core\Dependencies\YamlDotNet\Unity.VisualScripting.YamlDotNet.dll
Native extension for WindowsStandalone target not found
Native extension for iOS target not found
Native extension for Android target not found
Native extension for WebGL target not found
Refreshing native plugins compatible for Editor in 0.61 ms, found 4 plugins.
Preloading 0 native plugins for Editor in 0.00 ms.
Mono: successfully reloaded assembly
- Completed reload, in  0.702 seconds
Domain Reload Profiling:
	ReloadAssembly (702ms)
		BeginReloadAssembly (86ms)
			ExecutionOrderSort (0ms)
			DisableScriptedObjects (4ms)
			BackupInstance (0ms)
			ReleaseScriptingObjects (0ms)
			CreateAndSetChildDomain (21ms)
		EndReloadAssembly (555ms)
			LoadAssemblies (60ms)
			RebuildTransferFunctionScriptingTraits (0ms)
			SetupTypeCache (137ms)
			ReleaseScriptCaches (1ms)
			RebuildScriptCaches (29ms)
			SetupLoadedEditorAssemblies (299ms)
				LogAssemblyErrors (0ms)
				InitializePlatformSupportModulesInManaged (21ms)
				SetLoadedEditorAssemblies (0ms)
				RefreshPlugins (1ms)
				BeforeProcessingInitializeOnLoad (102ms)
				ProcessInitializeOnLoadAttributes (147ms)
				ProcessInitializeOnLoadMethodAttributes (21ms)
				AfterProcessingInitializeOnLoad (7ms)
				EditorAssembliesLoaded (0ms)
			ExecutionOrderSort2 (0ms)
			AwakeInstancesAfterBackupRestoration (5ms)
Platform modules already initialized, skipping
Refreshing native plugins compatible for Editor in 2.15 ms, found 4 plugins.
Preloading 0 native plugins for Editor in 0.00 ms.
Unloading 4701 Unused Serialized files (Serialized files now loaded: 0)
Unloading 61 unused Assets / (194.0 KB). Loaded Objects now: 5352.
Memory consumption went from 179.5 MB to 179.3 MB.
Total: 2.482200 ms (FindLiveObjects: 0.202900 ms CreateObjectMapping: 0.096800 ms MarkObjects: 2.084300 ms  DeleteObjects: 0.097500 ms)

AssetImportParameters requested are different than current active one (requested -> active):
  custom:video-decoder-ogg-theora: a1e56fd34408186e4bbccfd4996cb3dc -> 
  custom:container-muxer-webm: aa71ff27fc2769a1b78a27578f13a17b -> 
  custom:container-demuxer-webm: 4f35f7cbe854078d1ac9338744f61a02 -> 
  custom:video-encoder-webm-vp8: eb34c28f22e8b96e1ab97ce403110664 -> 
  custom:audio-encoder-webm-vorbis: bf7c407c2cedff20999df2af8eb42d56 -> 
  custom:framework-win-MediaFoundation: 216162199b28c13a410421893ffa2e32 -> 
  custom:container-demuxer-ogg: 62fdf1f143b41e24485cea50d1cbac27 -> 
  custom:video-decoder-webm-vp8: 9c59270c3fd7afecdb556c50c9e8de78 -> 
  custom:audio-decoder-ogg-vorbis: bf7c407c2cedff20999df2af8eb42d56 -> 
========================================================================
Received Import Request.
  Time since last request: 987.452549 seconds.
  path: Assets/Scenes/Game.unity
  artifactKey: Guid(2cda990e2423bbf4892e6590ba056729) Importer(815301076,1909f56bfc062723c751e8b465ee728b)
Start importing Assets/Scenes/Game.unity using Guid(2cda990e2423bbf4892e6590ba056729) Importer(815301076,1909f56bfc062723c751e8b465ee728b)  -> (artifact id: 'db1ef328b03912071b30e81d7d3a095f') in 0.006784 seconds 
========================================================================
Received Prepare
Refreshing native plugins compatible for Editor in 6.26 ms, found 4 plugins.
Preloading 0 native plugins for Editor in 0.00 ms.
Unloading 61 Unused Serialized files (Serialized files now loaded: 0)
Unloading 61 unused Assets / (191.2 KB). Loaded Objects now: 5352.
Memory consumption went from 86.7 MB to 86.6 MB.
Total: 3.125500 ms (FindLiveObjects: 0.235900 ms CreateObjectMapping: 0.095400 ms MarkObjects: 2.694500 ms  DeleteObjects: 0.098800 ms)

AssetImportParameters requested are different than current active one (requested -> active):
  custom:video-decoder-ogg-theora: a1e56fd34408186e4bbccfd4996cb3dc -> 
  custom:container-muxer-webm: aa71ff27fc2769a1b78a27578f13a17b -> 
  custom:container-demuxer-webm: 4f35f7cbe854078d1ac9338744f61a02 -> 
  custom:video-encoder-webm-vp8: eb34c28f22e8b96e1ab97ce403110664 -> 
  custom:audio-encoder-webm-vorbis: bf7c407c2cedff20999df2af8eb42d56 -> 
  custom:framework-win-MediaFoundation: 216162199b28c13a410421893ffa2e32 -> 
  custom:container-demuxer-ogg: 62fdf1f143b41e24485cea50d1cbac27 -> 
  custom:video-decoder-webm-vp8: 9c59270c3fd7afecdb556c50c9e8de78 -> 
  custom:audio-decoder-ogg-vorbis: bf7c407c2cedff20999df2af8eb42d56 -> 
========================================================================
Received Import Request.
  Time since last request: 530.834434 seconds.
  path: Assets/Scenes/TutorialMobile.unity
  artifactKey: Guid(418efd214f618fb4aa051607d2be966b) Importer(815301076,1909f56bfc062723c751e8b465ee728b)
Start importing Assets/Scenes/TutorialMobile.unity using Guid(418efd214f618fb4aa051607d2be966b) Importer(815301076,1909f56bfc062723c751e8b465ee728b)  -> (artifact id: '38d691628aeef0cbb81bc03b32c58e29') in 0.003247 seconds 
========================================================================
Received Import Request.
  Time since last request: 97.562276 seconds.
  path: Assets/Scenes/Win.unity
  artifactKey: Guid(dca987178dace354586d3659ff5d09e8) Importer(815301076,1909f56bfc062723c751e8b465ee728b)
Start importing Assets/Scenes/Win.unity using Guid(dca987178dace354586d3659ff5d09e8) Importer(815301076,1909f56bfc062723c751e8b465ee728b)  -> (artifact id: 'baefc7ef9643c830d7471043ea2fb24a') in 0.005276 seconds 
========================================================================
Received Import Request.
  Time since last request: 6.788107 seconds.
  path: Assets/_Prefabs/MobileUICanvas.prefab
  artifactKey: Guid(bfbdae04f0e174143adf7b23ebecd94d) Importer(815301076,1909f56bfc062723c751e8b465ee728b)
Start importing Assets/_Prefabs/MobileUICanvas.prefab using Guid(bfbdae04f0e174143adf7b23ebecd94d) Importer(815301076,1909f56bfc062723c751e8b465ee728b)  -> (artifact id: '6ab54795bab4594c681e3aee0a0b3f70') in 0.072125 seconds 
========================================================================
Received Import Request.
  Time since last request: 4260.648226 seconds.
  path: Assets/Scenes/Game.unity
  artifactKey: Guid(2cda990e2423bbf4892e6590ba056729) Importer(815301076,1909f56bfc062723c751e8b465ee728b)
Start importing Assets/Scenes/Game.unity using Guid(2cda990e2423bbf4892e6590ba056729) Importer(815301076,1909f56bfc062723c751e8b465ee728b)  -> (artifact id: 'f013c6087d1a683da1efa109164de53d') in 0.003683 seconds 
========================================================================
Received Prepare
Refreshing native plugins compatible for Editor in 6.38 ms, found 4 plugins.
Preloading 0 native plugins for Editor in 0.00 ms.
Unloading 61 Unused Serialized files (Serialized files now loaded: 0)
Unloading 61 unused Assets / (191.1 KB). Loaded Objects now: 5353.
Memory consumption went from 87.2 MB to 87.0 MB.
Total: 3.784300 ms (FindLiveObjects: 0.270300 ms CreateObjectMapping: 0.107400 ms MarkObjects: 3.306900 ms  DeleteObjects: 0.098900 ms)

AssetImportParameters requested are different than current active one (requested -> active):
  custom:video-decoder-ogg-theora: a1e56fd34408186e4bbccfd4996cb3dc -> 
  custom:container-muxer-webm: aa71ff27fc2769a1b78a27578f13a17b -> 
  custom:container-demuxer-webm: 4f35f7cbe854078d1ac9338744f61a02 -> 
  custom:video-encoder-webm-vp8: eb34c28f22e8b96e1ab97ce403110664 -> 
  custom:audio-encoder-webm-vorbis: bf7c407c2cedff20999df2af8eb42d56 -> 
  custom:framework-win-MediaFoundation: 216162199b28c13a410421893ffa2e32 -> 
  custom:container-demuxer-ogg: 62fdf1f143b41e24485cea50d1cbac27 -> 
  custom:video-decoder-webm-vp8: 9c59270c3fd7afecdb556c50c9e8de78 -> 
  custom:audio-decoder-ogg-vorbis: bf7c407c2cedff20999df2af8eb42d56 -> 
========================================================================
Received Prepare
Refreshing native plugins compatible for Editor in 5.99 ms, found 4 plugins.
Preloading 0 native plugins for Editor in 0.00 ms.
Unloading 61 Unused Serialized files (Serialized files now loaded: 0)
Unloading 61 unused Assets / (191.4 KB). Loaded Objects now: 5353.
Memory consumption went from 87.2 MB to 87.0 MB.
Total: 3.418300 ms (FindLiveObjects: 0.223100 ms CreateObjectMapping: 0.104500 ms MarkObjects: 2.995800 ms  DeleteObjects: 0.094300 ms)

AssetImportParameters requested are different than current active one (requested -> active):
  custom:video-decoder-ogg-theora: a1e56fd34408186e4bbccfd4996cb3dc -> 
  custom:container-muxer-webm: aa71ff27fc2769a1b78a27578f13a17b -> 
  custom:container-demuxer-webm: 4f35f7cbe854078d1ac9338744f61a02 -> 
  custom:video-encoder-webm-vp8: eb34c28f22e8b96e1ab97ce403110664 -> 
  custom:audio-encoder-webm-vorbis: bf7c407c2cedff20999df2af8eb42d56 -> 
  custom:framework-win-MediaFoundation: 216162199b28c13a410421893ffa2e32 -> 
  custom:container-demuxer-ogg: 62fdf1f143b41e24485cea50d1cbac27 -> 
  custom:video-decoder-webm-vp8: 9c59270c3fd7afecdb556c50c9e8de78 -> 
  custom:audio-decoder-ogg-vorbis: bf7c407c2cedff20999df2af8eb42d56 -> 
========================================================================
Received Import Request.
  Time since last request: 706.959876 seconds.
  path: Assets/_Prefabs/PauseCanvas.prefab
  artifactKey: Guid(1862537fbf6f7914880fb5da56dc6df1) Importer(815301076,1909f56bfc062723c751e8b465ee728b)
Start importing Assets/_Prefabs/PauseCanvas.prefab using Guid(1862537fbf6f7914880fb5da56dc6df1) Importer(815301076,1909f56bfc062723c751e8b465ee728b)  -> (artifact id: 'b88234ca9f426d4aa4e3949c162fc31e') in 0.068314 seconds 
========================================================================
Received Import Request.
  Time since last request: 170.435658 seconds.
  path: Assets/Scenes/Game.unity
  artifactKey: Guid(2cda990e2423bbf4892e6590ba056729) Importer(815301076,1909f56bfc062723c751e8b465ee728b)
Start importing Assets/Scenes/Game.unity using Guid(2cda990e2423bbf4892e6590ba056729) Importer(815301076,1909f56bfc062723c751e8b465ee728b)  -> (artifact id: 'fbe0c59cc6cdb4803932f851b942108f') in 0.003098 seconds 
========================================================================
Received Import Request.
  Time since last request: 160.231001 seconds.
  path: Packages/com.unity.services.core/Editor/Core/UiHelpers/UXML/AccessTokenError.uxml
  artifactKey: Guid(9bbe9fb6e9537684cac89a4e82cf3d63) Importer(815301076,1909f56bfc062723c751e8b465ee728b)
Start importing Packages/com.unity.services.core/Editor/Core/UiHelpers/UXML/AccessTokenError.uxml using Guid(9bbe9fb6e9537684cac89a4e82cf3d63) Importer(815301076,1909f56bfc062723c751e8b465ee728b)  -> (artifact id: 'bda8d13c388491e806223e61b34fd349') in 0.333726 seconds 
========================================================================
Received Import Request.
  Time since last request: 0.000017 seconds.
  path: Packages/com.unity.inputsystem/InputSystem/Editor/AssetEditor/Resources/personal/actionTreeBackgroundWithoutBorder.png
  artifactKey: Guid(cf632ed80bf1f46c980de6b1b8b903ef) Importer(815301076,1909f56bfc062723c751e8b465ee728b)
Start importing Packages/com.unity.inputsystem/InputSystem/Editor/AssetEditor/Resources/personal/actionTreeBackgroundWithoutBorder.png using Guid(cf632ed80bf1f46c980de6b1b8b903ef) Importer(815301076,1909f56bfc062723c751e8b465ee728b)  -> (artifact id: '6c087eeb7695b06fc33a992d4a15503b') in 0.040999 seconds 
========================================================================
Received Import Request.
  Time since last request: 9.032848 seconds.
  path: Packages/com.unity.collab-proxy/Editor/Collaborate/Assets/Styles/FloatingMenu.uss
  artifactKey: Guid(04ac82a2c43d10f4790e0c720502e3bf) Importer(815301076,1909f56bfc062723c751e8b465ee728b)
Start importing Packages/com.unity.collab-proxy/Editor/Collaborate/Assets/Styles/FloatingMenu.uss using Guid(04ac82a2c43d10f4790e0c720502e3bf) Importer(815301076,1909f56bfc062723c751e8b465ee728b)  -> (artifact id: 'eb7cfd4af9b7caeb882ac730a25b501f') in 0.189621 seconds 
========================================================================
Received Import Request.
  Time since last request: 0.000017 seconds.
  path: Packages/com.unity.collab-proxy/Editor/Collaborate/Assets/Layouts/BaseChangeListElement.uxml
  artifactKey: Guid(bef3e204cca87f74199fb125d726b453) Importer(815301076,1909f56bfc062723c751e8b465ee728b)
Start importing Packages/com.unity.collab-proxy/Editor/Collaborate/Assets/Layouts/BaseChangeListElement.uxml using Guid(bef3e204cca87f74199fb125d726b453) Importer(815301076,1909f56bfc062723c751e8b465ee728b)  -> (artifact id: '69058584b1f0282162078c121f527107') in 0.501109 seconds 
========================================================================
Received Import Request.
  Time since last request: 0.000023 seconds.
  path: Packages/com.unity.adaptiveperformance/Editor/Profiler/AdaptivePerformanceScalerElement.uss
  artifactKey: Guid(d2c78a89425a8431a80fd28ab5e43a7a) Importer(815301076,1909f56bfc062723c751e8b465ee728b)
Start importing Packages/com.unity.adaptiveperformance/Editor/Profiler/AdaptivePerformanceScalerElement.uss using Guid(d2c78a89425a8431a80fd28ab5e43a7a) Importer(815301076,1909f56bfc062723c751e8b465ee728b)  -> (artifact id: 'e63fd582e6147ad7c4e9313249d8f8eb') in 0.864136 seconds 
========================================================================
Received Import Request.
  Time since last request: 2.344679 seconds.
  path: Packages/com.unity.adaptiveperformance/Editor/Profiler/AdaptivePerformanceDetailsView.uxml
  artifactKey: Guid(c2851e53f41bb4d58acd2a56ee33d7a1) Importer(815301076,1909f56bfc062723c751e8b465ee728b)
Start importing Packages/com.unity.adaptiveperformance/Editor/Profiler/AdaptivePerformanceDetailsView.uxml using Guid(c2851e53f41bb4d58acd2a56ee33d7a1) Importer(815301076,1909f56bfc062723c751e8b465ee728b)  -> (artifact id: '80dc54ed91743098eec7f61b8d99e63f') in 0.627396 seconds 
========================================================================
Received Import Request.
  Time since last request: 0.000018 seconds.
  path: Packages/com.unity.adaptiveperformance.google.android/Editor/DeviceSimulator/AdaptivePerformanceExtension.uss
  artifactKey: Guid(59f0193278cb14856bc7e563d0cfca99) Importer(815301076,1909f56bfc062723c751e8b465ee728b)
Start importing Packages/com.unity.adaptiveperformance.google.android/Editor/DeviceSimulator/AdaptivePerformanceExtension.uss using Guid(59f0193278cb14856bc7e563d0cfca99) Importer(815301076,1909f56bfc062723c751e8b465ee728b)  -> (artifact id: '72679f533848f8202bc921a2ac0d283c') in 0.003279 seconds 
========================================================================
Received Import Request.
  Time since last request: 0.000020 seconds.
  path: Packages/com.unity.adaptiveperformance.google.android/Editor/DeviceSimulator/AdaptivePerformanceExtension.uxml
  artifactKey: Guid(d61c61c1dcfb848f8971e4dfedcbed51) Importer(815301076,1909f56bfc062723c751e8b465ee728b)
Start importing Packages/com.unity.adaptiveperformance.google.android/Editor/DeviceSimulator/AdaptivePerformanceExtension.uxml using Guid(d61c61c1dcfb848f8971e4dfedcbed51) Importer(815301076,1909f56bfc062723c751e8b465ee728b)  -> (artifact id: '848eb60572530e095c7bfea222945b76') in 0.037422 seconds 
Editor requested this worker to shutdown with reason: Scaling down because of idle timeout
AssetImportWorker is now disconnected from the server
Process exiting
Exiting without the bug reporter. Application will terminate with return code 0